Province Name,Year,URL
East Azerbaijan,1345,https://amar.org.ir/salnameh-amari/agentType/ViewSearch/CustomFieldIDs/65/SearchValues/1345/PropertyTypeID/616
East Azerbaijan,1346,https://amar.org.ir/salnameh-amari/agentType/ViewSearch/CustomFieldIDs/65/SearchValues/1346/PropertyTypeID/616
East Azerbaijan,1347,https://amar.org.ir/salnameh-amari/agentType/ViewSearch/CustomFieldIDs/65/SearchValues/1347/PropertyTypeID/616
East Azerbaijan,1348,https://amar.org.ir/salnameh-amari/agentType/ViewSearch/CustomFieldIDs/65/SearchValues/1348/PropertyTypeID/616
East Azerbaijan,1349,https://amar.org.ir/salnameh-amari/agentType/ViewSearch/CustomFieldIDs/65/SearchValues/1349/PropertyTypeID/616
East Azerbaijan,1350,https://amar.org.ir/salnameh-amari/agentType/ViewSearch/CustomFieldIDs/65/SearchValues/1350/PropertyTypeID/616
East Azerbaijan,1351,https://amar.org.ir/salnameh-amari/agentType/ViewSearch/CustomFieldIDs/65/SearchValues/1351/PropertyTypeID/616
East Azerbaijan,1352,https://amar.org.ir/salnameh-amari/agentType/ViewSearch/CustomFieldIDs/65/SearchValues/1352/PropertyTypeID/616
East Azerbaijan,1353,https://amar.org.ir/salnameh-amari/agentType/ViewSearch/CustomFieldIDs/65/SearchValues/1353/PropertyTypeID/616
East Azerbaijan,1354,https://amar.org.ir/salnameh-amari/agentType/ViewSearch/CustomFieldIDs/65/SearchValues/1354/PropertyTypeID/616
East Azerbaijan,1355,https://amar.org.ir/salnameh-amari/agentType/ViewSearch/CustomFieldIDs/65/SearchValues/1355/PropertyTypeID/616
East Azerbaijan,1356,https://amar.org.ir/salnameh-amari/agentType/ViewSearch/CustomFieldIDs/65/SearchValues/1356/PropertyTypeID/616
East Azerbaijan,1357,https://amar.org.ir/salnameh-amari/agentType/ViewSearch/CustomFieldIDs/65/SearchValues/1357/PropertyTypeID/616
East Azerbaijan,1358,https://amar.org.ir/salnameh-amari/agentType/ViewSearch/CustomFieldIDs/65/SearchValues/1358/PropertyTypeID/616
East Azerbaijan,1359,https://amar.org.ir/salnameh-amari/agentType/ViewSearch/CustomFieldIDs/65/SearchValues/1359/PropertyTypeID/616
East Azerbaijan,1360,https://amar.org.ir/salnameh-amari/agentType/ViewSearch/CustomFieldIDs/65/SearchValues/1360/PropertyTypeID/616
East Azerbaijan,1361,https://amar.org.ir/salnameh-amari/agentType/ViewSearch/CustomFieldIDs/65/SearchValues/1361/PropertyTypeID/616
East Azerbaijan,1362,https://amar.org.ir/salnameh-amari/agentType/ViewSearch/CustomFieldIDs/65/SearchValues/1362/PropertyTypeID/616
East Azerbaijan,1363,https://amar.org.ir/salnameh-amari/agentType/ViewSearch/CustomFieldIDs/65/SearchValues/1363/PropertyTypeID/616
East Azerbaijan,1364,https://amar.org.ir/salnameh-amari/agentType/ViewSearch/CustomFieldIDs/65/SearchValues/1364/PropertyTypeID/616
East Azerbaijan,1365,https://amar.org.ir/salnameh-amari/agentType/ViewSearch/CustomFieldIDs/65/SearchValues/1365/PropertyTypeID/616
East Azerbaijan,1366,https://amar.org.ir/salnameh-amari/agentType/ViewSearch/CustomFieldIDs/65/SearchValues/1366/PropertyTypeID/616
East Azerbaijan,1367,https://amar.org.ir/salnameh-amari/agentType/ViewSearch/CustomFieldIDs/65/SearchValues/1367/PropertyTypeID/616
East Azerbaijan,1368,https://amar.org.ir/salnameh-amari/agentType/ViewSearch/CustomFieldIDs/65/SearchValues/1368/PropertyTypeID/616
East Azerbaijan,1369,https://amar.org.ir/salnameh-amari/agentType/ViewSearch/CustomFieldIDs/65/SearchValues/1369/PropertyTypeID/616
East Azerbaijan,1370,https://amar.org.ir/salnameh-amari/agentType/ViewSearch/CustomFieldIDs/65/SearchValues/1370/PropertyTypeID/616
East Azerbaijan,1371,https://amar.org.ir/salnameh-amari/agentType/ViewSearch/CustomFieldIDs/65/SearchValues/1371/PropertyTypeID/616
East Azerbaijan,1372,https://amar.org.ir/salnameh-amari/agentType/ViewSearch/CustomFieldIDs/65/SearchValues/1372/PropertyTypeID/616
East Azerbaijan,1373,https://amar.org.ir/salnameh-amari/agentType/ViewSearch/CustomFieldIDs/65/SearchValues/1373/PropertyTypeID/616
East Azerbaijan,1374,https://amar.org.ir/salnameh-amari/agentType/ViewSearch/CustomFieldIDs/65/SearchValues/1374/PropertyTypeID/616
East Azerbaijan,1375,https://amar.org.ir/salnameh-amari/agentType/ViewSearch/CustomFieldIDs/65/SearchValues/1375/PropertyTypeID/616
East Azerbaijan,1376,https://amar.org.ir/salnameh-amari/agentType/ViewSearch/CustomFieldIDs/65/SearchValues/1376/PropertyTypeID/616
East Azerbaijan,1377,https://amar.org.ir/salnameh-amari/agentType/ViewSearch/CustomFieldIDs/65/SearchValues/1377/PropertyTypeID/616
East Azerbaijan,1378,https://amar.org.ir/salnameh-amari/agentType/ViewSearch/CustomFieldIDs/65/SearchValues/1378/PropertyTypeID/616
East Azerbaijan,1379,https://amar.org.ir/salnameh-amari/agentType/ViewSearch/CustomFieldIDs/65/SearchValues/1379/PropertyTypeID/616
East Azerbaijan,1380,https://amar.org.ir/salnameh-amari/agentType/ViewSearch/CustomFieldIDs/65/SearchValues/1380/PropertyTypeID/616
East Azerbaijan,1381,https://amar.org.ir/salnameh-amari/agentType/ViewSearch/CustomFieldIDs/65/SearchValues/1381/PropertyTypeID/616
East Azerbaijan,1382,https://amar.org.ir/salnameh-amari/agentType/ViewSearch/CustomFieldIDs/65/SearchValues/1382/PropertyTypeID/616
East Azerbaijan,1383,https://amar.org.ir/salnameh-amari/agentType/ViewSearch/CustomFieldIDs/65/SearchValues/1383/PropertyTypeID/616
East Azerbaijan,1384,https://amar.org.ir/salnameh-amari/agentType/ViewSearch/CustomFieldIDs/65/SearchValues/1384/PropertyTypeID/616
East Azerbaijan,1385,https://amar.org.ir/salnameh-amari/agentType/ViewSearch/CustomFieldIDs/65/SearchValues/1385/PropertyTypeID/616
East Azerbaijan,1386,https://amar.org.ir/salnameh-amari/agentType/ViewSearch/CustomFieldIDs/65/SearchValues/1386/PropertyTypeID/616
East Azerbaijan,1387,https://amar.org.ir/salnameh-amari/agentType/ViewSearch/CustomFieldIDs/65/SearchValues/1387/PropertyTypeID/616
East Azerbaijan,1388,https://amar.org.ir/salnameh-amari/agentType/ViewSearch/CustomFieldIDs/65/SearchValues/1388/PropertyTypeID/616
East Azerbaijan,1389,https://amar.org.ir/salnameh-amari/agentType/ViewSearch/CustomFieldIDs/65/SearchValues/1389/PropertyTypeID/616
East Azerbaijan,1390,https://amar.org.ir/salnameh-amari/agentType/ViewSearch/CustomFieldIDs/65/SearchValues/1390/PropertyTypeID/616
East Azerbaijan,1391,https://amar.org.ir/salnameh-amari/agentType/ViewSearch/CustomFieldIDs/65/SearchValues/1391/PropertyTypeID/616
East Azerbaijan,1392,https://amar.org.ir/salnameh-amari/agentType/ViewSearch/CustomFieldIDs/65/SearchValues/1392/PropertyTypeID/616
East Azerbaijan,1393,https://amar.org.ir/salnameh-amari/agentType/ViewSearch/CustomFieldIDs/65/SearchValues/1393/PropertyTypeID/616
East Azerbaijan,1394,https://amar.org.ir/salnameh-amari/agentType/ViewSearch/CustomFieldIDs/65/SearchValues/1394/PropertyTypeID/616
East Azerbaijan,1395,https://amar.org.ir/salnameh-amari/agentType/ViewSearch/CustomFieldIDs/65/SearchValues/1395/PropertyTypeID/616
East Azerbaijan,1396,https://amar.org.ir/salnameh-amari/agentType/ViewSearch/CustomFieldIDs/65/SearchValues/1396/PropertyTypeID/616
East Azerbaijan,1397,https://amar.org.ir/salnameh-amari/agentType/ViewSearch/CustomFieldIDs/65/SearchValues/1397/PropertyTypeID/616
East Azerbaijan,1398,https://amar.org.ir/salnameh-amari/agentType/ViewSearch/CustomFieldIDs/65/SearchValues/1398/PropertyTypeID/616
East Azerbaijan,1399,https://amar.org.ir/salnameh-amari/agentType/ViewSearch/CustomFieldIDs/65/SearchValues/1399/PropertyTypeID/616
East Azerbaijan,1400,https://amar.org.ir/salnameh-amari/agentType/ViewSearch/CustomFieldIDs/65/SearchValues/1400/PropertyTypeID/616
East Azerbaijan,1401,https://amar.org.ir/salnameh-amari/agentType/ViewSearch/CustomFieldIDs/65/SearchValues/1401/PropertyTypeID/616
East Azerbaijan,1402,https://amar.org.ir/salnameh-amari/agentType/ViewSearch/CustomFieldIDs/65/SearchValues/1402/PropertyTypeID/616
West Azerbaijan,1345,https://amar.org.ir/salnameh-amari/agentType/ViewSearch/CustomFieldIDs/65/SearchValues/1345/PropertyTypeID/617
West Azerbaijan,1346,https://amar.org.ir/salnameh-amari/agentType/ViewSearch/CustomFieldIDs/65/SearchValues/1346/PropertyTypeID/617
West Azerbaijan,1347,https://amar.org.ir/salnameh-amari/agentType/ViewSearch/CustomFieldIDs/65/SearchValues/1347/PropertyTypeID/617
West Azerbaijan,1348,https://amar.org.ir/salnameh-amari/agentType/ViewSearch/CustomFieldIDs/65/SearchValues/1348/PropertyTypeID/617
West Azerbaijan,1349,https://amar.org.ir/salnameh-amari/agentType/ViewSearch/CustomFieldIDs/65/SearchValues/1349/PropertyTypeID/617
West Azerbaijan,1350,https://amar.org.ir/salnameh-amari/agentType/ViewSearch/CustomFieldIDs/65/SearchValues/1350/PropertyTypeID/617
West Azerbaijan,1351,https://amar.org.ir/salnameh-amari/agentType/ViewSearch/CustomFieldIDs/65/SearchValues/1351/PropertyTypeID/617
West Azerbaijan,1352,https://amar.org.ir/salnameh-amari/agentType/ViewSearch/CustomFieldIDs/65/SearchValues/1352/PropertyTypeID/617
West Azerbaijan,1353,https://amar.org.ir/salnameh-amari/agentType/ViewSearch/CustomFieldIDs/65/SearchValues/1353/PropertyTypeID/617
West Azerbaijan,1354,https://amar.org.ir/salnameh-amari/agentType/ViewSearch/CustomFieldIDs/65/SearchValues/1354/PropertyTypeID/617
West Azerbaijan,1355,https://amar.org.ir/salnameh-amari/agentType/ViewSearch/CustomFieldIDs/65/SearchValues/1355/PropertyTypeID/617
West Azerbaijan,1356,https://amar.org.ir/salnameh-amari/agentType/ViewSearch/CustomFieldIDs/65/SearchValues/1356/PropertyTypeID/617
West Azerbaijan,1357,https://amar.org.ir/salnameh-amari/agentType/ViewSearch/CustomFieldIDs/65/SearchValues/1357/PropertyTypeID/617
West Azerbaijan,1358,https://amar.org.ir/salnameh-amari/agentType/ViewSearch/CustomFieldIDs/65/SearchValues/1358/PropertyTypeID/617
West Azerbaijan,1359,https://amar.org.ir/salnameh-amari/agentType/ViewSearch/CustomFieldIDs/65/SearchValues/1359/PropertyTypeID/617
West Azerbaijan,1360,https://amar.org.ir/salnameh-amari/agentType/ViewSearch/CustomFieldIDs/65/SearchValues/1360/PropertyTypeID/617
West Azerbaijan,1361,https://amar.org.ir/salnameh-amari/agentType/ViewSearch/CustomFieldIDs/65/SearchValues/1361/PropertyTypeID/617
West Azerbaijan,1362,https://amar.org.ir/salnameh-amari/agentType/ViewSearch/CustomFieldIDs/65/SearchValues/1362/PropertyTypeID/617
West Azerbaijan,1363,https://amar.org.ir/salnameh-amari/agentType/ViewSearch/CustomFieldIDs/65/SearchValues/1363/PropertyTypeID/617
West Azerbaijan,1364,https://amar.org.ir/salnameh-amari/agentType/ViewSearch/CustomFieldIDs/65/SearchValues/1364/PropertyTypeID/617
West Azerbaijan,1365,https://amar.org.ir/salnameh-amari/agentType/ViewSearch/CustomFieldIDs/65/SearchValues/1365/PropertyTypeID/617
West Azerbaijan,1366,https://amar.org.ir/salnameh-amari/agentType/ViewSearch/CustomFieldIDs/65/SearchValues/1366/PropertyTypeID/617
West Azerbaijan,1367,https://amar.org.ir/salnameh-amari/agentType/ViewSearch/CustomFieldIDs/65/SearchValues/1367/PropertyTypeID/617
West Azerbaijan,1368,https://amar.org.ir/salnameh-amari/agentType/ViewSearch/CustomFieldIDs/65/SearchValues/1368/PropertyTypeID/617
West Azerbaijan,1369,https://amar.org.ir/salnameh-amari/agentType/ViewSearch/CustomFieldIDs/65/SearchValues/1369/PropertyTypeID/617
West Azerbaijan,1370,https://amar.org.ir/salnameh-amari/agentType/ViewSearch/CustomFieldIDs/65/SearchValues/1370/PropertyTypeID/617
West Azerbaijan,1371,https://amar.org.ir/salnameh-amari/agentType/ViewSearch/CustomFieldIDs/65/SearchValues/1371/PropertyTypeID/617
West Azerbaijan,1372,https://amar.org.ir/salnameh-amari/agentType/ViewSearch/CustomFieldIDs/65/SearchValues/1372/PropertyTypeID/617
West Azerbaijan,1373,https://amar.org.ir/salnameh-amari/agentType/ViewSearch/CustomFieldIDs/65/SearchValues/1373/PropertyTypeID/617
West Azerbaijan,1374,https://amar.org.ir/salnameh-amari/agentType/ViewSearch/CustomFieldIDs/65/SearchValues/1374/PropertyTypeID/617
West Azerbaijan,1375,https://amar.org.ir/salnameh-amari/agentType/ViewSearch/CustomFieldIDs/65/SearchValues/1375/PropertyTypeID/617
West Azerbaijan,1376,https://amar.org.ir/salnameh-amari/agentType/ViewSearch/CustomFieldIDs/65/SearchValues/1376/PropertyTypeID/617
West Azerbaijan,1377,https://amar.org.ir/salnameh-amari/agentType/ViewSearch/CustomFieldIDs/65/SearchValues/1377/PropertyTypeID/617
West Azerbaijan,1378,https://amar.org.ir/salnameh-amari/agentType/ViewSearch/CustomFieldIDs/65/SearchValues/1378/PropertyTypeID/617
West Azerbaijan,1379,https://amar.org.ir/salnameh-amari/agentType/ViewSearch/CustomFieldIDs/65/SearchValues/1379/PropertyTypeID/617
West Azerbaijan,1380,https://amar.org.ir/salnameh-amari/agentType/ViewSearch/CustomFieldIDs/65/SearchValues/1380/PropertyTypeID/617
West Azerbaijan,1381,https://amar.org.ir/salnameh-amari/agentType/ViewSearch/CustomFieldIDs/65/SearchValues/1381/PropertyTypeID/617
West Azerbaijan,1382,https://amar.org.ir/salnameh-amari/agentType/ViewSearch/CustomFieldIDs/65/SearchValues/1382/PropertyTypeID/617
West Azerbaijan,1383,https://amar.org.ir/salnameh-amari/agentType/ViewSearch/CustomFieldIDs/65/SearchValues/1383/PropertyTypeID/617
West Azerbaijan,1384,https://amar.org.ir/salnameh-amari/agentType/ViewSearch/CustomFieldIDs/65/SearchValues/1384/PropertyTypeID/617
West Azerbaijan,1385,https://amar.org.ir/salnameh-amari/agentType/ViewSearch/CustomFieldIDs/65/SearchValues/1385/PropertyTypeID/617
West Azerbaijan,1386,https://amar.org.ir/salnameh-amari/agentType/ViewSearch/CustomFieldIDs/65/SearchValues/1386/PropertyTypeID/617
West Azerbaijan,1387,https://amar.org.ir/salnameh-amari/agentType/ViewSearch/CustomFieldIDs/65/SearchValues/1387/PropertyTypeID/617
West Azerbaijan,1388,https://amar.org.ir/salnameh-amari/agentType/ViewSearch/CustomFieldIDs/65/SearchValues/1388/PropertyTypeID/617
West Azerbaijan,1389,https://amar.org.ir/salnameh-amari/agentType/ViewSearch/CustomFieldIDs/65/SearchValues/1389/PropertyTypeID/617
West Azerbaijan,1390,https://amar.org.ir/salnameh-amari/agentType/ViewSearch/CustomFieldIDs/65/SearchValues/1390/PropertyTypeID/617
West Azerbaijan,1391,https://amar.org.ir/salnameh-amari/agentType/ViewSearch/CustomFieldIDs/65/SearchValues/1391/PropertyTypeID/617
West Azerbaijan,1392,https://amar.org.ir/salnameh-amari/agentType/ViewSearch/CustomFieldIDs/65/SearchValues/1392/PropertyTypeID/617
West Azerbaijan,1393,https://amar.org.ir/salnameh-amari/agentType/ViewSearch/CustomFieldIDs/65/SearchValues/1393/PropertyTypeID/617
West Azerbaijan,1394,https://amar.org.ir/salnameh-amari/agentType/ViewSearch/CustomFieldIDs/65/SearchValues/1394/PropertyTypeID/617
West Azerbaijan,1395,https://amar.org.ir/salnameh-amari/agentType/ViewSearch/CustomFieldIDs/65/SearchValues/1395/PropertyTypeID/617
West Azerbaijan,1396,https://amar.org.ir/salnameh-amari/agentType/ViewSearch/CustomFieldIDs/65/SearchValues/1396/PropertyTypeID/617
West Azerbaijan,1397,https://amar.org.ir/salnameh-amari/agentType/ViewSearch/CustomFieldIDs/65/SearchValues/1397/PropertyTypeID/617
West Azerbaijan,1398,https://amar.org.ir/salnameh-amari/agentType/ViewSearch/CustomFieldIDs/65/SearchValues/1398/PropertyTypeID/617
West Azerbaijan,1399,https://amar.org.ir/salnameh-amari/agentType/ViewSearch/CustomFieldIDs/65/SearchValues/1399/PropertyTypeID/617
West Azerbaijan,1400,https://amar.org.ir/salnameh-amari/agentType/ViewSearch/CustomFieldIDs/65/SearchValues/1400/PropertyTypeID/617
West Azerbaijan,1401,https://amar.org.ir/salnameh-amari/agentType/ViewSearch/CustomFieldIDs/65/SearchValues/1401/PropertyTypeID/617
West Azerbaijan,1402,https://amar.org.ir/salnameh-amari/agentType/ViewSearch/CustomFieldIDs/65/SearchValues/1402/PropertyTypeID/617
Ardabil,1345,https://amar.org.ir/salnameh-amari/agentType/ViewSearch/CustomFieldIDs/65/SearchValues/1345/PropertyTypeID/618
Ardabil,1346,https://amar.org.ir/salnameh-amari/agentType/ViewSearch/CustomFieldIDs/65/SearchValues/1346/PropertyTypeID/618
Ardabil,1347,https://amar.org.ir/salnameh-amari/agentType/ViewSearch/CustomFieldIDs/65/SearchValues/1347/PropertyTypeID/618
Ardabil,1348,https://amar.org.ir/salnameh-amari/agentType/ViewSearch/CustomFieldIDs/65/SearchValues/1348/PropertyTypeID/618
Ardabil,1349,https://amar.org.ir/salnameh-amari/agentType/ViewSearch/CustomFieldIDs/65/SearchValues/1349/PropertyTypeID/618
Ardabil,1350,https://amar.org.ir/salnameh-amari/agentType/ViewSearch/CustomFieldIDs/65/SearchValues/1350/PropertyTypeID/618
Ardabil,1351,https://amar.org.ir/salnameh-amari/agentType/ViewSearch/CustomFieldIDs/65/SearchValues/1351/PropertyTypeID/618
Ardabil,1352,https://amar.org.ir/salnameh-amari/agentType/ViewSearch/CustomFieldIDs/65/SearchValues/1352/PropertyTypeID/618
Ardabil,1353,https://amar.org.ir/salnameh-amari/agentType/ViewSearch/CustomFieldIDs/65/SearchValues/1353/PropertyTypeID/618
Ardabil,1354,https://amar.org.ir/salnameh-amari/agentType/ViewSearch/CustomFieldIDs/65/SearchValues/1354/PropertyTypeID/618
Ardabil,1355,https://amar.org.ir/salnameh-amari/agentType/ViewSearch/CustomFieldIDs/65/SearchValues/1355/PropertyTypeID/618
Ardabil,1356,https://amar.org.ir/salnameh-amari/agentType/ViewSearch/CustomFieldIDs/65/SearchValues/1356/PropertyTypeID/618
Ardabil,1357,https://amar.org.ir/salnameh-amari/agentType/ViewSearch/CustomFieldIDs/65/SearchValues/1357/PropertyTypeID/618
Ardabil,1358,https://amar.org.ir/salnameh-amari/agentType/ViewSearch/CustomFieldIDs/65/SearchValues/1358/PropertyTypeID/618
Ardabil,1359,https://amar.org.ir/salnameh-amari/agentType/ViewSearch/CustomFieldIDs/65/SearchValues/1359/PropertyTypeID/618
Ardabil,1360,https://amar.org.ir/salnameh-amari/agentType/ViewSearch/CustomFieldIDs/65/SearchValues/1360/PropertyTypeID/618
Ardabil,1361,https://amar.org.ir/salnameh-amari/agentType/ViewSearch/CustomFieldIDs/65/SearchValues/1361/PropertyTypeID/618
Ardabil,1362,https://amar.org.ir/salnameh-amari/agentType/ViewSearch/CustomFieldIDs/65/SearchValues/1362/PropertyTypeID/618
Ardabil,1363,https://amar.org.ir/salnameh-amari/agentType/ViewSearch/CustomFieldIDs/65/SearchValues/1363/PropertyTypeID/618
Ardabil,1364,https://amar.org.ir/salnameh-amari/agentType/ViewSearch/CustomFieldIDs/65/SearchValues/1364/PropertyTypeID/618
Ardabil,1365,https://amar.org.ir/salnameh-amari/agentType/ViewSearch/CustomFieldIDs/65/SearchValues/1365/PropertyTypeID/618
Ardabil,1366,https://amar.org.ir/salnameh-amari/agentType/ViewSearch/CustomFieldIDs/65/SearchValues/1366/PropertyTypeID/618
Ardabil,1367,https://amar.org.ir/salnameh-amari/agentType/ViewSearch/CustomFieldIDs/65/SearchValues/1367/PropertyTypeID/618
Ardabil,1368,https://amar.org.ir/salnameh-amari/agentType/ViewSearch/CustomFieldIDs/65/SearchValues/1368/PropertyTypeID/618
Ardabil,1369,https://amar.org.ir/salnameh-amari/agentType/ViewSearch/CustomFieldIDs/65/SearchValues/1369/PropertyTypeID/618
Ardabil,1370,https://amar.org.ir/salnameh-amari/agentType/ViewSearch/CustomFieldIDs/65/SearchValues/1370/PropertyTypeID/618
Ardabil,1371,https://amar.org.ir/salnameh-amari/agentType/ViewSearch/CustomFieldIDs/65/SearchValues/1371/PropertyTypeID/618
Ardabil,1372,https://amar.org.ir/salnameh-amari/agentType/ViewSearch/CustomFieldIDs/65/SearchValues/1372/PropertyTypeID/618
Ardabil,1373,https://amar.org.ir/salnameh-amari/agentType/ViewSearch/CustomFieldIDs/65/SearchValues/1373/PropertyTypeID/618
Ardabil,1374,https://amar.org.ir/salnameh-amari/agentType/ViewSearch/CustomFieldIDs/65/SearchValues/1374/PropertyTypeID/618
Ardabil,1375,https://amar.org.ir/salnameh-amari/agentType/ViewSearch/CustomFieldIDs/65/SearchValues/1375/PropertyTypeID/618
Ardabil,1376,https://amar.org.ir/salnameh-amari/agentType/ViewSearch/CustomFieldIDs/65/SearchValues/1376/PropertyTypeID/618
Ardabil,1377,https://amar.org.ir/salnameh-amari/agentType/ViewSearch/CustomFieldIDs/65/SearchValues/1377/PropertyTypeID/618
Ardabil,1378,https://amar.org.ir/salnameh-amari/agentType/ViewSearch/CustomFieldIDs/65/SearchValues/1378/PropertyTypeID/618
Ardabil,1379,https://amar.org.ir/salnameh-amari/agentType/ViewSearch/CustomFieldIDs/65/SearchValues/1379/PropertyTypeID/618
Ardabil,1380,https://amar.org.ir/salnameh-amari/agentType/ViewSearch/CustomFieldIDs/65/SearchValues/1380/PropertyTypeID/618
Ardabil,1381,https://amar.org.ir/salnameh-amari/agentType/ViewSearch/CustomFieldIDs/65/SearchValues/1381/PropertyTypeID/618
Ardabil,1382,https://amar.org.ir/salnameh-amari/agentType/ViewSearch/CustomFieldIDs/65/SearchValues/1382/PropertyTypeID/618
Ardabil,1383,https://amar.org.ir/salnameh-amari/agentType/ViewSearch/CustomFieldIDs/65/SearchValues/1383/PropertyTypeID/618
Ardabil,1384,https://amar.org.ir/salnameh-amari/agentType/ViewSearch/CustomFieldIDs/65/SearchValues/1384/PropertyTypeID/618
Ardabil,1385,https://amar.org.ir/salnameh-amari/agentType/ViewSearch/CustomFieldIDs/65/SearchValues/1385/PropertyTypeID/618
Ardabil,1386,https://amar.org.ir/salnameh-amari/agentType/ViewSearch/CustomFieldIDs/65/SearchValues/1386/PropertyTypeID/618
Ardabil,1387,https://amar.org.ir/salnameh-amari/agentType/ViewSearch/CustomFieldIDs/65/SearchValues/1387/PropertyTypeID/618
Ardabil,1388,https://amar.org.ir/salnameh-amari/agentType/ViewSearch/CustomFieldIDs/65/SearchValues/1388/PropertyTypeID/618
Ardabil,1389,https://amar.org.ir/salnameh-amari/agentType/ViewSearch/CustomFieldIDs/65/SearchValues/1389/PropertyTypeID/618
Ardabil,1390,https://amar.org.ir/salnameh-amari/agentType/ViewSearch/CustomFieldIDs/65/SearchValues/1390/PropertyTypeID/618
Ardabil,1391,https://amar.org.ir/salnameh-amari/agentType/ViewSearch/CustomFieldIDs/65/SearchValues/1391/PropertyTypeID/618
Ardabil,1392,https://amar.org.ir/salnameh-amari/agentType/ViewSearch/CustomFieldIDs/65/SearchValues/1392/PropertyTypeID/618
Ardabil,1393,https://amar.org.ir/salnameh-amari/agentType/ViewSearch/CustomFieldIDs/65/SearchValues/1393/PropertyTypeID/618
Ardabil,1394,https://amar.org.ir/salnameh-amari/agentType/ViewSearch/CustomFieldIDs/65/SearchValues/1394/PropertyTypeID/618
Ardabil,1395,https://amar.org.ir/salnameh-amari/agentType/ViewSearch/CustomFieldIDs/65/SearchValues/1395/PropertyTypeID/618
Ardabil,1396,https://amar.org.ir/salnameh-amari/agentType/ViewSearch/CustomFieldIDs/65/SearchValues/1396/PropertyTypeID/618
Ardabil,1397,https://amar.org.ir/salnameh-amari/agentType/ViewSearch/CustomFieldIDs/65/SearchValues/1397/PropertyTypeID/618
Ardabil,1398,https://amar.org.ir/salnameh-amari/agentType/ViewSearch/CustomFieldIDs/65/SearchValues/1398/PropertyTypeID/618
Ardabil,1399,https://amar.org.ir/salnameh-amari/agentType/ViewSearch/CustomFieldIDs/65/SearchValues/1399/PropertyTypeID/618
Ardabil,1400,https://amar.org.ir/salnameh-amari/agentType/ViewSearch/CustomFieldIDs/65/SearchValues/1400/PropertyTypeID/618
Ardabil,1401,https://amar.org.ir/salnameh-amari/agentType/ViewSearch/CustomFieldIDs/65/SearchValues/1401/PropertyTypeID/618
Ardabil,1402,https://amar.org.ir/salnameh-amari/agentType/ViewSearch/CustomFieldIDs/65/SearchValues/1402/PropertyTypeID/618
Isfahan,1345,https://amar.org.ir/salnameh-amari/agentType/ViewSearch/CustomFieldIDs/65/SearchValues/1345/PropertyTypeID/619
Isfahan,1346,https://amar.org.ir/salnameh-amari/agentType/ViewSearch/CustomFieldIDs/65/SearchValues/1346/PropertyTypeID/619
Isfahan,1347,https://amar.org.ir/salnameh-amari/agentType/ViewSearch/CustomFieldIDs/65/SearchValues/1347/PropertyTypeID/619
Isfahan,1348,https://amar.org.ir/salnameh-amari/agentType/ViewSearch/CustomFieldIDs/65/SearchValues/1348/PropertyTypeID/619
Isfahan,1349,https://amar.org.ir/salnameh-amari/agentType/ViewSearch/CustomFieldIDs/65/SearchValues/1349/PropertyTypeID/619
Isfahan,1350,https://amar.org.ir/salnameh-amari/agentType/ViewSearch/CustomFieldIDs/65/SearchValues/1350/PropertyTypeID/619
Isfahan,1351,https://amar.org.ir/salnameh-amari/agentType/ViewSearch/CustomFieldIDs/65/SearchValues/1351/PropertyTypeID/619
Isfahan,1352,https://amar.org.ir/salnameh-amari/agentType/ViewSearch/CustomFieldIDs/65/SearchValues/1352/PropertyTypeID/619
Isfahan,1353,https://amar.org.ir/salnameh-amari/agentType/ViewSearch/CustomFieldIDs/65/SearchValues/1353/PropertyTypeID/619
Isfahan,1354,https://amar.org.ir/salnameh-amari/agentType/ViewSearch/CustomFieldIDs/65/SearchValues/1354/PropertyTypeID/619
Isfahan,1355,https://amar.org.ir/salnameh-amari/agentType/ViewSearch/CustomFieldIDs/65/SearchValues/1355/PropertyTypeID/619
Isfahan,1356,https://amar.org.ir/salnameh-amari/agentType/ViewSearch/CustomFieldIDs/65/SearchValues/1356/PropertyTypeID/619
Isfahan,1357,https://amar.org.ir/salnameh-amari/agentType/ViewSearch/CustomFieldIDs/65/SearchValues/1357/PropertyTypeID/619
Isfahan,1358,https://amar.org.ir/salnameh-amari/agentType/ViewSearch/CustomFieldIDs/65/SearchValues/1358/PropertyTypeID/619
Isfahan,1359,https://amar.org.ir/salnameh-amari/agentType/ViewSearch/CustomFieldIDs/65/SearchValues/1359/PropertyTypeID/619
Isfahan,1360,https://amar.org.ir/salnameh-amari/agentType/ViewSearch/CustomFieldIDs/65/SearchValues/1360/PropertyTypeID/619
Isfahan,1361,https://amar.org.ir/salnameh-amari/agentType/ViewSearch/CustomFieldIDs/65/SearchValues/1361/PropertyTypeID/619
Isfahan,1362,https://amar.org.ir/salnameh-amari/agentType/ViewSearch/CustomFieldIDs/65/SearchValues/1362/PropertyTypeID/619
Isfahan,1363,https://amar.org.ir/salnameh-amari/agentType/ViewSearch/CustomFieldIDs/65/SearchValues/1363/PropertyTypeID/619
Isfahan,1364,https://amar.org.ir/salnameh-amari/agentType/ViewSearch/CustomFieldIDs/65/SearchValues/1364/PropertyTypeID/619
Isfahan,1365,https://amar.org.ir/salnameh-amari/agentType/ViewSearch/CustomFieldIDs/65/SearchValues/1365/PropertyTypeID/619
Isfahan,1366,https://amar.org.ir/salnameh-amari/agentType/ViewSearch/CustomFieldIDs/65/SearchValues/1366/PropertyTypeID/619
Isfahan,1367,https://amar.org.ir/salnameh-amari/agentType/ViewSearch/CustomFieldIDs/65/SearchValues/1367/PropertyTypeID/619
Isfahan,1368,https://amar.org.ir/salnameh-amari/agentType/ViewSearch/CustomFieldIDs/65/SearchValues/1368/PropertyTypeID/619
Isfahan,1369,https://amar.org.ir/salnameh-amari/agentType/ViewSearch/CustomFieldIDs/65/SearchValues/1369/PropertyTypeID/619
Isfahan,1370,https://amar.org.ir/salnameh-amari/agentType/ViewSearch/CustomFieldIDs/65/SearchValues/1370/PropertyTypeID/619
Isfahan,1371,https://amar.org.ir/salnameh-amari/agentType/ViewSearch/CustomFieldIDs/65/SearchValues/1371/PropertyTypeID/619
Isfahan,1372,https://amar.org.ir/salnameh-amari/agentType/ViewSearch/CustomFieldIDs/65/SearchValues/1372/PropertyTypeID/619
Isfahan,1373,https://amar.org.ir/salnameh-amari/agentType/ViewSearch/CustomFieldIDs/65/SearchValues/1373/PropertyTypeID/619
Isfahan,1374,https://amar.org.ir/salnameh-amari/agentType/ViewSearch/CustomFieldIDs/65/SearchValues/1374/PropertyTypeID/619
Isfahan,1375,https://amar.org.ir/salnameh-amari/agentType/ViewSearch/CustomFieldIDs/65/SearchValues/1375/PropertyTypeID/619
Isfahan,1376,https://amar.org.ir/salnameh-amari/agentType/ViewSearch/CustomFieldIDs/65/SearchValues/1376/PropertyTypeID/619
Isfahan,1377,https://amar.org.ir/salnameh-amari/agentType/ViewSearch/CustomFieldIDs/65/SearchValues/1377/PropertyTypeID/619
Isfahan,1378,https://amar.org.ir/salnameh-amari/agentType/ViewSearch/CustomFieldIDs/65/SearchValues/1378/PropertyTypeID/619
Isfahan,1379,https://amar.org.ir/salnameh-amari/agentType/ViewSearch/CustomFieldIDs/65/SearchValues/1379/PropertyTypeID/619
Isfahan,1380,https://amar.org.ir/salnameh-amari/agentType/ViewSearch/CustomFieldIDs/65/SearchValues/1380/PropertyTypeID/619
Isfahan,1381,https://amar.org.ir/salnameh-amari/agentType/ViewSearch/CustomFieldIDs/65/SearchValues/1381/PropertyTypeID/619
Isfahan,1382,https://amar.org.ir/salnameh-amari/agentType/ViewSearch/CustomFieldIDs/65/SearchValues/1382/PropertyTypeID/619
Isfahan,1383,https://amar.org.ir/salnameh-amari/agentType/ViewSearch/CustomFieldIDs/65/SearchValues/1383/PropertyTypeID/619
Isfahan,1384,https://amar.org.ir/salnameh-amari/agentType/ViewSearch/CustomFieldIDs/65/SearchValues/1384/PropertyTypeID/619
Isfahan,1385,https://amar.org.ir/salnameh-amari/agentType/ViewSearch/CustomFieldIDs/65/SearchValues/1385/PropertyTypeID/619
Isfahan,1386,https://amar.org.ir/salnameh-amari/agentType/ViewSearch/CustomFieldIDs/65/SearchValues/1386/PropertyTypeID/619
Isfahan,1387,https://amar.org.ir/salnameh-amari/agentType/ViewSearch/CustomFieldIDs/65/SearchValues/1387/PropertyTypeID/619
Isfahan,1388,https://amar.org.ir/salnameh-amari/agentType/ViewSearch/CustomFieldIDs/65/SearchValues/1388/PropertyTypeID/619
Isfahan,1389,https://amar.org.ir/salnameh-amari/agentType/ViewSearch/CustomFieldIDs/65/SearchValues/1389/PropertyTypeID/619
Isfahan,1390,https://amar.org.ir/salnameh-amari/agentType/ViewSearch/CustomFieldIDs/65/SearchValues/1390/PropertyTypeID/619
Isfahan,1391,https://amar.org.ir/salnameh-amari/agentType/ViewSearch/CustomFieldIDs/65/SearchValues/1391/PropertyTypeID/619
Isfahan,1392,https://amar.org.ir/salnameh-amari/agentType/ViewSearch/CustomFieldIDs/65/SearchValues/1392/PropertyTypeID/619
Isfahan,1393,https://amar.org.ir/salnameh-amari/agentType/ViewSearch/CustomFieldIDs/65/SearchValues/1393/PropertyTypeID/619
Isfahan,1394,https://amar.org.ir/salnameh-amari/agentType/ViewSearch/CustomFieldIDs/65/SearchValues/1394/PropertyTypeID/619
Isfahan,1395,https://amar.org.ir/salnameh-amari/agentType/ViewSearch/CustomFieldIDs/65/SearchValues/1395/PropertyTypeID/619
Isfahan,1396,https://amar.org.ir/salnameh-amari/agentType/ViewSearch/CustomFieldIDs/65/SearchValues/1396/PropertyTypeID/619
Isfahan,1397,https://amar.org.ir/salnameh-amari/agentType/ViewSearch/CustomFieldIDs/65/SearchValues/1397/PropertyTypeID/619
Isfahan,1398,https://amar.org.ir/salnameh-amari/agentType/ViewSearch/CustomFieldIDs/65/SearchValues/1398/PropertyTypeID/619
Isfahan,1399,https://amar.org.ir/salnameh-amari/agentType/ViewSearch/CustomFieldIDs/65/SearchValues/1399/PropertyTypeID/619
Isfahan,1400,https://amar.org.ir/salnameh-amari/agentType/ViewSearch/CustomFieldIDs/65/SearchValues/1400/PropertyTypeID/619
Isfahan,1401,https://amar.org.ir/salnameh-amari/agentType/ViewSearch/CustomFieldIDs/65/SearchValues/1401/PropertyTypeID/619
Isfahan,1402,https://amar.org.ir/salnameh-amari/agentType/ViewSearch/CustomFieldIDs/65/SearchValues/1402/PropertyTypeID/619
Alborz,1345,https://amar.org.ir/salnameh-amari/agentType/ViewSearch/CustomFieldIDs/65/SearchValues/1345/PropertyTypeID/620
Alborz,1346,https://amar.org.ir/salnameh-amari/agentType/ViewSearch/CustomFieldIDs/65/SearchValues/1346/PropertyTypeID/620
Alborz,1347,https://amar.org.ir/salnameh-amari/agentType/ViewSearch/CustomFieldIDs/65/SearchValues/1347/PropertyTypeID/620
Alborz,1348,https://amar.org.ir/salnameh-amari/agentType/ViewSearch/CustomFieldIDs/65/SearchValues/1348/PropertyTypeID/620
Alborz,1349,https://amar.org.ir/salnameh-amari/agentType/ViewSearch/CustomFieldIDs/65/SearchValues/1349/PropertyTypeID/620
Alborz,1350,https://amar.org.ir/salnameh-amari/agentType/ViewSearch/CustomFieldIDs/65/SearchValues/1350/PropertyTypeID/620
Alborz,1351,https://amar.org.ir/salnameh-amari/agentType/ViewSearch/CustomFieldIDs/65/SearchValues/1351/PropertyTypeID/620
Alborz,1352,https://amar.org.ir/salnameh-amari/agentType/ViewSearch/CustomFieldIDs/65/SearchValues/1352/PropertyTypeID/620
Alborz,1353,https://amar.org.ir/salnameh-amari/agentType/ViewSearch/CustomFieldIDs/65/SearchValues/1353/PropertyTypeID/620
Alborz,1354,https://amar.org.ir/salnameh-amari/agentType/ViewSearch/CustomFieldIDs/65/SearchValues/1354/PropertyTypeID/620
Alborz,1355,https://amar.org.ir/salnameh-amari/agentType/ViewSearch/CustomFieldIDs/65/SearchValues/1355/PropertyTypeID/620
Alborz,1356,https://amar.org.ir/salnameh-amari/agentType/ViewSearch/CustomFieldIDs/65/SearchValues/1356/PropertyTypeID/620
Alborz,1357,https://amar.org.ir/salnameh-amari/agentType/ViewSearch/CustomFieldIDs/65/SearchValues/1357/PropertyTypeID/620
Alborz,1358,https://amar.org.ir/salnameh-amari/agentType/ViewSearch/CustomFieldIDs/65/SearchValues/1358/PropertyTypeID/620
Alborz,1359,https://amar.org.ir/salnameh-amari/agentType/ViewSearch/CustomFieldIDs/65/SearchValues/1359/PropertyTypeID/620
Alborz,1360,https://amar.org.ir/salnameh-amari/agentType/ViewSearch/CustomFieldIDs/65/SearchValues/1360/PropertyTypeID/620
Alborz,1361,https://amar.org.ir/salnameh-amari/agentType/ViewSearch/CustomFieldIDs/65/SearchValues/1361/PropertyTypeID/620
Alborz,1362,https://amar.org.ir/salnameh-amari/agentType/ViewSearch/CustomFieldIDs/65/SearchValues/1362/PropertyTypeID/620
Alborz,1363,https://amar.org.ir/salnameh-amari/agentType/ViewSearch/CustomFieldIDs/65/SearchValues/1363/PropertyTypeID/620
Alborz,1364,https://amar.org.ir/salnameh-amari/agentType/ViewSearch/CustomFieldIDs/65/SearchValues/1364/PropertyTypeID/620
Alborz,1365,https://amar.org.ir/salnameh-amari/agentType/ViewSearch/CustomFieldIDs/65/SearchValues/1365/PropertyTypeID/620
Alborz,1366,https://amar.org.ir/salnameh-amari/agentType/ViewSearch/CustomFieldIDs/65/SearchValues/1366/PropertyTypeID/620
Alborz,1367,https://amar.org.ir/salnameh-amari/agentType/ViewSearch/CustomFieldIDs/65/SearchValues/1367/PropertyTypeID/620
Alborz,1368,https://amar.org.ir/salnameh-amari/agentType/ViewSearch/CustomFieldIDs/65/SearchValues/1368/PropertyTypeID/620
Alborz,1369,https://amar.org.ir/salnameh-amari/agentType/ViewSearch/CustomFieldIDs/65/SearchValues/1369/PropertyTypeID/620
Alborz,1370,https://amar.org.ir/salnameh-amari/agentType/ViewSearch/CustomFieldIDs/65/SearchValues/1370/PropertyTypeID/620
Alborz,1371,https://amar.org.ir/salnameh-amari/agentType/ViewSearch/CustomFieldIDs/65/SearchValues/1371/PropertyTypeID/620
Alborz,1372,https://amar.org.ir/salnameh-amari/agentType/ViewSearch/CustomFieldIDs/65/SearchValues/1372/PropertyTypeID/620
Alborz,1373,https://amar.org.ir/salnameh-amari/agentType/ViewSearch/CustomFieldIDs/65/SearchValues/1373/PropertyTypeID/620
Alborz,1374,https://amar.org.ir/salnameh-amari/agentType/ViewSearch/CustomFieldIDs/65/SearchValues/1374/PropertyTypeID/620
Alborz,1375,https://amar.org.ir/salnameh-amari/agentType/ViewSearch/CustomFieldIDs/65/SearchValues/1375/PropertyTypeID/620
Alborz,1376,https://amar.org.ir/salnameh-amari/agentType/ViewSearch/CustomFieldIDs/65/SearchValues/1376/PropertyTypeID/620
Alborz,1377,https://amar.org.ir/salnameh-amari/agentType/ViewSearch/CustomFieldIDs/65/SearchValues/1377/PropertyTypeID/620
Alborz,1378,https://amar.org.ir/salnameh-amari/agentType/ViewSearch/CustomFieldIDs/65/SearchValues/1378/PropertyTypeID/620
Alborz,1379,https://amar.org.ir/salnameh-amari/agentType/ViewSearch/CustomFieldIDs/65/SearchValues/1379/PropertyTypeID/620
Alborz,1380,https://amar.org.ir/salnameh-amari/agentType/ViewSearch/CustomFieldIDs/65/SearchValues/1380/PropertyTypeID/620
Alborz,1381,https://amar.org.ir/salnameh-amari/agentType/ViewSearch/CustomFieldIDs/65/SearchValues/1381/PropertyTypeID/620
Alborz,1382,https://amar.org.ir/salnameh-amari/agentType/ViewSearch/CustomFieldIDs/65/SearchValues/1382/PropertyTypeID/620
Alborz,1383,https://amar.org.ir/salnameh-amari/agentType/ViewSearch/CustomFieldIDs/65/SearchValues/1383/PropertyTypeID/620
Alborz,1384,https://amar.org.ir/salnameh-amari/agentType/ViewSearch/CustomFieldIDs/65/SearchValues/1384/PropertyTypeID/620
Alborz,1385,https://amar.org.ir/salnameh-amari/agentType/ViewSearch/CustomFieldIDs/65/SearchValues/1385/PropertyTypeID/620
Alborz,1386,https://amar.org.ir/salnameh-amari/agentType/ViewSearch/CustomFieldIDs/65/SearchValues/1386/PropertyTypeID/620
Alborz,1387,https://amar.org.ir/salnameh-amari/agentType/ViewSearch/CustomFieldIDs/65/SearchValues/1387/PropertyTypeID/620
Alborz,1388,https://amar.org.ir/salnameh-amari/agentType/ViewSearch/CustomFieldIDs/65/SearchValues/1388/PropertyTypeID/620
Alborz,1389,https://amar.org.ir/salnameh-amari/agentType/ViewSearch/CustomFieldIDs/65/SearchValues/1389/PropertyTypeID/620
Alborz,1390,https://amar.org.ir/salnameh-amari/agentType/ViewSearch/CustomFieldIDs/65/SearchValues/1390/PropertyTypeID/620
Alborz,1391,https://amar.org.ir/salnameh-amari/agentType/ViewSearch/CustomFieldIDs/65/SearchValues/1391/PropertyTypeID/620
Alborz,1392,https://amar.org.ir/salnameh-amari/agentType/ViewSearch/CustomFieldIDs/65/SearchValues/1392/PropertyTypeID/620
Alborz,1393,https://amar.org.ir/salnameh-amari/agentType/ViewSearch/CustomFieldIDs/65/SearchValues/1393/PropertyTypeID/620
Alborz,1394,https://amar.org.ir/salnameh-amari/agentType/ViewSearch/CustomFieldIDs/65/SearchValues/1394/PropertyTypeID/620
Alborz,1395,https://amar.org.ir/salnameh-amari/agentType/ViewSearch/CustomFieldIDs/65/SearchValues/1395/PropertyTypeID/620
Alborz,1396,https://amar.org.ir/salnameh-amari/agentType/ViewSearch/CustomFieldIDs/65/SearchValues/1396/PropertyTypeID/620
Alborz,1397,https://amar.org.ir/salnameh-amari/agentType/ViewSearch/CustomFieldIDs/65/SearchValues/1397/PropertyTypeID/620
Alborz,1398,https://amar.org.ir/salnameh-amari/agentType/ViewSearch/CustomFieldIDs/65/SearchValues/1398/PropertyTypeID/620
Alborz,1399,https://amar.org.ir/salnameh-amari/agentType/ViewSearch/CustomFieldIDs/65/SearchValues/1399/PropertyTypeID/620
Alborz,1400,https://amar.org.ir/salnameh-amari/agentType/ViewSearch/CustomFieldIDs/65/SearchValues/1400/PropertyTypeID/620
Alborz,1401,https://amar.org.ir/salnameh-amari/agentType/ViewSearch/CustomFieldIDs/65/SearchValues/1401/PropertyTypeID/620
Alborz,1402,https://amar.org.ir/salnameh-amari/agentType/ViewSearch/CustomFieldIDs/65/SearchValues/1402/PropertyTypeID/620
Ilam,1345,https://amar.org.ir/salnameh-amari/agentType/ViewSearch/CustomFieldIDs/65/SearchValues/1345/PropertyTypeID/621
Ilam,1346,https://amar.org.ir/salnameh-amari/agentType/ViewSearch/CustomFieldIDs/65/SearchValues/1346/PropertyTypeID/621
Ilam,1347,https://amar.org.ir/salnameh-amari/agentType/ViewSearch/CustomFieldIDs/65/SearchValues/1347/PropertyTypeID/621
Ilam,1348,https://amar.org.ir/salnameh-amari/agentType/ViewSearch/CustomFieldIDs/65/SearchValues/1348/PropertyTypeID/621
Ilam,1349,https://amar.org.ir/salnameh-amari/agentType/ViewSearch/CustomFieldIDs/65/SearchValues/1349/PropertyTypeID/621
Ilam,1350,https://amar.org.ir/salnameh-amari/agentType/ViewSearch/CustomFieldIDs/65/SearchValues/1350/PropertyTypeID/621
Ilam,1351,https://amar.org.ir/salnameh-amari/agentType/ViewSearch/CustomFieldIDs/65/SearchValues/1351/PropertyTypeID/621
Ilam,1352,https://amar.org.ir/salnameh-amari/agentType/ViewSearch/CustomFieldIDs/65/SearchValues/1352/PropertyTypeID/621
Ilam,1353,https://amar.org.ir/salnameh-amari/agentType/ViewSearch/CustomFieldIDs/65/SearchValues/1353/PropertyTypeID/621
Ilam,1354,https://amar.org.ir/salnameh-amari/agentType/ViewSearch/CustomFieldIDs/65/SearchValues/1354/PropertyTypeID/621
Ilam,1355,https://amar.org.ir/salnameh-amari/agentType/ViewSearch/CustomFieldIDs/65/SearchValues/1355/PropertyTypeID/621
Ilam,1356,https://amar.org.ir/salnameh-amari/agentType/ViewSearch/CustomFieldIDs/65/SearchValues/1356/PropertyTypeID/621
Ilam,1357,https://amar.org.ir/salnameh-amari/agentType/ViewSearch/CustomFieldIDs/65/SearchValues/1357/PropertyTypeID/621
Ilam,1358,https://amar.org.ir/salnameh-amari/agentType/ViewSearch/CustomFieldIDs/65/SearchValues/1358/PropertyTypeID/621
Ilam,1359,https://amar.org.ir/salnameh-amari/agentType/ViewSearch/CustomFieldIDs/65/SearchValues/1359/PropertyTypeID/621
Ilam,1360,https://amar.org.ir/salnameh-amari/agentType/ViewSearch/CustomFieldIDs/65/SearchValues/1360/PropertyTypeID/621
Ilam,1361,https://amar.org.ir/salnameh-amari/agentType/ViewSearch/CustomFieldIDs/65/SearchValues/1361/PropertyTypeID/621
Ilam,1362,https://amar.org.ir/salnameh-amari/agentType/ViewSearch/CustomFieldIDs/65/SearchValues/1362/PropertyTypeID/621
Ilam,1363,https://amar.org.ir/salnameh-amari/agentType/ViewSearch/CustomFieldIDs/65/SearchValues/1363/PropertyTypeID/621
Ilam,1364,https://amar.org.ir/salnameh-amari/agentType/ViewSearch/CustomFieldIDs/65/SearchValues/1364/PropertyTypeID/621
Ilam,1365,https://amar.org.ir/salnameh-amari/agentType/ViewSearch/CustomFieldIDs/65/SearchValues/1365/PropertyTypeID/621
Ilam,1366,https://amar.org.ir/salnameh-amari/agentType/ViewSearch/CustomFieldIDs/65/SearchValues/1366/PropertyTypeID/621
Ilam,1367,https://amar.org.ir/salnameh-amari/agentType/ViewSearch/CustomFieldIDs/65/SearchValues/1367/PropertyTypeID/621
Ilam,1368,https://amar.org.ir/salnameh-amari/agentType/ViewSearch/CustomFieldIDs/65/SearchValues/1368/PropertyTypeID/621
Ilam,1369,https://amar.org.ir/salnameh-amari/agentType/ViewSearch/CustomFieldIDs/65/SearchValues/1369/PropertyTypeID/621
Ilam,1370,https://amar.org.ir/salnameh-amari/agentType/ViewSearch/CustomFieldIDs/65/SearchValues/1370/PropertyTypeID/621
Ilam,1371,https://amar.org.ir/salnameh-amari/agentType/ViewSearch/CustomFieldIDs/65/SearchValues/1371/PropertyTypeID/621
Ilam,1372,https://amar.org.ir/salnameh-amari/agentType/ViewSearch/CustomFieldIDs/65/SearchValues/1372/PropertyTypeID/621
Ilam,1373,https://amar.org.ir/salnameh-amari/agentType/ViewSearch/CustomFieldIDs/65/SearchValues/1373/PropertyTypeID/621
Ilam,1374,https://amar.org.ir/salnameh-amari/agentType/ViewSearch/CustomFieldIDs/65/SearchValues/1374/PropertyTypeID/621
Ilam,1375,https://amar.org.ir/salnameh-amari/agentType/ViewSearch/CustomFieldIDs/65/SearchValues/1375/PropertyTypeID/621
Ilam,1376,https://amar.org.ir/salnameh-amari/agentType/ViewSearch/CustomFieldIDs/65/SearchValues/1376/PropertyTypeID/621
Ilam,1377,https://amar.org.ir/salnameh-amari/agentType/ViewSearch/CustomFieldIDs/65/SearchValues/1377/PropertyTypeID/621
Ilam,1378,https://amar.org.ir/salnameh-amari/agentType/ViewSearch/CustomFieldIDs/65/SearchValues/1378/PropertyTypeID/621
Ilam,1379,https://amar.org.ir/salnameh-amari/agentType/ViewSearch/CustomFieldIDs/65/SearchValues/1379/PropertyTypeID/621
Ilam,1380,https://amar.org.ir/salnameh-amari/agentType/ViewSearch/CustomFieldIDs/65/SearchValues/1380/PropertyTypeID/621
Ilam,1381,https://amar.org.ir/salnameh-amari/agentType/ViewSearch/CustomFieldIDs/65/SearchValues/1381/PropertyTypeID/621
Ilam,1382,https://amar.org.ir/salnameh-amari/agentType/ViewSearch/CustomFieldIDs/65/SearchValues/1382/PropertyTypeID/621
Ilam,1383,https://amar.org.ir/salnameh-amari/agentType/ViewSearch/CustomFieldIDs/65/SearchValues/1383/PropertyTypeID/621
Ilam,1384,https://amar.org.ir/salnameh-amari/agentType/ViewSearch/CustomFieldIDs/65/SearchValues/1384/PropertyTypeID/621
Ilam,1385,https://amar.org.ir/salnameh-amari/agentType/ViewSearch/CustomFieldIDs/65/SearchValues/1385/PropertyTypeID/621
Ilam,1386,https://amar.org.ir/salnameh-amari/agentType/ViewSearch/CustomFieldIDs/65/SearchValues/1386/PropertyTypeID/621
Ilam,1387,https://amar.org.ir/salnameh-amari/agentType/ViewSearch/CustomFieldIDs/65/SearchValues/1387/PropertyTypeID/621
Ilam,1388,https://amar.org.ir/salnameh-amari/agentType/ViewSearch/CustomFieldIDs/65/SearchValues/1388/PropertyTypeID/621
Ilam,1389,https://amar.org.ir/salnameh-amari/agentType/ViewSearch/CustomFieldIDs/65/SearchValues/1389/PropertyTypeID/621
Ilam,1390,https://amar.org.ir/salnameh-amari/agentType/ViewSearch/CustomFieldIDs/65/SearchValues/1390/PropertyTypeID/621
Ilam,1391,https://amar.org.ir/salnameh-amari/agentType/ViewSearch/CustomFieldIDs/65/SearchValues/1391/PropertyTypeID/621
Ilam,1392,https://amar.org.ir/salnameh-amari/agentType/ViewSearch/CustomFieldIDs/65/SearchValues/1392/PropertyTypeID/621
Ilam,1393,https://amar.org.ir/salnameh-amari/agentType/ViewSearch/CustomFieldIDs/65/SearchValues/1393/PropertyTypeID/621
Ilam,1394,https://amar.org.ir/salnameh-amari/agentType/ViewSearch/CustomFieldIDs/65/SearchValues/1394/PropertyTypeID/621
Ilam,1395,https://amar.org.ir/salnameh-amari/agentType/ViewSearch/CustomFieldIDs/65/SearchValues/1395/PropertyTypeID/621
Ilam,1396,https://amar.org.ir/salnameh-amari/agentType/ViewSearch/CustomFieldIDs/65/SearchValues/1396/PropertyTypeID/621
Ilam,1397,https://amar.org.ir/salnameh-amari/agentType/ViewSearch/CustomFieldIDs/65/SearchValues/1397/PropertyTypeID/621
Ilam,1398,https://amar.org.ir/salnameh-amari/agentType/ViewSearch/CustomFieldIDs/65/SearchValues/1398/PropertyTypeID/621
Ilam,1399,https://amar.org.ir/salnameh-amari/agentType/ViewSearch/CustomFieldIDs/65/SearchValues/1399/PropertyTypeID/621
Ilam,1400,https://amar.org.ir/salnameh-amari/agentType/ViewSearch/CustomFieldIDs/65/SearchValues/1400/PropertyTypeID/621
Ilam,1401,https://amar.org.ir/salnameh-amari/agentType/ViewSearch/CustomFieldIDs/65/SearchValues/1401/PropertyTypeID/621
Ilam,1402,https://amar.org.ir/salnameh-amari/agentType/ViewSearch/CustomFieldIDs/65/SearchValues/1402/PropertyTypeID/621
Bushehr,1345,https://amar.org.ir/salnameh-amari/agentType/ViewSearch/CustomFieldIDs/65/SearchValues/1345/PropertyTypeID/622
Bushehr,1346,https://amar.org.ir/salnameh-amari/agentType/ViewSearch/CustomFieldIDs/65/SearchValues/1346/PropertyTypeID/622
Bushehr,1347,https://amar.org.ir/salnameh-amari/agentType/ViewSearch/CustomFieldIDs/65/SearchValues/1347/PropertyTypeID/622
Bushehr,1348,https://amar.org.ir/salnameh-amari/agentType/ViewSearch/CustomFieldIDs/65/SearchValues/1348/PropertyTypeID/622
Bushehr,1349,https://amar.org.ir/salnameh-amari/agentType/ViewSearch/CustomFieldIDs/65/SearchValues/1349/PropertyTypeID/622
Bushehr,1350,https://amar.org.ir/salnameh-amari/agentType/ViewSearch/CustomFieldIDs/65/SearchValues/1350/PropertyTypeID/622
Bushehr,1351,https://amar.org.ir/salnameh-amari/agentType/ViewSearch/CustomFieldIDs/65/SearchValues/1351/PropertyTypeID/622
Bushehr,1352,https://amar.org.ir/salnameh-amari/agentType/ViewSearch/CustomFieldIDs/65/SearchValues/1352/PropertyTypeID/622
Bushehr,1353,https://amar.org.ir/salnameh-amari/agentType/ViewSearch/CustomFieldIDs/65/SearchValues/1353/PropertyTypeID/622
Bushehr,1354,https://amar.org.ir/salnameh-amari/agentType/ViewSearch/CustomFieldIDs/65/SearchValues/1354/PropertyTypeID/622
Bushehr,1355,https://amar.org.ir/salnameh-amari/agentType/ViewSearch/CustomFieldIDs/65/SearchValues/1355/PropertyTypeID/622
Bushehr,1356,https://amar.org.ir/salnameh-amari/agentType/ViewSearch/CustomFieldIDs/65/SearchValues/1356/PropertyTypeID/622
Bushehr,1357,https://amar.org.ir/salnameh-amari/agentType/ViewSearch/CustomFieldIDs/65/SearchValues/1357/PropertyTypeID/622
Bushehr,1358,https://amar.org.ir/salnameh-amari/agentType/ViewSearch/CustomFieldIDs/65/SearchValues/1358/PropertyTypeID/622
Bushehr,1359,https://amar.org.ir/salnameh-amari/agentType/ViewSearch/CustomFieldIDs/65/SearchValues/1359/PropertyTypeID/622
Bushehr,1360,https://amar.org.ir/salnameh-amari/agentType/ViewSearch/CustomFieldIDs/65/SearchValues/1360/PropertyTypeID/622
Bushehr,1361,https://amar.org.ir/salnameh-amari/agentType/ViewSearch/CustomFieldIDs/65/SearchValues/1361/PropertyTypeID/622
Bushehr,1362,https://amar.org.ir/salnameh-amari/agentType/ViewSearch/CustomFieldIDs/65/SearchValues/1362/PropertyTypeID/622
Bushehr,1363,https://amar.org.ir/salnameh-amari/agentType/ViewSearch/CustomFieldIDs/65/SearchValues/1363/PropertyTypeID/622
Bushehr,1364,https://amar.org.ir/salnameh-amari/agentType/ViewSearch/CustomFieldIDs/65/SearchValues/1364/PropertyTypeID/622
Bushehr,1365,https://amar.org.ir/salnameh-amari/agentType/ViewSearch/CustomFieldIDs/65/SearchValues/1365/PropertyTypeID/622
Bushehr,1366,https://amar.org.ir/salnameh-amari/agentType/ViewSearch/CustomFieldIDs/65/SearchValues/1366/PropertyTypeID/622
Bushehr,1367,https://amar.org.ir/salnameh-amari/agentType/ViewSearch/CustomFieldIDs/65/SearchValues/1367/PropertyTypeID/622
Bushehr,1368,https://amar.org.ir/salnameh-amari/agentType/ViewSearch/CustomFieldIDs/65/SearchValues/1368/PropertyTypeID/622
Bushehr,1369,https://amar.org.ir/salnameh-amari/agentType/ViewSearch/CustomFieldIDs/65/SearchValues/1369/PropertyTypeID/622
Bushehr,1370,https://amar.org.ir/salnameh-amari/agentType/ViewSearch/CustomFieldIDs/65/SearchValues/1370/PropertyTypeID/622
Bushehr,1371,https://amar.org.ir/salnameh-amari/agentType/ViewSearch/CustomFieldIDs/65/SearchValues/1371/PropertyTypeID/622
Bushehr,1372,https://amar.org.ir/salnameh-amari/agentType/ViewSearch/CustomFieldIDs/65/SearchValues/1372/PropertyTypeID/622
Bushehr,1373,https://amar.org.ir/salnameh-amari/agentType/ViewSearch/CustomFieldIDs/65/SearchValues/1373/PropertyTypeID/622
Bushehr,1374,https://amar.org.ir/salnameh-amari/agentType/ViewSearch/CustomFieldIDs/65/SearchValues/1374/PropertyTypeID/622
Bushehr,1375,https://amar.org.ir/salnameh-amari/agentType/ViewSearch/CustomFieldIDs/65/SearchValues/1375/PropertyTypeID/622
Bushehr,1376,https://amar.org.ir/salnameh-amari/agentType/ViewSearch/CustomFieldIDs/65/SearchValues/1376/PropertyTypeID/622
Bushehr,1377,https://amar.org.ir/salnameh-amari/agentType/ViewSearch/CustomFieldIDs/65/SearchValues/1377/PropertyTypeID/622
Bushehr,1378,https://amar.org.ir/salnameh-amari/agentType/ViewSearch/CustomFieldIDs/65/SearchValues/1378/PropertyTypeID/622
Bushehr,1379,https://amar.org.ir/salnameh-amari/agentType/ViewSearch/CustomFieldIDs/65/SearchValues/1379/PropertyTypeID/622
Bushehr,1380,https://amar.org.ir/salnameh-amari/agentType/ViewSearch/CustomFieldIDs/65/SearchValues/1380/PropertyTypeID/622
Bushehr,1381,https://amar.org.ir/salnameh-amari/agentType/ViewSearch/CustomFieldIDs/65/SearchValues/1381/PropertyTypeID/622
Bushehr,1382,https://amar.org.ir/salnameh-amari/agentType/ViewSearch/CustomFieldIDs/65/SearchValues/1382/PropertyTypeID/622
Bushehr,1383,https://amar.org.ir/salnameh-amari/agentType/ViewSearch/CustomFieldIDs/65/SearchValues/1383/PropertyTypeID/622
Bushehr,1384,https://amar.org.ir/salnameh-amari/agentType/ViewSearch/CustomFieldIDs/65/SearchValues/1384/PropertyTypeID/622
Bushehr,1385,https://amar.org.ir/salnameh-amari/agentType/ViewSearch/CustomFieldIDs/65/SearchValues/1385/PropertyTypeID/622
Bushehr,1386,https://amar.org.ir/salnameh-amari/agentType/ViewSearch/CustomFieldIDs/65/SearchValues/1386/PropertyTypeID/622
Bushehr,1387,https://amar.org.ir/salnameh-amari/agentType/ViewSearch/CustomFieldIDs/65/SearchValues/1387/PropertyTypeID/622
Bushehr,1388,https://amar.org.ir/salnameh-amari/agentType/ViewSearch/CustomFieldIDs/65/SearchValues/1388/PropertyTypeID/622
Bushehr,1389,https://amar.org.ir/salnameh-amari/agentType/ViewSearch/CustomFieldIDs/65/SearchValues/1389/PropertyTypeID/622
Bushehr,1390,https://amar.org.ir/salnameh-amari/agentType/ViewSearch/CustomFieldIDs/65/SearchValues/1390/PropertyTypeID/622
Bushehr,1391,https://amar.org.ir/salnameh-amari/agentType/ViewSearch/CustomFieldIDs/65/SearchValues/1391/PropertyTypeID/622
Bushehr,1392,https://amar.org.ir/salnameh-amari/agentType/ViewSearch/CustomFieldIDs/65/SearchValues/1392/PropertyTypeID/622
Bushehr,1393,https://amar.org.ir/salnameh-amari/agentType/ViewSearch/CustomFieldIDs/65/SearchValues/1393/PropertyTypeID/622
Bushehr,1394,https://amar.org.ir/salnameh-amari/agentType/ViewSearch/CustomFieldIDs/65/SearchValues/1394/PropertyTypeID/622
Bushehr,1395,https://amar.org.ir/salnameh-amari/agentType/ViewSearch/CustomFieldIDs/65/SearchValues/1395/PropertyTypeID/622
Bushehr,1396,https://amar.org.ir/salnameh-amari/agentType/ViewSearch/CustomFieldIDs/65/SearchValues/1396/PropertyTypeID/622
Bushehr,1397,https://amar.org.ir/salnameh-amari/agentType/ViewSearch/CustomFieldIDs/65/SearchValues/1397/PropertyTypeID/622
Bushehr,1398,https://amar.org.ir/salnameh-amari/agentType/ViewSearch/CustomFieldIDs/65/SearchValues/1398/PropertyTypeID/622
Bushehr,1399,https://amar.org.ir/salnameh-amari/agentType/ViewSearch/CustomFieldIDs/65/SearchValues/1399/PropertyTypeID/622
Bushehr,1400,https://amar.org.ir/salnameh-amari/agentType/ViewSearch/CustomFieldIDs/65/SearchValues/1400/PropertyTypeID/622
Bushehr,1401,https://amar.org.ir/salnameh-amari/agentType/ViewSearch/CustomFieldIDs/65/SearchValues/1401/PropertyTypeID/622
Bushehr,1402,https://amar.org.ir/salnameh-amari/agentType/ViewSearch/CustomFieldIDs/65/SearchValues/1402/PropertyTypeID/622
Tehran,1345,https://amar.org.ir/salnameh-amari/agentType/ViewSearch/CustomFieldIDs/65/SearchValues/1345/PropertyTypeID/623
Tehran,1346,https://amar.org.ir/salnameh-amari/agentType/ViewSearch/CustomFieldIDs/65/SearchValues/1346/PropertyTypeID/623
Tehran,1347,https://amar.org.ir/salnameh-amari/agentType/ViewSearch/CustomFieldIDs/65/SearchValues/1347/PropertyTypeID/623
Tehran,1348,https://amar.org.ir/salnameh-amari/agentType/ViewSearch/CustomFieldIDs/65/SearchValues/1348/PropertyTypeID/623
Tehran,1349,https://amar.org.ir/salnameh-amari/agentType/ViewSearch/CustomFieldIDs/65/SearchValues/1349/PropertyTypeID/623
Tehran,1350,https://amar.org.ir/salnameh-amari/agentType/ViewSearch/CustomFieldIDs/65/SearchValues/1350/PropertyTypeID/623
Tehran,1351,https://amar.org.ir/salnameh-amari/agentType/ViewSearch/CustomFieldIDs/65/SearchValues/1351/PropertyTypeID/623
Tehran,1352,https://amar.org.ir/salnameh-amari/agentType/ViewSearch/CustomFieldIDs/65/SearchValues/1352/PropertyTypeID/623
Tehran,1353,https://amar.org.ir/salnameh-amari/agentType/ViewSearch/CustomFieldIDs/65/SearchValues/1353/PropertyTypeID/623
Tehran,1354,https://amar.org.ir/salnameh-amari/agentType/ViewSearch/CustomFieldIDs/65/SearchValues/1354/PropertyTypeID/623
Tehran,1355,https://amar.org.ir/salnameh-amari/agentType/ViewSearch/CustomFieldIDs/65/SearchValues/1355/PropertyTypeID/623
Tehran,1356,https://amar.org.ir/salnameh-amari/agentType/ViewSearch/CustomFieldIDs/65/SearchValues/1356/PropertyTypeID/623
Tehran,1357,https://amar.org.ir/salnameh-amari/agentType/ViewSearch/CustomFieldIDs/65/SearchValues/1357/PropertyTypeID/623
Tehran,1358,https://amar.org.ir/salnameh-amari/agentType/ViewSearch/CustomFieldIDs/65/SearchValues/1358/PropertyTypeID/623
Tehran,1359,https://amar.org.ir/salnameh-amari/agentType/ViewSearch/CustomFieldIDs/65/SearchValues/1359/PropertyTypeID/623
Tehran,1360,https://amar.org.ir/salnameh-amari/agentType/ViewSearch/CustomFieldIDs/65/SearchValues/1360/PropertyTypeID/623
Tehran,1361,https://amar.org.ir/salnameh-amari/agentType/ViewSearch/CustomFieldIDs/65/SearchValues/1361/PropertyTypeID/623
Tehran,1362,https://amar.org.ir/salnameh-amari/agentType/ViewSearch/CustomFieldIDs/65/SearchValues/1362/PropertyTypeID/623
Tehran,1363,https://amar.org.ir/salnameh-amari/agentType/ViewSearch/CustomFieldIDs/65/SearchValues/1363/PropertyTypeID/623
Tehran,1364,https://amar.org.ir/salnameh-amari/agentType/ViewSearch/CustomFieldIDs/65/SearchValues/1364/PropertyTypeID/623
Tehran,1365,https://amar.org.ir/salnameh-amari/agentType/ViewSearch/CustomFieldIDs/65/SearchValues/1365/PropertyTypeID/623
Tehran,1366,https://amar.org.ir/salnameh-amari/agentType/ViewSearch/CustomFieldIDs/65/SearchValues/1366/PropertyTypeID/623
Tehran,1367,https://amar.org.ir/salnameh-amari/agentType/ViewSearch/CustomFieldIDs/65/SearchValues/1367/PropertyTypeID/623
Tehran,1368,https://amar.org.ir/salnameh-amari/agentType/ViewSearch/CustomFieldIDs/65/SearchValues/1368/PropertyTypeID/623
Tehran,1369,https://amar.org.ir/salnameh-amari/agentType/ViewSearch/CustomFieldIDs/65/SearchValues/1369/PropertyTypeID/623
Tehran,1370,https://amar.org.ir/salnameh-amari/agentType/ViewSearch/CustomFieldIDs/65/SearchValues/1370/PropertyTypeID/623
Tehran,1371,https://amar.org.ir/salnameh-amari/agentType/ViewSearch/CustomFieldIDs/65/SearchValues/1371/PropertyTypeID/623
Tehran,1372,https://amar.org.ir/salnameh-amari/agentType/ViewSearch/CustomFieldIDs/65/SearchValues/1372/PropertyTypeID/623
Tehran,1373,https://amar.org.ir/salnameh-amari/agentType/ViewSearch/CustomFieldIDs/65/SearchValues/1373/PropertyTypeID/623
Tehran,1374,https://amar.org.ir/salnameh-amari/agentType/ViewSearch/CustomFieldIDs/65/SearchValues/1374/PropertyTypeID/623
Tehran,1375,https://amar.org.ir/salnameh-amari/agentType/ViewSearch/CustomFieldIDs/65/SearchValues/1375/PropertyTypeID/623
Tehran,1376,https://amar.org.ir/salnameh-amari/agentType/ViewSearch/CustomFieldIDs/65/SearchValues/1376/PropertyTypeID/623
Tehran,1377,https://amar.org.ir/salnameh-amari/agentType/ViewSearch/CustomFieldIDs/65/SearchValues/1377/PropertyTypeID/623
Tehran,1378,https://amar.org.ir/salnameh-amari/agentType/ViewSearch/CustomFieldIDs/65/SearchValues/1378/PropertyTypeID/623
Tehran,1379,https://amar.org.ir/salnameh-amari/agentType/ViewSearch/CustomFieldIDs/65/SearchValues/1379/PropertyTypeID/623
Tehran,1380,https://amar.org.ir/salnameh-amari/agentType/ViewSearch/CustomFieldIDs/65/SearchValues/1380/PropertyTypeID/623
Tehran,1381,https://amar.org.ir/salnameh-amari/agentType/ViewSearch/CustomFieldIDs/65/SearchValues/1381/PropertyTypeID/623
Tehran,1382,https://amar.org.ir/salnameh-amari/agentType/ViewSearch/CustomFieldIDs/65/SearchValues/1382/PropertyTypeID/623
Tehran,1383,https://amar.org.ir/salnameh-amari/agentType/ViewSearch/CustomFieldIDs/65/SearchValues/1383/PropertyTypeID/623
Tehran,1384,https://amar.org.ir/salnameh-amari/agentType/ViewSearch/CustomFieldIDs/65/SearchValues/1384/PropertyTypeID/623
Tehran,1385,https://amar.org.ir/salnameh-amari/agentType/ViewSearch/CustomFieldIDs/65/SearchValues/1385/PropertyTypeID/623
Tehran,1386,https://amar.org.ir/salnameh-amari/agentType/ViewSearch/CustomFieldIDs/65/SearchValues/1386/PropertyTypeID/623
Tehran,1387,https://amar.org.ir/salnameh-amari/agentType/ViewSearch/CustomFieldIDs/65/SearchValues/1387/PropertyTypeID/623
Tehran,1388,https://amar.org.ir/salnameh-amari/agentType/ViewSearch/CustomFieldIDs/65/SearchValues/1388/PropertyTypeID/623
Tehran,1389,https://amar.org.ir/salnameh-amari/agentType/ViewSearch/CustomFieldIDs/65/SearchValues/1389/PropertyTypeID/623
Tehran,1390,https://amar.org.ir/salnameh-amari/agentType/ViewSearch/CustomFieldIDs/65/SearchValues/1390/PropertyTypeID/623
Tehran,1391,https://amar.org.ir/salnameh-amari/agentType/ViewSearch/CustomFieldIDs/65/SearchValues/1391/PropertyTypeID/623
Tehran,1392,https://amar.org.ir/salnameh-amari/agentType/ViewSearch/CustomFieldIDs/65/SearchValues/1392/PropertyTypeID/623
Tehran,1393,https://amar.org.ir/salnameh-amari/agentType/ViewSearch/CustomFieldIDs/65/SearchValues/1393/PropertyTypeID/623
Tehran,1394,https://amar.org.ir/salnameh-amari/agentType/ViewSearch/CustomFieldIDs/65/SearchValues/1394/PropertyTypeID/623
Tehran,1395,https://amar.org.ir/salnameh-amari/agentType/ViewSearch/CustomFieldIDs/65/SearchValues/1395/PropertyTypeID/623
Tehran,1396,https://amar.org.ir/salnameh-amari/agentType/ViewSearch/CustomFieldIDs/65/SearchValues/1396/PropertyTypeID/623
Tehran,1397,https://amar.org.ir/salnameh-amari/agentType/ViewSearch/CustomFieldIDs/65/SearchValues/1397/PropertyTypeID/623
Tehran,1398,https://amar.org.ir/salnameh-amari/agentType/ViewSearch/CustomFieldIDs/65/SearchValues/1398/PropertyTypeID/623
Tehran,1399,https://amar.org.ir/salnameh-amari/agentType/ViewSearch/CustomFieldIDs/65/SearchValues/1399/PropertyTypeID/623
Tehran,1400,https://amar.org.ir/salnameh-amari/agentType/ViewSearch/CustomFieldIDs/65/SearchValues/1400/PropertyTypeID/623
Tehran,1401,https://amar.org.ir/salnameh-amari/agentType/ViewSearch/CustomFieldIDs/65/SearchValues/1401/PropertyTypeID/623
Tehran,1402,https://amar.org.ir/salnameh-amari/agentType/ViewSearch/CustomFieldIDs/65/SearchValues/1402/PropertyTypeID/623
Chaharmahal and Bakhtiari,1345,https://amar.org.ir/salnameh-amari/agentType/ViewSearch/CustomFieldIDs/65/SearchValues/1345/PropertyTypeID/624
Chaharmahal and Bakhtiari,1346,https://amar.org.ir/salnameh-amari/agentType/ViewSearch/CustomFieldIDs/65/SearchValues/1346/PropertyTypeID/624
Chaharmahal and Bakhtiari,1347,https://amar.org.ir/salnameh-amari/agentType/ViewSearch/CustomFieldIDs/65/SearchValues/1347/PropertyTypeID/624
Chaharmahal and Bakhtiari,1348,https://amar.org.ir/salnameh-amari/agentType/ViewSearch/CustomFieldIDs/65/SearchValues/1348/PropertyTypeID/624
Chaharmahal and Bakhtiari,1349,https://amar.org.ir/salnameh-amari/agentType/ViewSearch/CustomFieldIDs/65/SearchValues/1349/PropertyTypeID/624
Chaharmahal and Bakhtiari,1350,https://amar.org.ir/salnameh-amari/agentType/ViewSearch/CustomFieldIDs/65/SearchValues/1350/PropertyTypeID/624
Chaharmahal and Bakhtiari,1351,https://amar.org.ir/salnameh-amari/agentType/ViewSearch/CustomFieldIDs/65/SearchValues/1351/PropertyTypeID/624
Chaharmahal and Bakhtiari,1352,https://amar.org.ir/salnameh-amari/agentType/ViewSearch/CustomFieldIDs/65/SearchValues/1352/PropertyTypeID/624
Chaharmahal and Bakhtiari,1353,https://amar.org.ir/salnameh-amari/agentType/ViewSearch/CustomFieldIDs/65/SearchValues/1353/PropertyTypeID/624
Chaharmahal and Bakhtiari,1354,https://amar.org.ir/salnameh-amari/agentType/ViewSearch/CustomFieldIDs/65/SearchValues/1354/PropertyTypeID/624
Chaharmahal and Bakhtiari,1355,https://amar.org.ir/salnameh-amari/agentType/ViewSearch/CustomFieldIDs/65/SearchValues/1355/PropertyTypeID/624
Chaharmahal and Bakhtiari,1356,https://amar.org.ir/salnameh-amari/agentType/ViewSearch/CustomFieldIDs/65/SearchValues/1356/PropertyTypeID/624
Chaharmahal and Bakhtiari,1357,https://amar.org.ir/salnameh-amari/agentType/ViewSearch/CustomFieldIDs/65/SearchValues/1357/PropertyTypeID/624
Chaharmahal and Bakhtiari,1358,https://amar.org.ir/salnameh-amari/agentType/ViewSearch/CustomFieldIDs/65/SearchValues/1358/PropertyTypeID/624
Chaharmahal and Bakhtiari,1359,https://amar.org.ir/salnameh-amari/agentType/ViewSearch/CustomFieldIDs/65/SearchValues/1359/PropertyTypeID/624
Chaharmahal and Bakhtiari,1360,https://amar.org.ir/salnameh-amari/agentType/ViewSearch/CustomFieldIDs/65/SearchValues/1360/PropertyTypeID/624
Chaharmahal and Bakhtiari,1361,https://amar.org.ir/salnameh-amari/agentType/ViewSearch/CustomFieldIDs/65/SearchValues/1361/PropertyTypeID/624
Chaharmahal and Bakhtiari,1362,https://amar.org.ir/salnameh-amari/agentType/ViewSearch/CustomFieldIDs/65/SearchValues/1362/PropertyTypeID/624
Chaharmahal and Bakhtiari,1363,https://amar.org.ir/salnameh-amari/agentType/ViewSearch/CustomFieldIDs/65/SearchValues/1363/PropertyTypeID/624
Chaharmahal and Bakhtiari,1364,https://amar.org.ir/salnameh-amari/agentType/ViewSearch/CustomFieldIDs/65/SearchValues/1364/PropertyTypeID/624
Chaharmahal and Bakhtiari,1365,https://amar.org.ir/salnameh-amari/agentType/ViewSearch/CustomFieldIDs/65/SearchValues/1365/PropertyTypeID/624
Chaharmahal and Bakhtiari,1366,https://amar.org.ir/salnameh-amari/agentType/ViewSearch/CustomFieldIDs/65/SearchValues/1366/PropertyTypeID/624
Chaharmahal and Bakhtiari,1367,https://amar.org.ir/salnameh-amari/agentType/ViewSearch/CustomFieldIDs/65/SearchValues/1367/PropertyTypeID/624
Chaharmahal and Bakhtiari,1368,https://amar.org.ir/salnameh-amari/agentType/ViewSearch/CustomFieldIDs/65/SearchValues/1368/PropertyTypeID/624
Chaharmahal and Bakhtiari,1369,https://amar.org.ir/salnameh-amari/agentType/ViewSearch/CustomFieldIDs/65/SearchValues/1369/PropertyTypeID/624
Chaharmahal and Bakhtiari,1370,https://amar.org.ir/salnameh-amari/agentType/ViewSearch/CustomFieldIDs/65/SearchValues/1370/PropertyTypeID/624
Chaharmahal and Bakhtiari,1371,https://amar.org.ir/salnameh-amari/agentType/ViewSearch/CustomFieldIDs/65/SearchValues/1371/PropertyTypeID/624
Chaharmahal and Bakhtiari,1372,https://amar.org.ir/salnameh-amari/agentType/ViewSearch/CustomFieldIDs/65/SearchValues/1372/PropertyTypeID/624
Chaharmahal and Bakhtiari,1373,https://amar.org.ir/salnameh-amari/agentType/ViewSearch/CustomFieldIDs/65/SearchValues/1373/PropertyTypeID/624
Chaharmahal and Bakhtiari,1374,https://amar.org.ir/salnameh-amari/agentType/ViewSearch/CustomFieldIDs/65/SearchValues/1374/PropertyTypeID/624
Chaharmahal and Bakhtiari,1375,https://amar.org.ir/salnameh-amari/agentType/ViewSearch/CustomFieldIDs/65/SearchValues/1375/PropertyTypeID/624
Chaharmahal and Bakhtiari,1376,https://amar.org.ir/salnameh-amari/agentType/ViewSearch/CustomFieldIDs/65/SearchValues/1376/PropertyTypeID/624
Chaharmahal and Bakhtiari,1377,https://amar.org.ir/salnameh-amari/agentType/ViewSearch/CustomFieldIDs/65/SearchValues/1377/PropertyTypeID/624
Chaharmahal and Bakhtiari,1378,https://amar.org.ir/salnameh-amari/agentType/ViewSearch/CustomFieldIDs/65/SearchValues/1378/PropertyTypeID/624
Chaharmahal and Bakhtiari,1379,https://amar.org.ir/salnameh-amari/agentType/ViewSearch/CustomFieldIDs/65/SearchValues/1379/PropertyTypeID/624
Chaharmahal and Bakhtiari,1380,https://amar.org.ir/salnameh-amari/agentType/ViewSearch/CustomFieldIDs/65/SearchValues/1380/PropertyTypeID/624
Chaharmahal and Bakhtiari,1381,https://amar.org.ir/salnameh-amari/agentType/ViewSearch/CustomFieldIDs/65/SearchValues/1381/PropertyTypeID/624
Chaharmahal and Bakhtiari,1382,https://amar.org.ir/salnameh-amari/agentType/ViewSearch/CustomFieldIDs/65/SearchValues/1382/PropertyTypeID/624
Chaharmahal and Bakhtiari,1383,https://amar.org.ir/salnameh-amari/agentType/ViewSearch/CustomFieldIDs/65/SearchValues/1383/PropertyTypeID/624
Chaharmahal and Bakhtiari,1384,https://amar.org.ir/salnameh-amari/agentType/ViewSearch/CustomFieldIDs/65/SearchValues/1384/PropertyTypeID/624
Chaharmahal and Bakhtiari,1385,https://amar.org.ir/salnameh-amari/agentType/ViewSearch/CustomFieldIDs/65/SearchValues/1385/PropertyTypeID/624
Chaharmahal and Bakhtiari,1386,https://amar.org.ir/salnameh-amari/agentType/ViewSearch/CustomFieldIDs/65/SearchValues/1386/PropertyTypeID/624
Chaharmahal and Bakhtiari,1387,https://amar.org.ir/salnameh-amari/agentType/ViewSearch/CustomFieldIDs/65/SearchValues/1387/PropertyTypeID/624
Chaharmahal and Bakhtiari,1388,https://amar.org.ir/salnameh-amari/agentType/ViewSearch/CustomFieldIDs/65/SearchValues/1388/PropertyTypeID/624
Chaharmahal and Bakhtiari,1389,https://amar.org.ir/salnameh-amari/agentType/ViewSearch/CustomFieldIDs/65/SearchValues/1389/PropertyTypeID/624
Chaharmahal and Bakhtiari,1390,https://amar.org.ir/salnameh-amari/agentType/ViewSearch/CustomFieldIDs/65/SearchValues/1390/PropertyTypeID/624
Chaharmahal and Bakhtiari,1391,https://amar.org.ir/salnameh-amari/agentType/ViewSearch/CustomFieldIDs/65/SearchValues/1391/PropertyTypeID/624
Chaharmahal and Bakhtiari,1392,https://amar.org.ir/salnameh-amari/agentType/ViewSearch/CustomFieldIDs/65/SearchValues/1392/PropertyTypeID/624
Chaharmahal and Bakhtiari,1393,https://amar.org.ir/salnameh-amari/agentType/ViewSearch/CustomFieldIDs/65/SearchValues/1393/PropertyTypeID/624
Chaharmahal and Bakhtiari,1394,https://amar.org.ir/salnameh-amari/agentType/ViewSearch/CustomFieldIDs/65/SearchValues/1394/PropertyTypeID/624
Chaharmahal and Bakhtiari,1395,https://amar.org.ir/salnameh-amari/agentType/ViewSearch/CustomFieldIDs/65/SearchValues/1395/PropertyTypeID/624
Chaharmahal and Bakhtiari,1396,https://amar.org.ir/salnameh-amari/agentType/ViewSearch/CustomFieldIDs/65/SearchValues/1396/PropertyTypeID/624
Chaharmahal and Bakhtiari,1397,https://amar.org.ir/salnameh-amari/agentType/ViewSearch/CustomFieldIDs/65/SearchValues/1397/PropertyTypeID/624
Chaharmahal and Bakhtiari,1398,https://amar.org.ir/salnameh-amari/agentType/ViewSearch/CustomFieldIDs/65/SearchValues/1398/PropertyTypeID/624
Chaharmahal and Bakhtiari,1399,https://amar.org.ir/salnameh-amari/agentType/ViewSearch/CustomFieldIDs/65/SearchValues/1399/PropertyTypeID/624
Chaharmahal and Bakhtiari,1400,https://amar.org.ir/salnameh-amari/agentType/ViewSearch/CustomFieldIDs/65/SearchValues/1400/PropertyTypeID/624
Chaharmahal and Bakhtiari,1401,https://amar.org.ir/salnameh-amari/agentType/ViewSearch/CustomFieldIDs/65/SearchValues/1401/PropertyTypeID/624
Chaharmahal and Bakhtiari,1402,https://amar.org.ir/salnameh-amari/agentType/ViewSearch/CustomFieldIDs/65/SearchValues/1402/PropertyTypeID/624
North Khorasan,1345,https://amar.org.ir/salnameh-amari/agentType/ViewSearch/CustomFieldIDs/65/SearchValues/1345/PropertyTypeID/625
North Khorasan,1346,https://amar.org.ir/salnameh-amari/agentType/ViewSearch/CustomFieldIDs/65/SearchValues/1346/PropertyTypeID/625
North Khorasan,1347,https://amar.org.ir/salnameh-amari/agentType/ViewSearch/CustomFieldIDs/65/SearchValues/1347/PropertyTypeID/625
North Khorasan,1348,https://amar.org.ir/salnameh-amari/agentType/ViewSearch/CustomFieldIDs/65/SearchValues/1348/PropertyTypeID/625
North Khorasan,1349,https://amar.org.ir/salnameh-amari/agentType/ViewSearch/CustomFieldIDs/65/SearchValues/1349/PropertyTypeID/625
North Khorasan,1350,https://amar.org.ir/salnameh-amari/agentType/ViewSearch/CustomFieldIDs/65/SearchValues/1350/PropertyTypeID/625
North Khorasan,1351,https://amar.org.ir/salnameh-amari/agentType/ViewSearch/CustomFieldIDs/65/SearchValues/1351/PropertyTypeID/625
North Khorasan,1352,https://amar.org.ir/salnameh-amari/agentType/ViewSearch/CustomFieldIDs/65/SearchValues/1352/PropertyTypeID/625
North Khorasan,1353,https://amar.org.ir/salnameh-amari/agentType/ViewSearch/CustomFieldIDs/65/SearchValues/1353/PropertyTypeID/625
North Khorasan,1354,https://amar.org.ir/salnameh-amari/agentType/ViewSearch/CustomFieldIDs/65/SearchValues/1354/PropertyTypeID/625
North Khorasan,1355,https://amar.org.ir/salnameh-amari/agentType/ViewSearch/CustomFieldIDs/65/SearchValues/1355/PropertyTypeID/625
North Khorasan,1356,https://amar.org.ir/salnameh-amari/agentType/ViewSearch/CustomFieldIDs/65/SearchValues/1356/PropertyTypeID/625
North Khorasan,1357,https://amar.org.ir/salnameh-amari/agentType/ViewSearch/CustomFieldIDs/65/SearchValues/1357/PropertyTypeID/625
North Khorasan,1358,https://amar.org.ir/salnameh-amari/agentType/ViewSearch/CustomFieldIDs/65/SearchValues/1358/PropertyTypeID/625
North Khorasan,1359,https://amar.org.ir/salnameh-amari/agentType/ViewSearch/CustomFieldIDs/65/SearchValues/1359/PropertyTypeID/625
North Khorasan,1360,https://amar.org.ir/salnameh-amari/agentType/ViewSearch/CustomFieldIDs/65/SearchValues/1360/PropertyTypeID/625
North Khorasan,1361,https://amar.org.ir/salnameh-amari/agentType/ViewSearch/CustomFieldIDs/65/SearchValues/1361/PropertyTypeID/625
North Khorasan,1362,https://amar.org.ir/salnameh-amari/agentType/ViewSearch/CustomFieldIDs/65/SearchValues/1362/PropertyTypeID/625
North Khorasan,1363,https://amar.org.ir/salnameh-amari/agentType/ViewSearch/CustomFieldIDs/65/SearchValues/1363/PropertyTypeID/625
North Khorasan,1364,https://amar.org.ir/salnameh-amari/agentType/ViewSearch/CustomFieldIDs/65/SearchValues/1364/PropertyTypeID/625
North Khorasan,1365,https://amar.org.ir/salnameh-amari/agentType/ViewSearch/CustomFieldIDs/65/SearchValues/1365/PropertyTypeID/625
North Khorasan,1366,https://amar.org.ir/salnameh-amari/agentType/ViewSearch/CustomFieldIDs/65/SearchValues/1366/PropertyTypeID/625
North Khorasan,1367,https://amar.org.ir/salnameh-amari/agentType/ViewSearch/CustomFieldIDs/65/SearchValues/1367/PropertyTypeID/625
North Khorasan,1368,https://amar.org.ir/salnameh-amari/agentType/ViewSearch/CustomFieldIDs/65/SearchValues/1368/PropertyTypeID/625
North Khorasan,1369,https://amar.org.ir/salnameh-amari/agentType/ViewSearch/CustomFieldIDs/65/SearchValues/1369/PropertyTypeID/625
North Khorasan,1370,https://amar.org.ir/salnameh-amari/agentType/ViewSearch/CustomFieldIDs/65/SearchValues/1370/PropertyTypeID/625
North Khorasan,1371,https://amar.org.ir/salnameh-amari/agentType/ViewSearch/CustomFieldIDs/65/SearchValues/1371/PropertyTypeID/625
North Khorasan,1372,https://amar.org.ir/salnameh-amari/agentType/ViewSearch/CustomFieldIDs/65/SearchValues/1372/PropertyTypeID/625
North Khorasan,1373,https://amar.org.ir/salnameh-amari/agentType/ViewSearch/CustomFieldIDs/65/SearchValues/1373/PropertyTypeID/625
North Khorasan,1374,https://amar.org.ir/salnameh-amari/agentType/ViewSearch/CustomFieldIDs/65/SearchValues/1374/PropertyTypeID/625
North Khorasan,1375,https://amar.org.ir/salnameh-amari/agentType/ViewSearch/CustomFieldIDs/65/SearchValues/1375/PropertyTypeID/625
North Khorasan,1376,https://amar.org.ir/salnameh-amari/agentType/ViewSearch/CustomFieldIDs/65/SearchValues/1376/PropertyTypeID/625
North Khorasan,1377,https://amar.org.ir/salnameh-amari/agentType/ViewSearch/CustomFieldIDs/65/SearchValues/1377/PropertyTypeID/625
North Khorasan,1378,https://amar.org.ir/salnameh-amari/agentType/ViewSearch/CustomFieldIDs/65/SearchValues/1378/PropertyTypeID/625
North Khorasan,1379,https://amar.org.ir/salnameh-amari/agentType/ViewSearch/CustomFieldIDs/65/SearchValues/1379/PropertyTypeID/625
North Khorasan,1380,https://amar.org.ir/salnameh-amari/agentType/ViewSearch/CustomFieldIDs/65/SearchValues/1380/PropertyTypeID/625
North Khorasan,1381,https://amar.org.ir/salnameh-amari/agentType/ViewSearch/CustomFieldIDs/65/SearchValues/1381/PropertyTypeID/625
North Khorasan,1382,https://amar.org.ir/salnameh-amari/agentType/ViewSearch/CustomFieldIDs/65/SearchValues/1382/PropertyTypeID/625
North Khorasan,1383,https://amar.org.ir/salnameh-amari/agentType/ViewSearch/CustomFieldIDs/65/SearchValues/1383/PropertyTypeID/625
North Khorasan,1384,https://amar.org.ir/salnameh-amari/agentType/ViewSearch/CustomFieldIDs/65/SearchValues/1384/PropertyTypeID/625
North Khorasan,1385,https://amar.org.ir/salnameh-amari/agentType/ViewSearch/CustomFieldIDs/65/SearchValues/1385/PropertyTypeID/625
North Khorasan,1386,https://amar.org.ir/salnameh-amari/agentType/ViewSearch/CustomFieldIDs/65/SearchValues/1386/PropertyTypeID/625
North Khorasan,1387,https://amar.org.ir/salnameh-amari/agentType/ViewSearch/CustomFieldIDs/65/SearchValues/1387/PropertyTypeID/625
North Khorasan,1388,https://amar.org.ir/salnameh-amari/agentType/ViewSearch/CustomFieldIDs/65/SearchValues/1388/PropertyTypeID/625
North Khorasan,1389,https://amar.org.ir/salnameh-amari/agentType/ViewSearch/CustomFieldIDs/65/SearchValues/1389/PropertyTypeID/625
North Khorasan,1390,https://amar.org.ir/salnameh-amari/agentType/ViewSearch/CustomFieldIDs/65/SearchValues/1390/PropertyTypeID/625
North Khorasan,1391,https://amar.org.ir/salnameh-amari/agentType/ViewSearch/CustomFieldIDs/65/SearchValues/1391/PropertyTypeID/625
North Khorasan,1392,https://amar.org.ir/salnameh-amari/agentType/ViewSearch/CustomFieldIDs/65/SearchValues/1392/PropertyTypeID/625
North Khorasan,1393,https://amar.org.ir/salnameh-amari/agentType/ViewSearch/CustomFieldIDs/65/SearchValues/1393/PropertyTypeID/625
North Khorasan,1394,https://amar.org.ir/salnameh-amari/agentType/ViewSearch/CustomFieldIDs/65/SearchValues/1394/PropertyTypeID/625
North Khorasan,1395,https://amar.org.ir/salnameh-amari/agentType/ViewSearch/CustomFieldIDs/65/SearchValues/1395/PropertyTypeID/625
North Khorasan,1396,https://amar.org.ir/salnameh-amari/agentType/ViewSearch/CustomFieldIDs/65/SearchValues/1396/PropertyTypeID/625
North Khorasan,1397,https://amar.org.ir/salnameh-amari/agentType/ViewSearch/CustomFieldIDs/65/SearchValues/1397/PropertyTypeID/625
North Khorasan,1398,https://amar.org.ir/salnameh-amari/agentType/ViewSearch/CustomFieldIDs/65/SearchValues/1398/PropertyTypeID/625
North Khorasan,1399,https://amar.org.ir/salnameh-amari/agentType/ViewSearch/CustomFieldIDs/65/SearchValues/1399/PropertyTypeID/625
North Khorasan,1400,https://amar.org.ir/salnameh-amari/agentType/ViewSearch/CustomFieldIDs/65/SearchValues/1400/PropertyTypeID/625
North Khorasan,1401,https://amar.org.ir/salnameh-amari/agentType/ViewSearch/CustomFieldIDs/65/SearchValues/1401/PropertyTypeID/625
North Khorasan,1402,https://amar.org.ir/salnameh-amari/agentType/ViewSearch/CustomFieldIDs/65/SearchValues/1402/PropertyTypeID/625
Razavi Khorasan,1345,https://amar.org.ir/salnameh-amari/agentType/ViewSearch/CustomFieldIDs/65/SearchValues/1345/PropertyTypeID/626
Razavi Khorasan,1346,https://amar.org.ir/salnameh-amari/agentType/ViewSearch/CustomFieldIDs/65/SearchValues/1346/PropertyTypeID/626
Razavi Khorasan,1347,https://amar.org.ir/salnameh-amari/agentType/ViewSearch/CustomFieldIDs/65/SearchValues/1347/PropertyTypeID/626
Razavi Khorasan,1348,https://amar.org.ir/salnameh-amari/agentType/ViewSearch/CustomFieldIDs/65/SearchValues/1348/PropertyTypeID/626
Razavi Khorasan,1349,https://amar.org.ir/salnameh-amari/agentType/ViewSearch/CustomFieldIDs/65/SearchValues/1349/PropertyTypeID/626
Razavi Khorasan,1350,https://amar.org.ir/salnameh-amari/agentType/ViewSearch/CustomFieldIDs/65/SearchValues/1350/PropertyTypeID/626
Razavi Khorasan,1351,https://amar.org.ir/salnameh-amari/agentType/ViewSearch/CustomFieldIDs/65/SearchValues/1351/PropertyTypeID/626
Razavi Khorasan,1352,https://amar.org.ir/salnameh-amari/agentType/ViewSearch/CustomFieldIDs/65/SearchValues/1352/PropertyTypeID/626
Razavi Khorasan,1353,https://amar.org.ir/salnameh-amari/agentType/ViewSearch/CustomFieldIDs/65/SearchValues/1353/PropertyTypeID/626
Razavi Khorasan,1354,https://amar.org.ir/salnameh-amari/agentType/ViewSearch/CustomFieldIDs/65/SearchValues/1354/PropertyTypeID/626
Razavi Khorasan,1355,https://amar.org.ir/salnameh-amari/agentType/ViewSearch/CustomFieldIDs/65/SearchValues/1355/PropertyTypeID/626
Razavi Khorasan,1356,https://amar.org.ir/salnameh-amari/agentType/ViewSearch/CustomFieldIDs/65/SearchValues/1356/PropertyTypeID/626
Razavi Khorasan,1357,https://amar.org.ir/salnameh-amari/agentType/ViewSearch/CustomFieldIDs/65/SearchValues/1357/PropertyTypeID/626
Razavi Khorasan,1358,https://amar.org.ir/salnameh-amari/agentType/ViewSearch/CustomFieldIDs/65/SearchValues/1358/PropertyTypeID/626
Razavi Khorasan,1359,https://amar.org.ir/salnameh-amari/agentType/ViewSearch/CustomFieldIDs/65/SearchValues/1359/PropertyTypeID/626
Razavi Khorasan,1360,https://amar.org.ir/salnameh-amari/agentType/ViewSearch/CustomFieldIDs/65/SearchValues/1360/PropertyTypeID/626
Razavi Khorasan,1361,https://amar.org.ir/salnameh-amari/agentType/ViewSearch/CustomFieldIDs/65/SearchValues/1361/PropertyTypeID/626
Razavi Khorasan,1362,https://amar.org.ir/salnameh-amari/agentType/ViewSearch/CustomFieldIDs/65/SearchValues/1362/PropertyTypeID/626
Razavi Khorasan,1363,https://amar.org.ir/salnameh-amari/agentType/ViewSearch/CustomFieldIDs/65/SearchValues/1363/PropertyTypeID/626
Razavi Khorasan,1364,https://amar.org.ir/salnameh-amari/agentType/ViewSearch/CustomFieldIDs/65/SearchValues/1364/PropertyTypeID/626
Razavi Khorasan,1365,https://amar.org.ir/salnameh-amari/agentType/ViewSearch/CustomFieldIDs/65/SearchValues/1365/PropertyTypeID/626
Razavi Khorasan,1366,https://amar.org.ir/salnameh-amari/agentType/ViewSearch/CustomFieldIDs/65/SearchValues/1366/PropertyTypeID/626
Razavi Khorasan,1367,https://amar.org.ir/salnameh-amari/agentType/ViewSearch/CustomFieldIDs/65/SearchValues/1367/PropertyTypeID/626
Razavi Khorasan,1368,https://amar.org.ir/salnameh-amari/agentType/ViewSearch/CustomFieldIDs/65/SearchValues/1368/PropertyTypeID/626
Razavi Khorasan,1369,https://amar.org.ir/salnameh-amari/agentType/ViewSearch/CustomFieldIDs/65/SearchValues/1369/PropertyTypeID/626
Razavi Khorasan,1370,https://amar.org.ir/salnameh-amari/agentType/ViewSearch/CustomFieldIDs/65/SearchValues/1370/PropertyTypeID/626
Razavi Khorasan,1371,https://amar.org.ir/salnameh-amari/agentType/ViewSearch/CustomFieldIDs/65/SearchValues/1371/PropertyTypeID/626
Razavi Khorasan,1372,https://amar.org.ir/salnameh-amari/agentType/ViewSearch/CustomFieldIDs/65/SearchValues/1372/PropertyTypeID/626
Razavi Khorasan,1373,https://amar.org.ir/salnameh-amari/agentType/ViewSearch/CustomFieldIDs/65/SearchValues/1373/PropertyTypeID/626
Razavi Khorasan,1374,https://amar.org.ir/salnameh-amari/agentType/ViewSearch/CustomFieldIDs/65/SearchValues/1374/PropertyTypeID/626
Razavi Khorasan,1375,https://amar.org.ir/salnameh-amari/agentType/ViewSearch/CustomFieldIDs/65/SearchValues/1375/PropertyTypeID/626
Razavi Khorasan,1376,https://amar.org.ir/salnameh-amari/agentType/ViewSearch/CustomFieldIDs/65/SearchValues/1376/PropertyTypeID/626
Razavi Khorasan,1377,https://amar.org.ir/salnameh-amari/agentType/ViewSearch/CustomFieldIDs/65/SearchValues/1377/PropertyTypeID/626
Razavi Khorasan,1378,https://amar.org.ir/salnameh-amari/agentType/ViewSearch/CustomFieldIDs/65/SearchValues/1378/PropertyTypeID/626
Razavi Khorasan,1379,https://amar.org.ir/salnameh-amari/agentType/ViewSearch/CustomFieldIDs/65/SearchValues/1379/PropertyTypeID/626
Razavi Khorasan,1380,https://amar.org.ir/salnameh-amari/agentType/ViewSearch/CustomFieldIDs/65/SearchValues/1380/PropertyTypeID/626
Razavi Khorasan,1381,https://amar.org.ir/salnameh-amari/agentType/ViewSearch/CustomFieldIDs/65/SearchValues/1381/PropertyTypeID/626
Razavi Khorasan,1382,https://amar.org.ir/salnameh-amari/agentType/ViewSearch/CustomFieldIDs/65/SearchValues/1382/PropertyTypeID/626
Razavi Khorasan,1383,https://amar.org.ir/salnameh-amari/agentType/ViewSearch/CustomFieldIDs/65/SearchValues/1383/PropertyTypeID/626
Razavi Khorasan,1384,https://amar.org.ir/salnameh-amari/agentType/ViewSearch/CustomFieldIDs/65/SearchValues/1384/PropertyTypeID/626
Razavi Khorasan,1385,https://amar.org.ir/salnameh-amari/agentType/ViewSearch/CustomFieldIDs/65/SearchValues/1385/PropertyTypeID/626
Razavi Khorasan,1386,https://amar.org.ir/salnameh-amari/agentType/ViewSearch/CustomFieldIDs/65/SearchValues/1386/PropertyTypeID/626
Razavi Khorasan,1387,https://amar.org.ir/salnameh-amari/agentType/ViewSearch/CustomFieldIDs/65/SearchValues/1387/PropertyTypeID/626
Razavi Khorasan,1388,https://amar.org.ir/salnameh-amari/agentType/ViewSearch/CustomFieldIDs/65/SearchValues/1388/PropertyTypeID/626
Razavi Khorasan,1389,https://amar.org.ir/salnameh-amari/agentType/ViewSearch/CustomFieldIDs/65/SearchValues/1389/PropertyTypeID/626
Razavi Khorasan,1390,https://amar.org.ir/salnameh-amari/agentType/ViewSearch/CustomFieldIDs/65/SearchValues/1390/PropertyTypeID/626
Razavi Khorasan,1391,https://amar.org.ir/salnameh-amari/agentType/ViewSearch/CustomFieldIDs/65/SearchValues/1391/PropertyTypeID/626
Razavi Khorasan,1392,https://amar.org.ir/salnameh-amari/agentType/ViewSearch/CustomFieldIDs/65/SearchValues/1392/PropertyTypeID/626
Razavi Khorasan,1393,https://amar.org.ir/salnameh-amari/agentType/ViewSearch/CustomFieldIDs/65/SearchValues/1393/PropertyTypeID/626
Razavi Khorasan,1394,https://amar.org.ir/salnameh-amari/agentType/ViewSearch/CustomFieldIDs/65/SearchValues/1394/PropertyTypeID/626
Razavi Khorasan,1395,https://amar.org.ir/salnameh-amari/agentType/ViewSearch/CustomFieldIDs/65/SearchValues/1395/PropertyTypeID/626
Razavi Khorasan,1396,https://amar.org.ir/salnameh-amari/agentType/ViewSearch/CustomFieldIDs/65/SearchValues/1396/PropertyTypeID/626
Razavi Khorasan,1397,https://amar.org.ir/salnameh-amari/agentType/ViewSearch/CustomFieldIDs/65/SearchValues/1397/PropertyTypeID/626
Razavi Khorasan,1398,https://amar.org.ir/salnameh-amari/agentType/ViewSearch/CustomFieldIDs/65/SearchValues/1398/PropertyTypeID/626
Razavi Khorasan,1399,https://amar.org.ir/salnameh-amari/agentType/ViewSearch/CustomFieldIDs/65/SearchValues/1399/PropertyTypeID/626
Razavi Khorasan,1400,https://amar.org.ir/salnameh-amari/agentType/ViewSearch/CustomFieldIDs/65/SearchValues/1400/PropertyTypeID/626
Razavi Khorasan,1401,https://amar.org.ir/salnameh-amari/agentType/ViewSearch/CustomFieldIDs/65/SearchValues/1401/PropertyTypeID/626
Razavi Khorasan,1402,https://amar.org.ir/salnameh-amari/agentType/ViewSearch/CustomFieldIDs/65/SearchValues/1402/PropertyTypeID/626
South Khorasan,1345,https://amar.org.ir/salnameh-amari/agentType/ViewSearch/CustomFieldIDs/65/SearchValues/1345/PropertyTypeID/627
South Khorasan,1346,https://amar.org.ir/salnameh-amari/agentType/ViewSearch/CustomFieldIDs/65/SearchValues/1346/PropertyTypeID/627
South Khorasan,1347,https://amar.org.ir/salnameh-amari/agentType/ViewSearch/CustomFieldIDs/65/SearchValues/1347/PropertyTypeID/627
South Khorasan,1348,https://amar.org.ir/salnameh-amari/agentType/ViewSearch/CustomFieldIDs/65/SearchValues/1348/PropertyTypeID/627
South Khorasan,1349,https://amar.org.ir/salnameh-amari/agentType/ViewSearch/CustomFieldIDs/65/SearchValues/1349/PropertyTypeID/627
South Khorasan,1350,https://amar.org.ir/salnameh-amari/agentType/ViewSearch/CustomFieldIDs/65/SearchValues/1350/PropertyTypeID/627
South Khorasan,1351,https://amar.org.ir/salnameh-amari/agentType/ViewSearch/CustomFieldIDs/65/SearchValues/1351/PropertyTypeID/627
South Khorasan,1352,https://amar.org.ir/salnameh-amari/agentType/ViewSearch/CustomFieldIDs/65/SearchValues/1352/PropertyTypeID/627
South Khorasan,1353,https://amar.org.ir/salnameh-amari/agentType/ViewSearch/CustomFieldIDs/65/SearchValues/1353/PropertyTypeID/627
South Khorasan,1354,https://amar.org.ir/salnameh-amari/agentType/ViewSearch/CustomFieldIDs/65/SearchValues/1354/PropertyTypeID/627
South Khorasan,1355,https://amar.org.ir/salnameh-amari/agentType/ViewSearch/CustomFieldIDs/65/SearchValues/1355/PropertyTypeID/627
South Khorasan,1356,https://amar.org.ir/salnameh-amari/agentType/ViewSearch/CustomFieldIDs/65/SearchValues/1356/PropertyTypeID/627
South Khorasan,1357,https://amar.org.ir/salnameh-amari/agentType/ViewSearch/CustomFieldIDs/65/SearchValues/1357/PropertyTypeID/627
South Khorasan,1358,https://amar.org.ir/salnameh-amari/agentType/ViewSearch/CustomFieldIDs/65/SearchValues/1358/PropertyTypeID/627
South Khorasan,1359,https://amar.org.ir/salnameh-amari/agentType/ViewSearch/CustomFieldIDs/65/SearchValues/1359/PropertyTypeID/627
South Khorasan,1360,https://amar.org.ir/salnameh-amari/agentType/ViewSearch/CustomFieldIDs/65/SearchValues/1360/PropertyTypeID/627
South Khorasan,1361,https://amar.org.ir/salnameh-amari/agentType/ViewSearch/CustomFieldIDs/65/SearchValues/1361/PropertyTypeID/627
South Khorasan,1362,https://amar.org.ir/salnameh-amari/agentType/ViewSearch/CustomFieldIDs/65/SearchValues/1362/PropertyTypeID/627
South Khorasan,1363,https://amar.org.ir/salnameh-amari/agentType/ViewSearch/CustomFieldIDs/65/SearchValues/1363/PropertyTypeID/627
South Khorasan,1364,https://amar.org.ir/salnameh-amari/agentType/ViewSearch/CustomFieldIDs/65/SearchValues/1364/PropertyTypeID/627
South Khorasan,1365,https://amar.org.ir/salnameh-amari/agentType/ViewSearch/CustomFieldIDs/65/SearchValues/1365/PropertyTypeID/627
South Khorasan,1366,https://amar.org.ir/salnameh-amari/agentType/ViewSearch/CustomFieldIDs/65/SearchValues/1366/PropertyTypeID/627
South Khorasan,1367,https://amar.org.ir/salnameh-amari/agentType/ViewSearch/CustomFieldIDs/65/SearchValues/1367/PropertyTypeID/627
South Khorasan,1368,https://amar.org.ir/salnameh-amari/agentType/ViewSearch/CustomFieldIDs/65/SearchValues/1368/PropertyTypeID/627
South Khorasan,1369,https://amar.org.ir/salnameh-amari/agentType/ViewSearch/CustomFieldIDs/65/SearchValues/1369/PropertyTypeID/627
South Khorasan,1370,https://amar.org.ir/salnameh-amari/agentType/ViewSearch/CustomFieldIDs/65/SearchValues/1370/PropertyTypeID/627
South Khorasan,1371,https://amar.org.ir/salnameh-amari/agentType/ViewSearch/CustomFieldIDs/65/SearchValues/1371/PropertyTypeID/627
South Khorasan,1372,https://amar.org.ir/salnameh-amari/agentType/ViewSearch/CustomFieldIDs/65/SearchValues/1372/PropertyTypeID/627
South Khorasan,1373,https://amar.org.ir/salnameh-amari/agentType/ViewSearch/CustomFieldIDs/65/SearchValues/1373/PropertyTypeID/627
South Khorasan,1374,https://amar.org.ir/salnameh-amari/agentType/ViewSearch/CustomFieldIDs/65/SearchValues/1374/PropertyTypeID/627
South Khorasan,1375,https://amar.org.ir/salnameh-amari/agentType/ViewSearch/CustomFieldIDs/65/SearchValues/1375/PropertyTypeID/627
South Khorasan,1376,https://amar.org.ir/salnameh-amari/agentType/ViewSearch/CustomFieldIDs/65/SearchValues/1376/PropertyTypeID/627
South Khorasan,1377,https://amar.org.ir/salnameh-amari/agentType/ViewSearch/CustomFieldIDs/65/SearchValues/1377/PropertyTypeID/627
South Khorasan,1378,https://amar.org.ir/salnameh-amari/agentType/ViewSearch/CustomFieldIDs/65/SearchValues/1378/PropertyTypeID/627
South Khorasan,1379,https://amar.org.ir/salnameh-amari/agentType/ViewSearch/CustomFieldIDs/65/SearchValues/1379/PropertyTypeID/627
South Khorasan,1380,https://amar.org.ir/salnameh-amari/agentType/ViewSearch/CustomFieldIDs/65/SearchValues/1380/PropertyTypeID/627
South Khorasan,1381,https://amar.org.ir/salnameh-amari/agentType/ViewSearch/CustomFieldIDs/65/SearchValues/1381/PropertyTypeID/627
South Khorasan,1382,https://amar.org.ir/salnameh-amari/agentType/ViewSearch/CustomFieldIDs/65/SearchValues/1382/PropertyTypeID/627
South Khorasan,1383,https://amar.org.ir/salnameh-amari/agentType/ViewSearch/CustomFieldIDs/65/SearchValues/1383/PropertyTypeID/627
South Khorasan,1384,https://amar.org.ir/salnameh-amari/agentType/ViewSearch/CustomFieldIDs/65/SearchValues/1384/PropertyTypeID/627
South Khorasan,1385,https://amar.org.ir/salnameh-amari/agentType/ViewSearch/CustomFieldIDs/65/SearchValues/1385/PropertyTypeID/627
South Khorasan,1386,https://amar.org.ir/salnameh-amari/agentType/ViewSearch/CustomFieldIDs/65/SearchValues/1386/PropertyTypeID/627
South Khorasan,1387,https://amar.org.ir/salnameh-amari/agentType/ViewSearch/CustomFieldIDs/65/SearchValues/1387/PropertyTypeID/627
South Khorasan,1388,https://amar.org.ir/salnameh-amari/agentType/ViewSearch/CustomFieldIDs/65/SearchValues/1388/PropertyTypeID/627
South Khorasan,1389,https://amar.org.ir/salnameh-amari/agentType/ViewSearch/CustomFieldIDs/65/SearchValues/1389/PropertyTypeID/627
South Khorasan,1390,https://amar.org.ir/salnameh-amari/agentType/ViewSearch/CustomFieldIDs/65/SearchValues/1390/PropertyTypeID/627
South Khorasan,1391,https://amar.org.ir/salnameh-amari/agentType/ViewSearch/CustomFieldIDs/65/SearchValues/1391/PropertyTypeID/627
South Khorasan,1392,https://amar.org.ir/salnameh-amari/agentType/ViewSearch/CustomFieldIDs/65/SearchValues/1392/PropertyTypeID/627
South Khorasan,1393,https://amar.org.ir/salnameh-amari/agentType/ViewSearch/CustomFieldIDs/65/SearchValues/1393/PropertyTypeID/627
South Khorasan,1394,https://amar.org.ir/salnameh-amari/agentType/ViewSearch/CustomFieldIDs/65/SearchValues/1394/PropertyTypeID/627
South Khorasan,1395,https://amar.org.ir/salnameh-amari/agentType/ViewSearch/CustomFieldIDs/65/SearchValues/1395/PropertyTypeID/627
South Khorasan,1396,https://amar.org.ir/salnameh-amari/agentType/ViewSearch/CustomFieldIDs/65/SearchValues/1396/PropertyTypeID/627
South Khorasan,1397,https://amar.org.ir/salnameh-amari/agentType/ViewSearch/CustomFieldIDs/65/SearchValues/1397/PropertyTypeID/627
South Khorasan,1398,https://amar.org.ir/salnameh-amari/agentType/ViewSearch/CustomFieldIDs/65/SearchValues/1398/PropertyTypeID/627
South Khorasan,1399,https://amar.org.ir/salnameh-amari/agentType/ViewSearch/CustomFieldIDs/65/SearchValues/1399/PropertyTypeID/627
South Khorasan,1400,https://amar.org.ir/salnameh-amari/agentType/ViewSearch/CustomFieldIDs/65/SearchValues/1400/PropertyTypeID/627
South Khorasan,1401,https://amar.org.ir/salnameh-amari/agentType/ViewSearch/CustomFieldIDs/65/SearchValues/1401/PropertyTypeID/627
South Khorasan,1402,https://amar.org.ir/salnameh-amari/agentType/ViewSearch/CustomFieldIDs/65/SearchValues/1402/PropertyTypeID/627
Khuzestan,1345,https://amar.org.ir/salnameh-amari/agentType/ViewSearch/CustomFieldIDs/65/SearchValues/1345/PropertyTypeID/628
Khuzestan,1346,https://amar.org.ir/salnameh-amari/agentType/ViewSearch/CustomFieldIDs/65/SearchValues/1346/PropertyTypeID/628
Khuzestan,1347,https://amar.org.ir/salnameh-amari/agentType/ViewSearch/CustomFieldIDs/65/SearchValues/1347/PropertyTypeID/628
Khuzestan,1348,https://amar.org.ir/salnameh-amari/agentType/ViewSearch/CustomFieldIDs/65/SearchValues/1348/PropertyTypeID/628
Khuzestan,1349,https://amar.org.ir/salnameh-amari/agentType/ViewSearch/CustomFieldIDs/65/SearchValues/1349/PropertyTypeID/628
Khuzestan,1350,https://amar.org.ir/salnameh-amari/agentType/ViewSearch/CustomFieldIDs/65/SearchValues/1350/PropertyTypeID/628
Khuzestan,1351,https://amar.org.ir/salnameh-amari/agentType/ViewSearch/CustomFieldIDs/65/SearchValues/1351/PropertyTypeID/628
Khuzestan,1352,https://amar.org.ir/salnameh-amari/agentType/ViewSearch/CustomFieldIDs/65/SearchValues/1352/PropertyTypeID/628
Khuzestan,1353,https://amar.org.ir/salnameh-amari/agentType/ViewSearch/CustomFieldIDs/65/SearchValues/1353/PropertyTypeID/628
Khuzestan,1354,https://amar.org.ir/salnameh-amari/agentType/ViewSearch/CustomFieldIDs/65/SearchValues/1354/PropertyTypeID/628
Khuzestan,1355,https://amar.org.ir/salnameh-amari/agentType/ViewSearch/CustomFieldIDs/65/SearchValues/1355/PropertyTypeID/628
Khuzestan,1356,https://amar.org.ir/salnameh-amari/agentType/ViewSearch/CustomFieldIDs/65/SearchValues/1356/PropertyTypeID/628
Khuzestan,1357,https://amar.org.ir/salnameh-amari/agentType/ViewSearch/CustomFieldIDs/65/SearchValues/1357/PropertyTypeID/628
Khuzestan,1358,https://amar.org.ir/salnameh-amari/agentType/ViewSearch/CustomFieldIDs/65/SearchValues/1358/PropertyTypeID/628
Khuzestan,1359,https://amar.org.ir/salnameh-amari/agentType/ViewSearch/CustomFieldIDs/65/SearchValues/1359/PropertyTypeID/628
Khuzestan,1360,https://amar.org.ir/salnameh-amari/agentType/ViewSearch/CustomFieldIDs/65/SearchValues/1360/PropertyTypeID/628
Khuzestan,1361,https://amar.org.ir/salnameh-amari/agentType/ViewSearch/CustomFieldIDs/65/SearchValues/1361/PropertyTypeID/628
Khuzestan,1362,https://amar.org.ir/salnameh-amari/agentType/ViewSearch/CustomFieldIDs/65/SearchValues/1362/PropertyTypeID/628
Khuzestan,1363,https://amar.org.ir/salnameh-amari/agentType/ViewSearch/CustomFieldIDs/65/SearchValues/1363/PropertyTypeID/628
Khuzestan,1364,https://amar.org.ir/salnameh-amari/agentType/ViewSearch/CustomFieldIDs/65/SearchValues/1364/PropertyTypeID/628
Khuzestan,1365,https://amar.org.ir/salnameh-amari/agentType/ViewSearch/CustomFieldIDs/65/SearchValues/1365/PropertyTypeID/628
Khuzestan,1366,https://amar.org.ir/salnameh-amari/agentType/ViewSearch/CustomFieldIDs/65/SearchValues/1366/PropertyTypeID/628
Khuzestan,1367,https://amar.org.ir/salnameh-amari/agentType/ViewSearch/CustomFieldIDs/65/SearchValues/1367/PropertyTypeID/628
Khuzestan,1368,https://amar.org.ir/salnameh-amari/agentType/ViewSearch/CustomFieldIDs/65/SearchValues/1368/PropertyTypeID/628
Khuzestan,1369,https://amar.org.ir/salnameh-amari/agentType/ViewSearch/CustomFieldIDs/65/SearchValues/1369/PropertyTypeID/628
Khuzestan,1370,https://amar.org.ir/salnameh-amari/agentType/ViewSearch/CustomFieldIDs/65/SearchValues/1370/PropertyTypeID/628
Khuzestan,1371,https://amar.org.ir/salnameh-amari/agentType/ViewSearch/CustomFieldIDs/65/SearchValues/1371/PropertyTypeID/628
Khuzestan,1372,https://amar.org.ir/salnameh-amari/agentType/ViewSearch/CustomFieldIDs/65/SearchValues/1372/PropertyTypeID/628
Khuzestan,1373,https://amar.org.ir/salnameh-amari/agentType/ViewSearch/CustomFieldIDs/65/SearchValues/1373/PropertyTypeID/628
Khuzestan,1374,https://amar.org.ir/salnameh-amari/agentType/ViewSearch/CustomFieldIDs/65/SearchValues/1374/PropertyTypeID/628
Khuzestan,1375,https://amar.org.ir/salnameh-amari/agentType/ViewSearch/CustomFieldIDs/65/SearchValues/1375/PropertyTypeID/628
Khuzestan,1376,https://amar.org.ir/salnameh-amari/agentType/ViewSearch/CustomFieldIDs/65/SearchValues/1376/PropertyTypeID/628
Khuzestan,1377,https://amar.org.ir/salnameh-amari/agentType/ViewSearch/CustomFieldIDs/65/SearchValues/1377/PropertyTypeID/628
Khuzestan,1378,https://amar.org.ir/salnameh-amari/agentType/ViewSearch/CustomFieldIDs/65/SearchValues/1378/PropertyTypeID/628
Khuzestan,1379,https://amar.org.ir/salnameh-amari/agentType/ViewSearch/CustomFieldIDs/65/SearchValues/1379/PropertyTypeID/628
Khuzestan,1380,https://amar.org.ir/salnameh-amari/agentType/ViewSearch/CustomFieldIDs/65/SearchValues/1380/PropertyTypeID/628
Khuzestan,1381,https://amar.org.ir/salnameh-amari/agentType/ViewSearch/CustomFieldIDs/65/SearchValues/1381/PropertyTypeID/628
Khuzestan,1382,https://amar.org.ir/salnameh-amari/agentType/ViewSearch/CustomFieldIDs/65/SearchValues/1382/PropertyTypeID/628
Khuzestan,1383,https://amar.org.ir/salnameh-amari/agentType/ViewSearch/CustomFieldIDs/65/SearchValues/1383/PropertyTypeID/628
Khuzestan,1384,https://amar.org.ir/salnameh-amari/agentType/ViewSearch/CustomFieldIDs/65/SearchValues/1384/PropertyTypeID/628
Khuzestan,1385,https://amar.org.ir/salnameh-amari/agentType/ViewSearch/CustomFieldIDs/65/SearchValues/1385/PropertyTypeID/628
Khuzestan,1386,https://amar.org.ir/salnameh-amari/agentType/ViewSearch/CustomFieldIDs/65/SearchValues/1386/PropertyTypeID/628
Khuzestan,1387,https://amar.org.ir/salnameh-amari/agentType/ViewSearch/CustomFieldIDs/65/SearchValues/1387/PropertyTypeID/628
Khuzestan,1388,https://amar.org.ir/salnameh-amari/agentType/ViewSearch/CustomFieldIDs/65/SearchValues/1388/PropertyTypeID/628
Khuzestan,1389,https://amar.org.ir/salnameh-amari/agentType/ViewSearch/CustomFieldIDs/65/SearchValues/1389/PropertyTypeID/628
Khuzestan,1390,https://amar.org.ir/salnameh-amari/agentType/ViewSearch/CustomFieldIDs/65/SearchValues/1390/PropertyTypeID/628
Khuzestan,1391,https://amar.org.ir/salnameh-amari/agentType/ViewSearch/CustomFieldIDs/65/SearchValues/1391/PropertyTypeID/628
Khuzestan,1392,https://amar.org.ir/salnameh-amari/agentType/ViewSearch/CustomFieldIDs/65/SearchValues/1392/PropertyTypeID/628
Khuzestan,1393,https://amar.org.ir/salnameh-amari/agentType/ViewSearch/CustomFieldIDs/65/SearchValues/1393/PropertyTypeID/628
Khuzestan,1394,https://amar.org.ir/salnameh-amari/agentType/ViewSearch/CustomFieldIDs/65/SearchValues/1394/PropertyTypeID/628
Khuzestan,1395,https://amar.org.ir/salnameh-amari/agentType/ViewSearch/CustomFieldIDs/65/SearchValues/1395/PropertyTypeID/628
Khuzestan,1396,https://amar.org.ir/salnameh-amari/agentType/ViewSearch/CustomFieldIDs/65/SearchValues/1396/PropertyTypeID/628
Khuzestan,1397,https://amar.org.ir/salnameh-amari/agentType/ViewSearch/CustomFieldIDs/65/SearchValues/1397/PropertyTypeID/628
Khuzestan,1398,https://amar.org.ir/salnameh-amari/agentType/ViewSearch/CustomFieldIDs/65/SearchValues/1398/PropertyTypeID/628
Khuzestan,1399,https://amar.org.ir/salnameh-amari/agentType/ViewSearch/CustomFieldIDs/65/SearchValues/1399/PropertyTypeID/628
Khuzestan,1400,https://amar.org.ir/salnameh-amari/agentType/ViewSearch/CustomFieldIDs/65/SearchValues/1400/PropertyTypeID/628
Khuzestan,1401,https://amar.org.ir/salnameh-amari/agentType/ViewSearch/CustomFieldIDs/65/SearchValues/1401/PropertyTypeID/628
Khuzestan,1402,https://amar.org.ir/salnameh-amari/agentType/ViewSearch/CustomFieldIDs/65/SearchValues/1402/PropertyTypeID/628
Zanjan,1345,https://amar.org.ir/salnameh-amari/agentType/ViewSearch/CustomFieldIDs/65/SearchValues/1345/PropertyTypeID/629
Zanjan,1346,https://amar.org.ir/salnameh-amari/agentType/ViewSearch/CustomFieldIDs/65/SearchValues/1346/PropertyTypeID/629
Zanjan,1347,https://amar.org.ir/salnameh-amari/agentType/ViewSearch/CustomFieldIDs/65/SearchValues/1347/PropertyTypeID/629
Zanjan,1348,https://amar.org.ir/salnameh-amari/agentType/ViewSearch/CustomFieldIDs/65/SearchValues/1348/PropertyTypeID/629
Zanjan,1349,https://amar.org.ir/salnameh-amari/agentType/ViewSearch/CustomFieldIDs/65/SearchValues/1349/PropertyTypeID/629
Zanjan,1350,https://amar.org.ir/salnameh-amari/agentType/ViewSearch/CustomFieldIDs/65/SearchValues/1350/PropertyTypeID/629
Zanjan,1351,https://amar.org.ir/salnameh-amari/agentType/ViewSearch/CustomFieldIDs/65/SearchValues/1351/PropertyTypeID/629
Zanjan,1352,https://amar.org.ir/salnameh-amari/agentType/ViewSearch/CustomFieldIDs/65/SearchValues/1352/PropertyTypeID/629
Zanjan,1353,https://amar.org.ir/salnameh-amari/agentType/ViewSearch/CustomFieldIDs/65/SearchValues/1353/PropertyTypeID/629
Zanjan,1354,https://amar.org.ir/salnameh-amari/agentType/ViewSearch/CustomFieldIDs/65/SearchValues/1354/PropertyTypeID/629
Zanjan,1355,https://amar.org.ir/salnameh-amari/agentType/ViewSearch/CustomFieldIDs/65/SearchValues/1355/PropertyTypeID/629
Zanjan,1356,https://amar.org.ir/salnameh-amari/agentType/ViewSearch/CustomFieldIDs/65/SearchValues/1356/PropertyTypeID/629
Zanjan,1357,https://amar.org.ir/salnameh-amari/agentType/ViewSearch/CustomFieldIDs/65/SearchValues/1357/PropertyTypeID/629
Zanjan,1358,https://amar.org.ir/salnameh-amari/agentType/ViewSearch/CustomFieldIDs/65/SearchValues/1358/PropertyTypeID/629
Zanjan,1359,https://amar.org.ir/salnameh-amari/agentType/ViewSearch/CustomFieldIDs/65/SearchValues/1359/PropertyTypeID/629
Zanjan,1360,https://amar.org.ir/salnameh-amari/agentType/ViewSearch/CustomFieldIDs/65/SearchValues/1360/PropertyTypeID/629
Zanjan,1361,https://amar.org.ir/salnameh-amari/agentType/ViewSearch/CustomFieldIDs/65/SearchValues/1361/PropertyTypeID/629
Zanjan,1362,https://amar.org.ir/salnameh-amari/agentType/ViewSearch/CustomFieldIDs/65/SearchValues/1362/PropertyTypeID/629
Zanjan,1363,https://amar.org.ir/salnameh-amari/agentType/ViewSearch/CustomFieldIDs/65/SearchValues/1363/PropertyTypeID/629
Zanjan,1364,https://amar.org.ir/salnameh-amari/agentType/ViewSearch/CustomFieldIDs/65/SearchValues/1364/PropertyTypeID/629
Zanjan,1365,https://amar.org.ir/salnameh-amari/agentType/ViewSearch/CustomFieldIDs/65/SearchValues/1365/PropertyTypeID/629
Zanjan,1366,https://amar.org.ir/salnameh-amari/agentType/ViewSearch/CustomFieldIDs/65/SearchValues/1366/PropertyTypeID/629
Zanjan,1367,https://amar.org.ir/salnameh-amari/agentType/ViewSearch/CustomFieldIDs/65/SearchValues/1367/PropertyTypeID/629
Zanjan,1368,https://amar.org.ir/salnameh-amari/agentType/ViewSearch/CustomFieldIDs/65/SearchValues/1368/PropertyTypeID/629
Zanjan,1369,https://amar.org.ir/salnameh-amari/agentType/ViewSearch/CustomFieldIDs/65/SearchValues/1369/PropertyTypeID/629
Zanjan,1370,https://amar.org.ir/salnameh-amari/agentType/ViewSearch/CustomFieldIDs/65/SearchValues/1370/PropertyTypeID/629
Zanjan,1371,https://amar.org.ir/salnameh-amari/agentType/ViewSearch/CustomFieldIDs/65/SearchValues/1371/PropertyTypeID/629
Zanjan,1372,https://amar.org.ir/salnameh-amari/agentType/ViewSearch/CustomFieldIDs/65/SearchValues/1372/PropertyTypeID/629
Zanjan,1373,https://amar.org.ir/salnameh-amari/agentType/ViewSearch/CustomFieldIDs/65/SearchValues/1373/PropertyTypeID/629
Zanjan,1374,https://amar.org.ir/salnameh-amari/agentType/ViewSearch/CustomFieldIDs/65/SearchValues/1374/PropertyTypeID/629
Zanjan,1375,https://amar.org.ir/salnameh-amari/agentType/ViewSearch/CustomFieldIDs/65/SearchValues/1375/PropertyTypeID/629
Zanjan,1376,https://amar.org.ir/salnameh-amari/agentType/ViewSearch/CustomFieldIDs/65/SearchValues/1376/PropertyTypeID/629
Zanjan,1377,https://amar.org.ir/salnameh-amari/agentType/ViewSearch/CustomFieldIDs/65/SearchValues/1377/PropertyTypeID/629
Zanjan,1378,https://amar.org.ir/salnameh-amari/agentType/ViewSearch/CustomFieldIDs/65/SearchValues/1378/PropertyTypeID/629
Zanjan,1379,https://amar.org.ir/salnameh-amari/agentType/ViewSearch/CustomFieldIDs/65/SearchValues/1379/PropertyTypeID/629
Zanjan,1380,https://amar.org.ir/salnameh-amari/agentType/ViewSearch/CustomFieldIDs/65/SearchValues/1380/PropertyTypeID/629
Zanjan,1381,https://amar.org.ir/salnameh-amari/agentType/ViewSearch/CustomFieldIDs/65/SearchValues/1381/PropertyTypeID/629
Zanjan,1382,https://amar.org.ir/salnameh-amari/agentType/ViewSearch/CustomFieldIDs/65/SearchValues/1382/PropertyTypeID/629
Zanjan,1383,https://amar.org.ir/salnameh-amari/agentType/ViewSearch/CustomFieldIDs/65/SearchValues/1383/PropertyTypeID/629
Zanjan,1384,https://amar.org.ir/salnameh-amari/agentType/ViewSearch/CustomFieldIDs/65/SearchValues/1384/PropertyTypeID/629
Zanjan,1385,https://amar.org.ir/salnameh-amari/agentType/ViewSearch/CustomFieldIDs/65/SearchValues/1385/PropertyTypeID/629
Zanjan,1386,https://amar.org.ir/salnameh-amari/agentType/ViewSearch/CustomFieldIDs/65/SearchValues/1386/PropertyTypeID/629
Zanjan,1387,https://amar.org.ir/salnameh-amari/agentType/ViewSearch/CustomFieldIDs/65/SearchValues/1387/PropertyTypeID/629
Zanjan,1388,https://amar.org.ir/salnameh-amari/agentType/ViewSearch/CustomFieldIDs/65/SearchValues/1388/PropertyTypeID/629
Zanjan,1389,https://amar.org.ir/salnameh-amari/agentType/ViewSearch/CustomFieldIDs/65/SearchValues/1389/PropertyTypeID/629
Zanjan,1390,https://amar.org.ir/salnameh-amari/agentType/ViewSearch/CustomFieldIDs/65/SearchValues/1390/PropertyTypeID/629
Zanjan,1391,https://amar.org.ir/salnameh-amari/agentType/ViewSearch/CustomFieldIDs/65/SearchValues/1391/PropertyTypeID/629
Zanjan,1392,https://amar.org.ir/salnameh-amari/agentType/ViewSearch/CustomFieldIDs/65/SearchValues/1392/PropertyTypeID/629
Zanjan,1393,https://amar.org.ir/salnameh-amari/agentType/ViewSearch/CustomFieldIDs/65/SearchValues/1393/PropertyTypeID/629
Zanjan,1394,https://amar.org.ir/salnameh-amari/agentType/ViewSearch/CustomFieldIDs/65/SearchValues/1394/PropertyTypeID/629
Zanjan,1395,https://amar.org.ir/salnameh-amari/agentType/ViewSearch/CustomFieldIDs/65/SearchValues/1395/PropertyTypeID/629
Zanjan,1396,https://amar.org.ir/salnameh-amari/agentType/ViewSearch/CustomFieldIDs/65/SearchValues/1396/PropertyTypeID/629
Zanjan,1397,https://amar.org.ir/salnameh-amari/agentType/ViewSearch/CustomFieldIDs/65/SearchValues/1397/PropertyTypeID/629
Zanjan,1398,https://amar.org.ir/salnameh-amari/agentType/ViewSearch/CustomFieldIDs/65/SearchValues/1398/PropertyTypeID/629
Zanjan,1399,https://amar.org.ir/salnameh-amari/agentType/ViewSearch/CustomFieldIDs/65/SearchValues/1399/PropertyTypeID/629
Zanjan,1400,https://amar.org.ir/salnameh-amari/agentType/ViewSearch/CustomFieldIDs/65/SearchValues/1400/PropertyTypeID/629
Zanjan,1401,https://amar.org.ir/salnameh-amari/agentType/ViewSearch/CustomFieldIDs/65/SearchValues/1401/PropertyTypeID/629
Zanjan,1402,https://amar.org.ir/salnameh-amari/agentType/ViewSearch/CustomFieldIDs/65/SearchValues/1402/PropertyTypeID/629
Semnan,1345,https://amar.org.ir/salnameh-amari/agentType/ViewSearch/CustomFieldIDs/65/SearchValues/1345/PropertyTypeID/630
Semnan,1346,https://amar.org.ir/salnameh-amari/agentType/ViewSearch/CustomFieldIDs/65/SearchValues/1346/PropertyTypeID/630
Semnan,1347,https://amar.org.ir/salnameh-amari/agentType/ViewSearch/CustomFieldIDs/65/SearchValues/1347/PropertyTypeID/630
Semnan,1348,https://amar.org.ir/salnameh-amari/agentType/ViewSearch/CustomFieldIDs/65/SearchValues/1348/PropertyTypeID/630
Semnan,1349,https://amar.org.ir/salnameh-amari/agentType/ViewSearch/CustomFieldIDs/65/SearchValues/1349/PropertyTypeID/630
Semnan,1350,https://amar.org.ir/salnameh-amari/agentType/ViewSearch/CustomFieldIDs/65/SearchValues/1350/PropertyTypeID/630
Semnan,1351,https://amar.org.ir/salnameh-amari/agentType/ViewSearch/CustomFieldIDs/65/SearchValues/1351/PropertyTypeID/630
Semnan,1352,https://amar.org.ir/salnameh-amari/agentType/ViewSearch/CustomFieldIDs/65/SearchValues/1352/PropertyTypeID/630
Semnan,1353,https://amar.org.ir/salnameh-amari/agentType/ViewSearch/CustomFieldIDs/65/SearchValues/1353/PropertyTypeID/630
Semnan,1354,https://amar.org.ir/salnameh-amari/agentType/ViewSearch/CustomFieldIDs/65/SearchValues/1354/PropertyTypeID/630
Semnan,1355,https://amar.org.ir/salnameh-amari/agentType/ViewSearch/CustomFieldIDs/65/SearchValues/1355/PropertyTypeID/630
Semnan,1356,https://amar.org.ir/salnameh-amari/agentType/ViewSearch/CustomFieldIDs/65/SearchValues/1356/PropertyTypeID/630
Semnan,1357,https://amar.org.ir/salnameh-amari/agentType/ViewSearch/CustomFieldIDs/65/SearchValues/1357/PropertyTypeID/630
Semnan,1358,https://amar.org.ir/salnameh-amari/agentType/ViewSearch/CustomFieldIDs/65/SearchValues/1358/PropertyTypeID/630
Semnan,1359,https://amar.org.ir/salnameh-amari/agentType/ViewSearch/CustomFieldIDs/65/SearchValues/1359/PropertyTypeID/630
Semnan,1360,https://amar.org.ir/salnameh-amari/agentType/ViewSearch/CustomFieldIDs/65/SearchValues/1360/PropertyTypeID/630
Semnan,1361,https://amar.org.ir/salnameh-amari/agentType/ViewSearch/CustomFieldIDs/65/SearchValues/1361/PropertyTypeID/630
Semnan,1362,https://amar.org.ir/salnameh-amari/agentType/ViewSearch/CustomFieldIDs/65/SearchValues/1362/PropertyTypeID/630
Semnan,1363,https://amar.org.ir/salnameh-amari/agentType/ViewSearch/CustomFieldIDs/65/SearchValues/1363/PropertyTypeID/630
Semnan,1364,https://amar.org.ir/salnameh-amari/agentType/ViewSearch/CustomFieldIDs/65/SearchValues/1364/PropertyTypeID/630
Semnan,1365,https://amar.org.ir/salnameh-amari/agentType/ViewSearch/CustomFieldIDs/65/SearchValues/1365/PropertyTypeID/630
Semnan,1366,https://amar.org.ir/salnameh-amari/agentType/ViewSearch/CustomFieldIDs/65/SearchValues/1366/PropertyTypeID/630
Semnan,1367,https://amar.org.ir/salnameh-amari/agentType/ViewSearch/CustomFieldIDs/65/SearchValues/1367/PropertyTypeID/630
Semnan,1368,https://amar.org.ir/salnameh-amari/agentType/ViewSearch/CustomFieldIDs/65/SearchValues/1368/PropertyTypeID/630
Semnan,1369,https://amar.org.ir/salnameh-amari/agentType/ViewSearch/CustomFieldIDs/65/SearchValues/1369/PropertyTypeID/630
Semnan,1370,https://amar.org.ir/salnameh-amari/agentType/ViewSearch/CustomFieldIDs/65/SearchValues/1370/PropertyTypeID/630
Semnan,1371,https://amar.org.ir/salnameh-amari/agentType/ViewSearch/CustomFieldIDs/65/SearchValues/1371/PropertyTypeID/630
Semnan,1372,https://amar.org.ir/salnameh-amari/agentType/ViewSearch/CustomFieldIDs/65/SearchValues/1372/PropertyTypeID/630
Semnan,1373,https://amar.org.ir/salnameh-amari/agentType/ViewSearch/CustomFieldIDs/65/SearchValues/1373/PropertyTypeID/630
Semnan,1374,https://amar.org.ir/salnameh-amari/agentType/ViewSearch/CustomFieldIDs/65/SearchValues/1374/PropertyTypeID/630
Semnan,1375,https://amar.org.ir/salnameh-amari/agentType/ViewSearch/CustomFieldIDs/65/SearchValues/1375/PropertyTypeID/630
Semnan,1376,https://amar.org.ir/salnameh-amari/agentType/ViewSearch/CustomFieldIDs/65/SearchValues/1376/PropertyTypeID/630
Semnan,1377,https://amar.org.ir/salnameh-amari/agentType/ViewSearch/CustomFieldIDs/65/SearchValues/1377/PropertyTypeID/630
Semnan,1378,https://amar.org.ir/salnameh-amari/agentType/ViewSearch/CustomFieldIDs/65/SearchValues/1378/PropertyTypeID/630
Semnan,1379,https://amar.org.ir/salnameh-amari/agentType/ViewSearch/CustomFieldIDs/65/SearchValues/1379/PropertyTypeID/630
Semnan,1380,https://amar.org.ir/salnameh-amari/agentType/ViewSearch/CustomFieldIDs/65/SearchValues/1380/PropertyTypeID/630
Semnan,1381,https://amar.org.ir/salnameh-amari/agentType/ViewSearch/CustomFieldIDs/65/SearchValues/1381/PropertyTypeID/630
Semnan,1382,https://amar.org.ir/salnameh-amari/agentType/ViewSearch/CustomFieldIDs/65/SearchValues/1382/PropertyTypeID/630
Semnan,1383,https://amar.org.ir/salnameh-amari/agentType/ViewSearch/CustomFieldIDs/65/SearchValues/1383/PropertyTypeID/630
Semnan,1384,https://amar.org.ir/salnameh-amari/agentType/ViewSearch/CustomFieldIDs/65/SearchValues/1384/PropertyTypeID/630
Semnan,1385,https://amar.org.ir/salnameh-amari/agentType/ViewSearch/CustomFieldIDs/65/SearchValues/1385/PropertyTypeID/630
Semnan,1386,https://amar.org.ir/salnameh-amari/agentType/ViewSearch/CustomFieldIDs/65/SearchValues/1386/PropertyTypeID/630
Semnan,1387,https://amar.org.ir/salnameh-amari/agentType/ViewSearch/CustomFieldIDs/65/SearchValues/1387/PropertyTypeID/630
Semnan,1388,https://amar.org.ir/salnameh-amari/agentType/ViewSearch/CustomFieldIDs/65/SearchValues/1388/PropertyTypeID/630
Semnan,1389,https://amar.org.ir/salnameh-amari/agentType/ViewSearch/CustomFieldIDs/65/SearchValues/1389/PropertyTypeID/630
Semnan,1390,https://amar.org.ir/salnameh-amari/agentType/ViewSearch/CustomFieldIDs/65/SearchValues/1390/PropertyTypeID/630
Semnan,1391,https://amar.org.ir/salnameh-amari/agentType/ViewSearch/CustomFieldIDs/65/SearchValues/1391/PropertyTypeID/630
Semnan,1392,https://amar.org.ir/salnameh-amari/agentType/ViewSearch/CustomFieldIDs/65/SearchValues/1392/PropertyTypeID/630
Semnan,1393,https://amar.org.ir/salnameh-amari/agentType/ViewSearch/CustomFieldIDs/65/SearchValues/1393/PropertyTypeID/630
Semnan,1394,https://amar.org.ir/salnameh-amari/agentType/ViewSearch/CustomFieldIDs/65/SearchValues/1394/PropertyTypeID/630
Semnan,1395,https://amar.org.ir/salnameh-amari/agentType/ViewSearch/CustomFieldIDs/65/SearchValues/1395/PropertyTypeID/630
Semnan,1396,https://amar.org.ir/salnameh-amari/agentType/ViewSearch/CustomFieldIDs/65/SearchValues/1396/PropertyTypeID/630
Semnan,1397,https://amar.org.ir/salnameh-amari/agentType/ViewSearch/CustomFieldIDs/65/SearchValues/1397/PropertyTypeID/630
Semnan,1398,https://amar.org.ir/salnameh-amari/agentType/ViewSearch/CustomFieldIDs/65/SearchValues/1398/PropertyTypeID/630
Semnan,1399,https://amar.org.ir/salnameh-amari/agentType/ViewSearch/CustomFieldIDs/65/SearchValues/1399/PropertyTypeID/630
Semnan,1400,https://amar.org.ir/salnameh-amari/agentType/ViewSearch/CustomFieldIDs/65/SearchValues/1400/PropertyTypeID/630
Semnan,1401,https://amar.org.ir/salnameh-amari/agentType/ViewSearch/CustomFieldIDs/65/SearchValues/1401/PropertyTypeID/630
Semnan,1402,https://amar.org.ir/salnameh-amari/agentType/ViewSearch/CustomFieldIDs/65/SearchValues/1402/PropertyTypeID/630
Sistan and Baluchestan,1345,https://amar.org.ir/salnameh-amari/agentType/ViewSearch/CustomFieldIDs/65/SearchValues/1345/PropertyTypeID/631
Sistan and Baluchestan,1346,https://amar.org.ir/salnameh-amari/agentType/ViewSearch/CustomFieldIDs/65/SearchValues/1346/PropertyTypeID/631
Sistan and Baluchestan,1347,https://amar.org.ir/salnameh-amari/agentType/ViewSearch/CustomFieldIDs/65/SearchValues/1347/PropertyTypeID/631
Sistan and Baluchestan,1348,https://amar.org.ir/salnameh-amari/agentType/ViewSearch/CustomFieldIDs/65/SearchValues/1348/PropertyTypeID/631
Sistan and Baluchestan,1349,https://amar.org.ir/salnameh-amari/agentType/ViewSearch/CustomFieldIDs/65/SearchValues/1349/PropertyTypeID/631
Sistan and Baluchestan,1350,https://amar.org.ir/salnameh-amari/agentType/ViewSearch/CustomFieldIDs/65/SearchValues/1350/PropertyTypeID/631
Sistan and Baluchestan,1351,https://amar.org.ir/salnameh-amari/agentType/ViewSearch/CustomFieldIDs/65/SearchValues/1351/PropertyTypeID/631
Sistan and Baluchestan,1352,https://amar.org.ir/salnameh-amari/agentType/ViewSearch/CustomFieldIDs/65/SearchValues/1352/PropertyTypeID/631
Sistan and Baluchestan,1353,https://amar.org.ir/salnameh-amari/agentType/ViewSearch/CustomFieldIDs/65/SearchValues/1353/PropertyTypeID/631
Sistan and Baluchestan,1354,https://amar.org.ir/salnameh-amari/agentType/ViewSearch/CustomFieldIDs/65/SearchValues/1354/PropertyTypeID/631
Sistan and Baluchestan,1355,https://amar.org.ir/salnameh-amari/agentType/ViewSearch/CustomFieldIDs/65/SearchValues/1355/PropertyTypeID/631
Sistan and Baluchestan,1356,https://amar.org.ir/salnameh-amari/agentType/ViewSearch/CustomFieldIDs/65/SearchValues/1356/PropertyTypeID/631
Sistan and Baluchestan,1357,https://amar.org.ir/salnameh-amari/agentType/ViewSearch/CustomFieldIDs/65/SearchValues/1357/PropertyTypeID/631
Sistan and Baluchestan,1358,https://amar.org.ir/salnameh-amari/agentType/ViewSearch/CustomFieldIDs/65/SearchValues/1358/PropertyTypeID/631
Sistan and Baluchestan,1359,https://amar.org.ir/salnameh-amari/agentType/ViewSearch/CustomFieldIDs/65/SearchValues/1359/PropertyTypeID/631
Sistan and Baluchestan,1360,https://amar.org.ir/salnameh-amari/agentType/ViewSearch/CustomFieldIDs/65/SearchValues/1360/PropertyTypeID/631
Sistan and Baluchestan,1361,https://amar.org.ir/salnameh-amari/agentType/ViewSearch/CustomFieldIDs/65/SearchValues/1361/PropertyTypeID/631
Sistan and Baluchestan,1362,https://amar.org.ir/salnameh-amari/agentType/ViewSearch/CustomFieldIDs/65/SearchValues/1362/PropertyTypeID/631
Sistan and Baluchestan,1363,https://amar.org.ir/salnameh-amari/agentType/ViewSearch/CustomFieldIDs/65/SearchValues/1363/PropertyTypeID/631
Sistan and Baluchestan,1364,https://amar.org.ir/salnameh-amari/agentType/ViewSearch/CustomFieldIDs/65/SearchValues/1364/PropertyTypeID/631
Sistan and Baluchestan,1365,https://amar.org.ir/salnameh-amari/agentType/ViewSearch/CustomFieldIDs/65/SearchValues/1365/PropertyTypeID/631
Sistan and Baluchestan,1366,https://amar.org.ir/salnameh-amari/agentType/ViewSearch/CustomFieldIDs/65/SearchValues/1366/PropertyTypeID/631
Sistan and Baluchestan,1367,https://amar.org.ir/salnameh-amari/agentType/ViewSearch/CustomFieldIDs/65/SearchValues/1367/PropertyTypeID/631
Sistan and Baluchestan,1368,https://amar.org.ir/salnameh-amari/agentType/ViewSearch/CustomFieldIDs/65/SearchValues/1368/PropertyTypeID/631
Sistan and Baluchestan,1369,https://amar.org.ir/salnameh-amari/agentType/ViewSearch/CustomFieldIDs/65/SearchValues/1369/PropertyTypeID/631
Sistan and Baluchestan,1370,https://amar.org.ir/salnameh-amari/agentType/ViewSearch/CustomFieldIDs/65/SearchValues/1370/PropertyTypeID/631
Sistan and Baluchestan,1371,https://amar.org.ir/salnameh-amari/agentType/ViewSearch/CustomFieldIDs/65/SearchValues/1371/PropertyTypeID/631
Sistan and Baluchestan,1372,https://amar.org.ir/salnameh-amari/agentType/ViewSearch/CustomFieldIDs/65/SearchValues/1372/PropertyTypeID/631
Sistan and Baluchestan,1373,https://amar.org.ir/salnameh-amari/agentType/ViewSearch/CustomFieldIDs/65/SearchValues/1373/PropertyTypeID/631
Sistan and Baluchestan,1374,https://amar.org.ir/salnameh-amari/agentType/ViewSearch/CustomFieldIDs/65/SearchValues/1374/PropertyTypeID/631
Sistan and Baluchestan,1375,https://amar.org.ir/salnameh-amari/agentType/ViewSearch/CustomFieldIDs/65/SearchValues/1375/PropertyTypeID/631
Sistan and Baluchestan,1376,https://amar.org.ir/salnameh-amari/agentType/ViewSearch/CustomFieldIDs/65/SearchValues/1376/PropertyTypeID/631
Sistan and Baluchestan,1377,https://amar.org.ir/salnameh-amari/agentType/ViewSearch/CustomFieldIDs/65/SearchValues/1377/PropertyTypeID/631
Sistan and Baluchestan,1378,https://amar.org.ir/salnameh-amari/agentType/ViewSearch/CustomFieldIDs/65/SearchValues/1378/PropertyTypeID/631
Sistan and Baluchestan,1379,https://amar.org.ir/salnameh-amari/agentType/ViewSearch/CustomFieldIDs/65/SearchValues/1379/PropertyTypeID/631
Sistan and Baluchestan,1380,https://amar.org.ir/salnameh-amari/agentType/ViewSearch/CustomFieldIDs/65/SearchValues/1380/PropertyTypeID/631
Sistan and Baluchestan,1381,https://amar.org.ir/salnameh-amari/agentType/ViewSearch/CustomFieldIDs/65/SearchValues/1381/PropertyTypeID/631
Sistan and Baluchestan,1382,https://amar.org.ir/salnameh-amari/agentType/ViewSearch/CustomFieldIDs/65/SearchValues/1382/PropertyTypeID/631
Sistan and Baluchestan,1383,https://amar.org.ir/salnameh-amari/agentType/ViewSearch/CustomFieldIDs/65/SearchValues/1383/PropertyTypeID/631
Sistan and Baluchestan,1384,https://amar.org.ir/salnameh-amari/agentType/ViewSearch/CustomFieldIDs/65/SearchValues/1384/PropertyTypeID/631
Sistan and Baluchestan,1385,https://amar.org.ir/salnameh-amari/agentType/ViewSearch/CustomFieldIDs/65/SearchValues/1385/PropertyTypeID/631
Sistan and Baluchestan,1386,https://amar.org.ir/salnameh-amari/agentType/ViewSearch/CustomFieldIDs/65/SearchValues/1386/PropertyTypeID/631
Sistan and Baluchestan,1387,https://amar.org.ir/salnameh-amari/agentType/ViewSearch/CustomFieldIDs/65/SearchValues/1387/PropertyTypeID/631
Sistan and Baluchestan,1388,https://amar.org.ir/salnameh-amari/agentType/ViewSearch/CustomFieldIDs/65/SearchValues/1388/PropertyTypeID/631
Sistan and Baluchestan,1389,https://amar.org.ir/salnameh-amari/agentType/ViewSearch/CustomFieldIDs/65/SearchValues/1389/PropertyTypeID/631
Sistan and Baluchestan,1390,https://amar.org.ir/salnameh-amari/agentType/ViewSearch/CustomFieldIDs/65/SearchValues/1390/PropertyTypeID/631
Sistan and Baluchestan,1391,https://amar.org.ir/salnameh-amari/agentType/ViewSearch/CustomFieldIDs/65/SearchValues/1391/PropertyTypeID/631
Sistan and Baluchestan,1392,https://amar.org.ir/salnameh-amari/agentType/ViewSearch/CustomFieldIDs/65/SearchValues/1392/PropertyTypeID/631
Sistan and Baluchestan,1393,https://amar.org.ir/salnameh-amari/agentType/ViewSearch/CustomFieldIDs/65/SearchValues/1393/PropertyTypeID/631
Sistan and Baluchestan,1394,https://amar.org.ir/salnameh-amari/agentType/ViewSearch/CustomFieldIDs/65/SearchValues/1394/PropertyTypeID/631
Sistan and Baluchestan,1395,https://amar.org.ir/salnameh-amari/agentType/ViewSearch/CustomFieldIDs/65/SearchValues/1395/PropertyTypeID/631
Sistan and Baluchestan,1396,https://amar.org.ir/salnameh-amari/agentType/ViewSearch/CustomFieldIDs/65/SearchValues/1396/PropertyTypeID/631
Sistan and Baluchestan,1397,https://amar.org.ir/salnameh-amari/agentType/ViewSearch/CustomFieldIDs/65/SearchValues/1397/PropertyTypeID/631
Sistan and Baluchestan,1398,https://amar.org.ir/salnameh-amari/agentType/ViewSearch/CustomFieldIDs/65/SearchValues/1398/PropertyTypeID/631
Sistan and Baluchestan,1399,https://amar.org.ir/salnameh-amari/agentType/ViewSearch/CustomFieldIDs/65/SearchValues/1399/PropertyTypeID/631
Sistan and Baluchestan,1400,https://amar.org.ir/salnameh-amari/agentType/ViewSearch/CustomFieldIDs/65/SearchValues/1400/PropertyTypeID/631
Sistan and Baluchestan,1401,https://amar.org.ir/salnameh-amari/agentType/ViewSearch/CustomFieldIDs/65/SearchValues/1401/PropertyTypeID/631
Sistan and Baluchestan,1402,https://amar.org.ir/salnameh-amari/agentType/ViewSearch/CustomFieldIDs/65/SearchValues/1402/PropertyTypeID/631
Pars,1345,https://amar.org.ir/salnameh-amari/agentType/ViewSearch/CustomFieldIDs/65/SearchValues/1345/PropertyTypeID/632
Pars,1346,https://amar.org.ir/salnameh-amari/agentType/ViewSearch/CustomFieldIDs/65/SearchValues/1346/PropertyTypeID/632
Pars,1347,https://amar.org.ir/salnameh-amari/agentType/ViewSearch/CustomFieldIDs/65/SearchValues/1347/PropertyTypeID/632
Pars,1348,https://amar.org.ir/salnameh-amari/agentType/ViewSearch/CustomFieldIDs/65/SearchValues/1348/PropertyTypeID/632
Pars,1349,https://amar.org.ir/salnameh-amari/agentType/ViewSearch/CustomFieldIDs/65/SearchValues/1349/PropertyTypeID/632
Pars,1350,https://amar.org.ir/salnameh-amari/agentType/ViewSearch/CustomFieldIDs/65/SearchValues/1350/PropertyTypeID/632
Pars,1351,https://amar.org.ir/salnameh-amari/agentType/ViewSearch/CustomFieldIDs/65/SearchValues/1351/PropertyTypeID/632
Pars,1352,https://amar.org.ir/salnameh-amari/agentType/ViewSearch/CustomFieldIDs/65/SearchValues/1352/PropertyTypeID/632
Pars,1353,https://amar.org.ir/salnameh-amari/agentType/ViewSearch/CustomFieldIDs/65/SearchValues/1353/PropertyTypeID/632
Pars,1354,https://amar.org.ir/salnameh-amari/agentType/ViewSearch/CustomFieldIDs/65/SearchValues/1354/PropertyTypeID/632
Pars,1355,https://amar.org.ir/salnameh-amari/agentType/ViewSearch/CustomFieldIDs/65/SearchValues/1355/PropertyTypeID/632
Pars,1356,https://amar.org.ir/salnameh-amari/agentType/ViewSearch/CustomFieldIDs/65/SearchValues/1356/PropertyTypeID/632
Pars,1357,https://amar.org.ir/salnameh-amari/agentType/ViewSearch/CustomFieldIDs/65/SearchValues/1357/PropertyTypeID/632
Pars,1358,https://amar.org.ir/salnameh-amari/agentType/ViewSearch/CustomFieldIDs/65/SearchValues/1358/PropertyTypeID/632
Pars,1359,https://amar.org.ir/salnameh-amari/agentType/ViewSearch/CustomFieldIDs/65/SearchValues/1359/PropertyTypeID/632
Pars,1360,https://amar.org.ir/salnameh-amari/agentType/ViewSearch/CustomFieldIDs/65/SearchValues/1360/PropertyTypeID/632
Pars,1361,https://amar.org.ir/salnameh-amari/agentType/ViewSearch/CustomFieldIDs/65/SearchValues/1361/PropertyTypeID/632
Pars,1362,https://amar.org.ir/salnameh-amari/agentType/ViewSearch/CustomFieldIDs/65/SearchValues/1362/PropertyTypeID/632
Pars,1363,https://amar.org.ir/salnameh-amari/agentType/ViewSearch/CustomFieldIDs/65/SearchValues/1363/PropertyTypeID/632
Pars,1364,https://amar.org.ir/salnameh-amari/agentType/ViewSearch/CustomFieldIDs/65/SearchValues/1364/PropertyTypeID/632
Pars,1365,https://amar.org.ir/salnameh-amari/agentType/ViewSearch/CustomFieldIDs/65/SearchValues/1365/PropertyTypeID/632
Pars,1366,https://amar.org.ir/salnameh-amari/agentType/ViewSearch/CustomFieldIDs/65/SearchValues/1366/PropertyTypeID/632
Pars,1367,https://amar.org.ir/salnameh-amari/agentType/ViewSearch/CustomFieldIDs/65/SearchValues/1367/PropertyTypeID/632
Pars,1368,https://amar.org.ir/salnameh-amari/agentType/ViewSearch/CustomFieldIDs/65/SearchValues/1368/PropertyTypeID/632
Pars,1369,https://amar.org.ir/salnameh-amari/agentType/ViewSearch/CustomFieldIDs/65/SearchValues/1369/PropertyTypeID/632
Pars,1370,https://amar.org.ir/salnameh-amari/agentType/ViewSearch/CustomFieldIDs/65/SearchValues/1370/PropertyTypeID/632
Pars,1371,https://amar.org.ir/salnameh-amari/agentType/ViewSearch/CustomFieldIDs/65/SearchValues/1371/PropertyTypeID/632
Pars,1372,https://amar.org.ir/salnameh-amari/agentType/ViewSearch/CustomFieldIDs/65/SearchValues/1372/PropertyTypeID/632
Pars,1373,https://amar.org.ir/salnameh-amari/agentType/ViewSearch/CustomFieldIDs/65/SearchValues/1373/PropertyTypeID/632
Pars,1374,https://amar.org.ir/salnameh-amari/agentType/ViewSearch/CustomFieldIDs/65/SearchValues/1374/PropertyTypeID/632
Pars,1375,https://amar.org.ir/salnameh-amari/agentType/ViewSearch/CustomFieldIDs/65/SearchValues/1375/PropertyTypeID/632
Pars,1376,https://amar.org.ir/salnameh-amari/agentType/ViewSearch/CustomFieldIDs/65/SearchValues/1376/PropertyTypeID/632
Pars,1377,https://amar.org.ir/salnameh-amari/agentType/ViewSearch/CustomFieldIDs/65/SearchValues/1377/PropertyTypeID/632
Pars,1378,https://amar.org.ir/salnameh-amari/agentType/ViewSearch/CustomFieldIDs/65/SearchValues/1378/PropertyTypeID/632
Pars,1379,https://amar.org.ir/salnameh-amari/agentType/ViewSearch/CustomFieldIDs/65/SearchValues/1379/PropertyTypeID/632
Pars,1380,https://amar.org.ir/salnameh-amari/agentType/ViewSearch/CustomFieldIDs/65/SearchValues/1380/PropertyTypeID/632
Pars,1381,https://amar.org.ir/salnameh-amari/agentType/ViewSearch/CustomFieldIDs/65/SearchValues/1381/PropertyTypeID/632
Pars,1382,https://amar.org.ir/salnameh-amari/agentType/ViewSearch/CustomFieldIDs/65/SearchValues/1382/PropertyTypeID/632
Pars,1383,https://amar.org.ir/salnameh-amari/agentType/ViewSearch/CustomFieldIDs/65/SearchValues/1383/PropertyTypeID/632
Pars,1384,https://amar.org.ir/salnameh-amari/agentType/ViewSearch/CustomFieldIDs/65/SearchValues/1384/PropertyTypeID/632
Pars,1385,https://amar.org.ir/salnameh-amari/agentType/ViewSearch/CustomFieldIDs/65/SearchValues/1385/PropertyTypeID/632
Pars,1386,https://amar.org.ir/salnameh-amari/agentType/ViewSearch/CustomFieldIDs/65/SearchValues/1386/PropertyTypeID/632
Pars,1387,https://amar.org.ir/salnameh-amari/agentType/ViewSearch/CustomFieldIDs/65/SearchValues/1387/PropertyTypeID/632
Pars,1388,https://amar.org.ir/salnameh-amari/agentType/ViewSearch/CustomFieldIDs/65/SearchValues/1388/PropertyTypeID/632
Pars,1389,https://amar.org.ir/salnameh-amari/agentType/ViewSearch/CustomFieldIDs/65/SearchValues/1389/PropertyTypeID/632
Pars,1390,https://amar.org.ir/salnameh-amari/agentType/ViewSearch/CustomFieldIDs/65/SearchValues/1390/PropertyTypeID/632
Pars,1391,https://amar.org.ir/salnameh-amari/agentType/ViewSearch/CustomFieldIDs/65/SearchValues/1391/PropertyTypeID/632
Pars,1392,https://amar.org.ir/salnameh-amari/agentType/ViewSearch/CustomFieldIDs/65/SearchValues/1392/PropertyTypeID/632
Pars,1393,https://amar.org.ir/salnameh-amari/agentType/ViewSearch/CustomFieldIDs/65/SearchValues/1393/PropertyTypeID/632
Pars,1394,https://amar.org.ir/salnameh-amari/agentType/ViewSearch/CustomFieldIDs/65/SearchValues/1394/PropertyTypeID/632
Pars,1395,https://amar.org.ir/salnameh-amari/agentType/ViewSearch/CustomFieldIDs/65/SearchValues/1395/PropertyTypeID/632
Pars,1396,https://amar.org.ir/salnameh-amari/agentType/ViewSearch/CustomFieldIDs/65/SearchValues/1396/PropertyTypeID/632
Pars,1397,https://amar.org.ir/salnameh-amari/agentType/ViewSearch/CustomFieldIDs/65/SearchValues/1397/PropertyTypeID/632
Pars,1398,https://amar.org.ir/salnameh-amari/agentType/ViewSearch/CustomFieldIDs/65/SearchValues/1398/PropertyTypeID/632
Pars,1399,https://amar.org.ir/salnameh-amari/agentType/ViewSearch/CustomFieldIDs/65/SearchValues/1399/PropertyTypeID/632
Pars,1400,https://amar.org.ir/salnameh-amari/agentType/ViewSearch/CustomFieldIDs/65/SearchValues/1400/PropertyTypeID/632
Pars,1401,https://amar.org.ir/salnameh-amari/agentType/ViewSearch/CustomFieldIDs/65/SearchValues/1401/PropertyTypeID/632
Pars,1402,https://amar.org.ir/salnameh-amari/agentType/ViewSearch/CustomFieldIDs/65/SearchValues/1402/PropertyTypeID/632
Qazvin,1345,https://amar.org.ir/salnameh-amari/agentType/ViewSearch/CustomFieldIDs/65/SearchValues/1345/PropertyTypeID/633
Qazvin,1346,https://amar.org.ir/salnameh-amari/agentType/ViewSearch/CustomFieldIDs/65/SearchValues/1346/PropertyTypeID/633
Qazvin,1347,https://amar.org.ir/salnameh-amari/agentType/ViewSearch/CustomFieldIDs/65/SearchValues/1347/PropertyTypeID/633
Qazvin,1348,https://amar.org.ir/salnameh-amari/agentType/ViewSearch/CustomFieldIDs/65/SearchValues/1348/PropertyTypeID/633
Qazvin,1349,https://amar.org.ir/salnameh-amari/agentType/ViewSearch/CustomFieldIDs/65/SearchValues/1349/PropertyTypeID/633
Qazvin,1350,https://amar.org.ir/salnameh-amari/agentType/ViewSearch/CustomFieldIDs/65/SearchValues/1350/PropertyTypeID/633
Qazvin,1351,https://amar.org.ir/salnameh-amari/agentType/ViewSearch/CustomFieldIDs/65/SearchValues/1351/PropertyTypeID/633
Qazvin,1352,https://amar.org.ir/salnameh-amari/agentType/ViewSearch/CustomFieldIDs/65/SearchValues/1352/PropertyTypeID/633
Qazvin,1353,https://amar.org.ir/salnameh-amari/agentType/ViewSearch/CustomFieldIDs/65/SearchValues/1353/PropertyTypeID/633
Qazvin,1354,https://amar.org.ir/salnameh-amari/agentType/ViewSearch/CustomFieldIDs/65/SearchValues/1354/PropertyTypeID/633
Qazvin,1355,https://amar.org.ir/salnameh-amari/agentType/ViewSearch/CustomFieldIDs/65/SearchValues/1355/PropertyTypeID/633
Qazvin,1356,https://amar.org.ir/salnameh-amari/agentType/ViewSearch/CustomFieldIDs/65/SearchValues/1356/PropertyTypeID/633
Qazvin,1357,https://amar.org.ir/salnameh-amari/agentType/ViewSearch/CustomFieldIDs/65/SearchValues/1357/PropertyTypeID/633
Qazvin,1358,https://amar.org.ir/salnameh-amari/agentType/ViewSearch/CustomFieldIDs/65/SearchValues/1358/PropertyTypeID/633
Qazvin,1359,https://amar.org.ir/salnameh-amari/agentType/ViewSearch/CustomFieldIDs/65/SearchValues/1359/PropertyTypeID/633
Qazvin,1360,https://amar.org.ir/salnameh-amari/agentType/ViewSearch/CustomFieldIDs/65/SearchValues/1360/PropertyTypeID/633
Qazvin,1361,https://amar.org.ir/salnameh-amari/agentType/ViewSearch/CustomFieldIDs/65/SearchValues/1361/PropertyTypeID/633
Qazvin,1362,https://amar.org.ir/salnameh-amari/agentType/ViewSearch/CustomFieldIDs/65/SearchValues/1362/PropertyTypeID/633
Qazvin,1363,https://amar.org.ir/salnameh-amari/agentType/ViewSearch/CustomFieldIDs/65/SearchValues/1363/PropertyTypeID/633
Qazvin,1364,https://amar.org.ir/salnameh-amari/agentType/ViewSearch/CustomFieldIDs/65/SearchValues/1364/PropertyTypeID/633
Qazvin,1365,https://amar.org.ir/salnameh-amari/agentType/ViewSearch/CustomFieldIDs/65/SearchValues/1365/PropertyTypeID/633
Qazvin,1366,https://amar.org.ir/salnameh-amari/agentType/ViewSearch/CustomFieldIDs/65/SearchValues/1366/PropertyTypeID/633
Qazvin,1367,https://amar.org.ir/salnameh-amari/agentType/ViewSearch/CustomFieldIDs/65/SearchValues/1367/PropertyTypeID/633
Qazvin,1368,https://amar.org.ir/salnameh-amari/agentType/ViewSearch/CustomFieldIDs/65/SearchValues/1368/PropertyTypeID/633
Qazvin,1369,https://amar.org.ir/salnameh-amari/agentType/ViewSearch/CustomFieldIDs/65/SearchValues/1369/PropertyTypeID/633
Qazvin,1370,https://amar.org.ir/salnameh-amari/agentType/ViewSearch/CustomFieldIDs/65/SearchValues/1370/PropertyTypeID/633
Qazvin,1371,https://amar.org.ir/salnameh-amari/agentType/ViewSearch/CustomFieldIDs/65/SearchValues/1371/PropertyTypeID/633
Qazvin,1372,https://amar.org.ir/salnameh-amari/agentType/ViewSearch/CustomFieldIDs/65/SearchValues/1372/PropertyTypeID/633
Qazvin,1373,https://amar.org.ir/salnameh-amari/agentType/ViewSearch/CustomFieldIDs/65/SearchValues/1373/PropertyTypeID/633
Qazvin,1374,https://amar.org.ir/salnameh-amari/agentType/ViewSearch/CustomFieldIDs/65/SearchValues/1374/PropertyTypeID/633
Qazvin,1375,https://amar.org.ir/salnameh-amari/agentType/ViewSearch/CustomFieldIDs/65/SearchValues/1375/PropertyTypeID/633
Qazvin,1376,https://amar.org.ir/salnameh-amari/agentType/ViewSearch/CustomFieldIDs/65/SearchValues/1376/PropertyTypeID/633
Qazvin,1377,https://amar.org.ir/salnameh-amari/agentType/ViewSearch/CustomFieldIDs/65/SearchValues/1377/PropertyTypeID/633
Qazvin,1378,https://amar.org.ir/salnameh-amari/agentType/ViewSearch/CustomFieldIDs/65/SearchValues/1378/PropertyTypeID/633
Qazvin,1379,https://amar.org.ir/salnameh-amari/agentType/ViewSearch/CustomFieldIDs/65/SearchValues/1379/PropertyTypeID/633
Qazvin,1380,https://amar.org.ir/salnameh-amari/agentType/ViewSearch/CustomFieldIDs/65/SearchValues/1380/PropertyTypeID/633
Qazvin,1381,https://amar.org.ir/salnameh-amari/agentType/ViewSearch/CustomFieldIDs/65/SearchValues/1381/PropertyTypeID/633
Qazvin,1382,https://amar.org.ir/salnameh-amari/agentType/ViewSearch/CustomFieldIDs/65/SearchValues/1382/PropertyTypeID/633
Qazvin,1383,https://amar.org.ir/salnameh-amari/agentType/ViewSearch/CustomFieldIDs/65/SearchValues/1383/PropertyTypeID/633
Qazvin,1384,https://amar.org.ir/salnameh-amari/agentType/ViewSearch/CustomFieldIDs/65/SearchValues/1384/PropertyTypeID/633
Qazvin,1385,https://amar.org.ir/salnameh-amari/agentType/ViewSearch/CustomFieldIDs/65/SearchValues/1385/PropertyTypeID/633
Qazvin,1386,https://amar.org.ir/salnameh-amari/agentType/ViewSearch/CustomFieldIDs/65/SearchValues/1386/PropertyTypeID/633
Qazvin,1387,https://amar.org.ir/salnameh-amari/agentType/ViewSearch/CustomFieldIDs/65/SearchValues/1387/PropertyTypeID/633
Qazvin,1388,https://amar.org.ir/salnameh-amari/agentType/ViewSearch/CustomFieldIDs/65/SearchValues/1388/PropertyTypeID/633
Qazvin,1389,https://amar.org.ir/salnameh-amari/agentType/ViewSearch/CustomFieldIDs/65/SearchValues/1389/PropertyTypeID/633
Qazvin,1390,https://amar.org.ir/salnameh-amari/agentType/ViewSearch/CustomFieldIDs/65/SearchValues/1390/PropertyTypeID/633
Qazvin,1391,https://amar.org.ir/salnameh-amari/agentType/ViewSearch/CustomFieldIDs/65/SearchValues/1391/PropertyTypeID/633
Qazvin,1392,https://amar.org.ir/salnameh-amari/agentType/ViewSearch/CustomFieldIDs/65/SearchValues/1392/PropertyTypeID/633
Qazvin,1393,https://amar.org.ir/salnameh-amari/agentType/ViewSearch/CustomFieldIDs/65/SearchValues/1393/PropertyTypeID/633
Qazvin,1394,https://amar.org.ir/salnameh-amari/agentType/ViewSearch/CustomFieldIDs/65/SearchValues/1394/PropertyTypeID/633
Qazvin,1395,https://amar.org.ir/salnameh-amari/agentType/ViewSearch/CustomFieldIDs/65/SearchValues/1395/PropertyTypeID/633
Qazvin,1396,https://amar.org.ir/salnameh-amari/agentType/ViewSearch/CustomFieldIDs/65/SearchValues/1396/PropertyTypeID/633
Qazvin,1397,https://amar.org.ir/salnameh-amari/agentType/ViewSearch/CustomFieldIDs/65/SearchValues/1397/PropertyTypeID/633
Qazvin,1398,https://amar.org.ir/salnameh-amari/agentType/ViewSearch/CustomFieldIDs/65/SearchValues/1398/PropertyTypeID/633
Qazvin,1399,https://amar.org.ir/salnameh-amari/agentType/ViewSearch/CustomFieldIDs/65/SearchValues/1399/PropertyTypeID/633
Qazvin,1400,https://amar.org.ir/salnameh-amari/agentType/ViewSearch/CustomFieldIDs/65/SearchValues/1400/PropertyTypeID/633
Qazvin,1401,https://amar.org.ir/salnameh-amari/agentType/ViewSearch/CustomFieldIDs/65/SearchValues/1401/PropertyTypeID/633
Qazvin,1402,https://amar.org.ir/salnameh-amari/agentType/ViewSearch/CustomFieldIDs/65/SearchValues/1402/PropertyTypeID/633
Qom,1345,https://amar.org.ir/salnameh-amari/agentType/ViewSearch/CustomFieldIDs/65/SearchValues/1345/PropertyTypeID/634
Qom,1346,https://amar.org.ir/salnameh-amari/agentType/ViewSearch/CustomFieldIDs/65/SearchValues/1346/PropertyTypeID/634
Qom,1347,https://amar.org.ir/salnameh-amari/agentType/ViewSearch/CustomFieldIDs/65/SearchValues/1347/PropertyTypeID/634
Qom,1348,https://amar.org.ir/salnameh-amari/agentType/ViewSearch/CustomFieldIDs/65/SearchValues/1348/PropertyTypeID/634
Qom,1349,https://amar.org.ir/salnameh-amari/agentType/ViewSearch/CustomFieldIDs/65/SearchValues/1349/PropertyTypeID/634
Qom,1350,https://amar.org.ir/salnameh-amari/agentType/ViewSearch/CustomFieldIDs/65/SearchValues/1350/PropertyTypeID/634
Qom,1351,https://amar.org.ir/salnameh-amari/agentType/ViewSearch/CustomFieldIDs/65/SearchValues/1351/PropertyTypeID/634
Qom,1352,https://amar.org.ir/salnameh-amari/agentType/ViewSearch/CustomFieldIDs/65/SearchValues/1352/PropertyTypeID/634
Qom,1353,https://amar.org.ir/salnameh-amari/agentType/ViewSearch/CustomFieldIDs/65/SearchValues/1353/PropertyTypeID/634
Qom,1354,https://amar.org.ir/salnameh-amari/agentType/ViewSearch/CustomFieldIDs/65/SearchValues/1354/PropertyTypeID/634
Qom,1355,https://amar.org.ir/salnameh-amari/agentType/ViewSearch/CustomFieldIDs/65/SearchValues/1355/PropertyTypeID/634
Qom,1356,https://amar.org.ir/salnameh-amari/agentType/ViewSearch/CustomFieldIDs/65/SearchValues/1356/PropertyTypeID/634
Qom,1357,https://amar.org.ir/salnameh-amari/agentType/ViewSearch/CustomFieldIDs/65/SearchValues/1357/PropertyTypeID/634
Qom,1358,https://amar.org.ir/salnameh-amari/agentType/ViewSearch/CustomFieldIDs/65/SearchValues/1358/PropertyTypeID/634
Qom,1359,https://amar.org.ir/salnameh-amari/agentType/ViewSearch/CustomFieldIDs/65/SearchValues/1359/PropertyTypeID/634
Qom,1360,https://amar.org.ir/salnameh-amari/agentType/ViewSearch/CustomFieldIDs/65/SearchValues/1360/PropertyTypeID/634
Qom,1361,https://amar.org.ir/salnameh-amari/agentType/ViewSearch/CustomFieldIDs/65/SearchValues/1361/PropertyTypeID/634
Qom,1362,https://amar.org.ir/salnameh-amari/agentType/ViewSearch/CustomFieldIDs/65/SearchValues/1362/PropertyTypeID/634
Qom,1363,https://amar.org.ir/salnameh-amari/agentType/ViewSearch/CustomFieldIDs/65/SearchValues/1363/PropertyTypeID/634
Qom,1364,https://amar.org.ir/salnameh-amari/agentType/ViewSearch/CustomFieldIDs/65/SearchValues/1364/PropertyTypeID/634
Qom,1365,https://amar.org.ir/salnameh-amari/agentType/ViewSearch/CustomFieldIDs/65/SearchValues/1365/PropertyTypeID/634
Qom,1366,https://amar.org.ir/salnameh-amari/agentType/ViewSearch/CustomFieldIDs/65/SearchValues/1366/PropertyTypeID/634
Qom,1367,https://amar.org.ir/salnameh-amari/agentType/ViewSearch/CustomFieldIDs/65/SearchValues/1367/PropertyTypeID/634
Qom,1368,https://amar.org.ir/salnameh-amari/agentType/ViewSearch/CustomFieldIDs/65/SearchValues/1368/PropertyTypeID/634
Qom,1369,https://amar.org.ir/salnameh-amari/agentType/ViewSearch/CustomFieldIDs/65/SearchValues/1369/PropertyTypeID/634
Qom,1370,https://amar.org.ir/salnameh-amari/agentType/ViewSearch/CustomFieldIDs/65/SearchValues/1370/PropertyTypeID/634
Qom,1371,https://amar.org.ir/salnameh-amari/agentType/ViewSearch/CustomFieldIDs/65/SearchValues/1371/PropertyTypeID/634
Qom,1372,https://amar.org.ir/salnameh-amari/agentType/ViewSearch/CustomFieldIDs/65/SearchValues/1372/PropertyTypeID/634
Qom,1373,https://amar.org.ir/salnameh-amari/agentType/ViewSearch/CustomFieldIDs/65/SearchValues/1373/PropertyTypeID/634
Qom,1374,https://amar.org.ir/salnameh-amari/agentType/ViewSearch/CustomFieldIDs/65/SearchValues/1374/PropertyTypeID/634
Qom,1375,https://amar.org.ir/salnameh-amari/agentType/ViewSearch/CustomFieldIDs/65/SearchValues/1375/PropertyTypeID/634
Qom,1376,https://amar.org.ir/salnameh-amari/agentType/ViewSearch/CustomFieldIDs/65/SearchValues/1376/PropertyTypeID/634
Qom,1377,https://amar.org.ir/salnameh-amari/agentType/ViewSearch/CustomFieldIDs/65/SearchValues/1377/PropertyTypeID/634
Qom,1378,https://amar.org.ir/salnameh-amari/agentType/ViewSearch/CustomFieldIDs/65/SearchValues/1378/PropertyTypeID/634
Qom,1379,https://amar.org.ir/salnameh-amari/agentType/ViewSearch/CustomFieldIDs/65/SearchValues/1379/PropertyTypeID/634
Qom,1380,https://amar.org.ir/salnameh-amari/agentType/ViewSearch/CustomFieldIDs/65/SearchValues/1380/PropertyTypeID/634
Qom,1381,https://amar.org.ir/salnameh-amari/agentType/ViewSearch/CustomFieldIDs/65/SearchValues/1381/PropertyTypeID/634
Qom,1382,https://amar.org.ir/salnameh-amari/agentType/ViewSearch/CustomFieldIDs/65/SearchValues/1382/PropertyTypeID/634
Qom,1383,https://amar.org.ir/salnameh-amari/agentType/ViewSearch/CustomFieldIDs/65/SearchValues/1383/PropertyTypeID/634
Qom,1384,https://amar.org.ir/salnameh-amari/agentType/ViewSearch/CustomFieldIDs/65/SearchValues/1384/PropertyTypeID/634
Qom,1385,https://amar.org.ir/salnameh-amari/agentType/ViewSearch/CustomFieldIDs/65/SearchValues/1385/PropertyTypeID/634
Qom,1386,https://amar.org.ir/salnameh-amari/agentType/ViewSearch/CustomFieldIDs/65/SearchValues/1386/PropertyTypeID/634
Qom,1387,https://amar.org.ir/salnameh-amari/agentType/ViewSearch/CustomFieldIDs/65/SearchValues/1387/PropertyTypeID/634
Qom,1388,https://amar.org.ir/salnameh-amari/agentType/ViewSearch/CustomFieldIDs/65/SearchValues/1388/PropertyTypeID/634
Qom,1389,https://amar.org.ir/salnameh-amari/agentType/ViewSearch/CustomFieldIDs/65/SearchValues/1389/PropertyTypeID/634
Qom,1390,https://amar.org.ir/salnameh-amari/agentType/ViewSearch/CustomFieldIDs/65/SearchValues/1390/PropertyTypeID/634
Qom,1391,https://amar.org.ir/salnameh-amari/agentType/ViewSearch/CustomFieldIDs/65/SearchValues/1391/PropertyTypeID/634
Qom,1392,https://amar.org.ir/salnameh-amari/agentType/ViewSearch/CustomFieldIDs/65/SearchValues/1392/PropertyTypeID/634
Qom,1393,https://amar.org.ir/salnameh-amari/agentType/ViewSearch/CustomFieldIDs/65/SearchValues/1393/PropertyTypeID/634
Qom,1394,https://amar.org.ir/salnameh-amari/agentType/ViewSearch/CustomFieldIDs/65/SearchValues/1394/PropertyTypeID/634
Qom,1395,https://amar.org.ir/salnameh-amari/agentType/ViewSearch/CustomFieldIDs/65/SearchValues/1395/PropertyTypeID/634
Qom,1396,https://amar.org.ir/salnameh-amari/agentType/ViewSearch/CustomFieldIDs/65/SearchValues/1396/PropertyTypeID/634
Qom,1397,https://amar.org.ir/salnameh-amari/agentType/ViewSearch/CustomFieldIDs/65/SearchValues/1397/PropertyTypeID/634
Qom,1398,https://amar.org.ir/salnameh-amari/agentType/ViewSearch/CustomFieldIDs/65/SearchValues/1398/PropertyTypeID/634
Qom,1399,https://amar.org.ir/salnameh-amari/agentType/ViewSearch/CustomFieldIDs/65/SearchValues/1399/PropertyTypeID/634
Qom,1400,https://amar.org.ir/salnameh-amari/agentType/ViewSearch/CustomFieldIDs/65/SearchValues/1400/PropertyTypeID/634
Qom,1401,https://amar.org.ir/salnameh-amari/agentType/ViewSearch/CustomFieldIDs/65/SearchValues/1401/PropertyTypeID/634
Qom,1402,https://amar.org.ir/salnameh-amari/agentType/ViewSearch/CustomFieldIDs/65/SearchValues/1402/PropertyTypeID/634
Kurdistan,1345,https://amar.org.ir/salnameh-amari/agentType/ViewSearch/CustomFieldIDs/65/SearchValues/1345/PropertyTypeID/635
Kurdistan,1346,https://amar.org.ir/salnameh-amari/agentType/ViewSearch/CustomFieldIDs/65/SearchValues/1346/PropertyTypeID/635
Kurdistan,1347,https://amar.org.ir/salnameh-amari/agentType/ViewSearch/CustomFieldIDs/65/SearchValues/1347/PropertyTypeID/635
Kurdistan,1348,https://amar.org.ir/salnameh-amari/agentType/ViewSearch/CustomFieldIDs/65/SearchValues/1348/PropertyTypeID/635
Kurdistan,1349,https://amar.org.ir/salnameh-amari/agentType/ViewSearch/CustomFieldIDs/65/SearchValues/1349/PropertyTypeID/635
Kurdistan,1350,https://amar.org.ir/salnameh-amari/agentType/ViewSearch/CustomFieldIDs/65/SearchValues/1350/PropertyTypeID/635
Kurdistan,1351,https://amar.org.ir/salnameh-amari/agentType/ViewSearch/CustomFieldIDs/65/SearchValues/1351/PropertyTypeID/635
Kurdistan,1352,https://amar.org.ir/salnameh-amari/agentType/ViewSearch/CustomFieldIDs/65/SearchValues/1352/PropertyTypeID/635
Kurdistan,1353,https://amar.org.ir/salnameh-amari/agentType/ViewSearch/CustomFieldIDs/65/SearchValues/1353/PropertyTypeID/635
Kurdistan,1354,https://amar.org.ir/salnameh-amari/agentType/ViewSearch/CustomFieldIDs/65/SearchValues/1354/PropertyTypeID/635
Kurdistan,1355,https://amar.org.ir/salnameh-amari/agentType/ViewSearch/CustomFieldIDs/65/SearchValues/1355/PropertyTypeID/635
Kurdistan,1356,https://amar.org.ir/salnameh-amari/agentType/ViewSearch/CustomFieldIDs/65/SearchValues/1356/PropertyTypeID/635
Kurdistan,1357,https://amar.org.ir/salnameh-amari/agentType/ViewSearch/CustomFieldIDs/65/SearchValues/1357/PropertyTypeID/635
Kurdistan,1358,https://amar.org.ir/salnameh-amari/agentType/ViewSearch/CustomFieldIDs/65/SearchValues/1358/PropertyTypeID/635
Kurdistan,1359,https://amar.org.ir/salnameh-amari/agentType/ViewSearch/CustomFieldIDs/65/SearchValues/1359/PropertyTypeID/635
Kurdistan,1360,https://amar.org.ir/salnameh-amari/agentType/ViewSearch/CustomFieldIDs/65/SearchValues/1360/PropertyTypeID/635
Kurdistan,1361,https://amar.org.ir/salnameh-amari/agentType/ViewSearch/CustomFieldIDs/65/SearchValues/1361/PropertyTypeID/635
Kurdistan,1362,https://amar.org.ir/salnameh-amari/agentType/ViewSearch/CustomFieldIDs/65/SearchValues/1362/PropertyTypeID/635
Kurdistan,1363,https://amar.org.ir/salnameh-amari/agentType/ViewSearch/CustomFieldIDs/65/SearchValues/1363/PropertyTypeID/635
Kurdistan,1364,https://amar.org.ir/salnameh-amari/agentType/ViewSearch/CustomFieldIDs/65/SearchValues/1364/PropertyTypeID/635
Kurdistan,1365,https://amar.org.ir/salnameh-amari/agentType/ViewSearch/CustomFieldIDs/65/SearchValues/1365/PropertyTypeID/635
Kurdistan,1366,https://amar.org.ir/salnameh-amari/agentType/ViewSearch/CustomFieldIDs/65/SearchValues/1366/PropertyTypeID/635
Kurdistan,1367,https://amar.org.ir/salnameh-amari/agentType/ViewSearch/CustomFieldIDs/65/SearchValues/1367/PropertyTypeID/635
Kurdistan,1368,https://amar.org.ir/salnameh-amari/agentType/ViewSearch/CustomFieldIDs/65/SearchValues/1368/PropertyTypeID/635
Kurdistan,1369,https://amar.org.ir/salnameh-amari/agentType/ViewSearch/CustomFieldIDs/65/SearchValues/1369/PropertyTypeID/635
Kurdistan,1370,https://amar.org.ir/salnameh-amari/agentType/ViewSearch/CustomFieldIDs/65/SearchValues/1370/PropertyTypeID/635
Kurdistan,1371,https://amar.org.ir/salnameh-amari/agentType/ViewSearch/CustomFieldIDs/65/SearchValues/1371/PropertyTypeID/635
Kurdistan,1372,https://amar.org.ir/salnameh-amari/agentType/ViewSearch/CustomFieldIDs/65/SearchValues/1372/PropertyTypeID/635
Kurdistan,1373,https://amar.org.ir/salnameh-amari/agentType/ViewSearch/CustomFieldIDs/65/SearchValues/1373/PropertyTypeID/635
Kurdistan,1374,https://amar.org.ir/salnameh-amari/agentType/ViewSearch/CustomFieldIDs/65/SearchValues/1374/PropertyTypeID/635
Kurdistan,1375,https://amar.org.ir/salnameh-amari/agentType/ViewSearch/CustomFieldIDs/65/SearchValues/1375/PropertyTypeID/635
Kurdistan,1376,https://amar.org.ir/salnameh-amari/agentType/ViewSearch/CustomFieldIDs/65/SearchValues/1376/PropertyTypeID/635
Kurdistan,1377,https://amar.org.ir/salnameh-amari/agentType/ViewSearch/CustomFieldIDs/65/SearchValues/1377/PropertyTypeID/635
Kurdistan,1378,https://amar.org.ir/salnameh-amari/agentType/ViewSearch/CustomFieldIDs/65/SearchValues/1378/PropertyTypeID/635
Kurdistan,1379,https://amar.org.ir/salnameh-amari/agentType/ViewSearch/CustomFieldIDs/65/SearchValues/1379/PropertyTypeID/635
Kurdistan,1380,https://amar.org.ir/salnameh-amari/agentType/ViewSearch/CustomFieldIDs/65/SearchValues/1380/PropertyTypeID/635
Kurdistan,1381,https://amar.org.ir/salnameh-amari/agentType/ViewSearch/CustomFieldIDs/65/SearchValues/1381/PropertyTypeID/635
Kurdistan,1382,https://amar.org.ir/salnameh-amari/agentType/ViewSearch/CustomFieldIDs/65/SearchValues/1382/PropertyTypeID/635
Kurdistan,1383,https://amar.org.ir/salnameh-amari/agentType/ViewSearch/CustomFieldIDs/65/SearchValues/1383/PropertyTypeID/635
Kurdistan,1384,https://amar.org.ir/salnameh-amari/agentType/ViewSearch/CustomFieldIDs/65/SearchValues/1384/PropertyTypeID/635
Kurdistan,1385,https://amar.org.ir/salnameh-amari/agentType/ViewSearch/CustomFieldIDs/65/SearchValues/1385/PropertyTypeID/635
Kurdistan,1386,https://amar.org.ir/salnameh-amari/agentType/ViewSearch/CustomFieldIDs/65/SearchValues/1386/PropertyTypeID/635
Kurdistan,1387,https://amar.org.ir/salnameh-amari/agentType/ViewSearch/CustomFieldIDs/65/SearchValues/1387/PropertyTypeID/635
Kurdistan,1388,https://amar.org.ir/salnameh-amari/agentType/ViewSearch/CustomFieldIDs/65/SearchValues/1388/PropertyTypeID/635
Kurdistan,1389,https://amar.org.ir/salnameh-amari/agentType/ViewSearch/CustomFieldIDs/65/SearchValues/1389/PropertyTypeID/635
Kurdistan,1390,https://amar.org.ir/salnameh-amari/agentType/ViewSearch/CustomFieldIDs/65/SearchValues/1390/PropertyTypeID/635
Kurdistan,1391,https://amar.org.ir/salnameh-amari/agentType/ViewSearch/CustomFieldIDs/65/SearchValues/1391/PropertyTypeID/635
Kurdistan,1392,https://amar.org.ir/salnameh-amari/agentType/ViewSearch/CustomFieldIDs/65/SearchValues/1392/PropertyTypeID/635
Kurdistan,1393,https://amar.org.ir/salnameh-amari/agentType/ViewSearch/CustomFieldIDs/65/SearchValues/1393/PropertyTypeID/635
Kurdistan,1394,https://amar.org.ir/salnameh-amari/agentType/ViewSearch/CustomFieldIDs/65/SearchValues/1394/PropertyTypeID/635
Kurdistan,1395,https://amar.org.ir/salnameh-amari/agentType/ViewSearch/CustomFieldIDs/65/SearchValues/1395/PropertyTypeID/635
Kurdistan,1396,https://amar.org.ir/salnameh-amari/agentType/ViewSearch/CustomFieldIDs/65/SearchValues/1396/PropertyTypeID/635
Kurdistan,1397,https://amar.org.ir/salnameh-amari/agentType/ViewSearch/CustomFieldIDs/65/SearchValues/1397/PropertyTypeID/635
Kurdistan,1398,https://amar.org.ir/salnameh-amari/agentType/ViewSearch/CustomFieldIDs/65/SearchValues/1398/PropertyTypeID/635
Kurdistan,1399,https://amar.org.ir/salnameh-amari/agentType/ViewSearch/CustomFieldIDs/65/SearchValues/1399/PropertyTypeID/635
Kurdistan,1400,https://amar.org.ir/salnameh-amari/agentType/ViewSearch/CustomFieldIDs/65/SearchValues/1400/PropertyTypeID/635
Kurdistan,1401,https://amar.org.ir/salnameh-amari/agentType/ViewSearch/CustomFieldIDs/65/SearchValues/1401/PropertyTypeID/635
Kurdistan,1402,https://amar.org.ir/salnameh-amari/agentType/ViewSearch/CustomFieldIDs/65/SearchValues/1402/PropertyTypeID/635
Kerman,1345,https://amar.org.ir/salnameh-amari/agentType/ViewSearch/CustomFieldIDs/65/SearchValues/1345/PropertyTypeID/636
Kerman,1346,https://amar.org.ir/salnameh-amari/agentType/ViewSearch/CustomFieldIDs/65/SearchValues/1346/PropertyTypeID/636
Kerman,1347,https://amar.org.ir/salnameh-amari/agentType/ViewSearch/CustomFieldIDs/65/SearchValues/1347/PropertyTypeID/636
Kerman,1348,https://amar.org.ir/salnameh-amari/agentType/ViewSearch/CustomFieldIDs/65/SearchValues/1348/PropertyTypeID/636
Kerman,1349,https://amar.org.ir/salnameh-amari/agentType/ViewSearch/CustomFieldIDs/65/SearchValues/1349/PropertyTypeID/636
Kerman,1350,https://amar.org.ir/salnameh-amari/agentType/ViewSearch/CustomFieldIDs/65/SearchValues/1350/PropertyTypeID/636
Kerman,1351,https://amar.org.ir/salnameh-amari/agentType/ViewSearch/CustomFieldIDs/65/SearchValues/1351/PropertyTypeID/636
Kerman,1352,https://amar.org.ir/salnameh-amari/agentType/ViewSearch/CustomFieldIDs/65/SearchValues/1352/PropertyTypeID/636
Kerman,1353,https://amar.org.ir/salnameh-amari/agentType/ViewSearch/CustomFieldIDs/65/SearchValues/1353/PropertyTypeID/636
Kerman,1354,https://amar.org.ir/salnameh-amari/agentType/ViewSearch/CustomFieldIDs/65/SearchValues/1354/PropertyTypeID/636
Kerman,1355,https://amar.org.ir/salnameh-amari/agentType/ViewSearch/CustomFieldIDs/65/SearchValues/1355/PropertyTypeID/636
Kerman,1356,https://amar.org.ir/salnameh-amari/agentType/ViewSearch/CustomFieldIDs/65/SearchValues/1356/PropertyTypeID/636
Kerman,1357,https://amar.org.ir/salnameh-amari/agentType/ViewSearch/CustomFieldIDs/65/SearchValues/1357/PropertyTypeID/636
Kerman,1358,https://amar.org.ir/salnameh-amari/agentType/ViewSearch/CustomFieldIDs/65/SearchValues/1358/PropertyTypeID/636
Kerman,1359,https://amar.org.ir/salnameh-amari/agentType/ViewSearch/CustomFieldIDs/65/SearchValues/1359/PropertyTypeID/636
Kerman,1360,https://amar.org.ir/salnameh-amari/agentType/ViewSearch/CustomFieldIDs/65/SearchValues/1360/PropertyTypeID/636
Kerman,1361,https://amar.org.ir/salnameh-amari/agentType/ViewSearch/CustomFieldIDs/65/SearchValues/1361/PropertyTypeID/636
Kerman,1362,https://amar.org.ir/salnameh-amari/agentType/ViewSearch/CustomFieldIDs/65/SearchValues/1362/PropertyTypeID/636
Kerman,1363,https://amar.org.ir/salnameh-amari/agentType/ViewSearch/CustomFieldIDs/65/SearchValues/1363/PropertyTypeID/636
Kerman,1364,https://amar.org.ir/salnameh-amari/agentType/ViewSearch/CustomFieldIDs/65/SearchValues/1364/PropertyTypeID/636
Kerman,1365,https://amar.org.ir/salnameh-amari/agentType/ViewSearch/CustomFieldIDs/65/SearchValues/1365/PropertyTypeID/636
Kerman,1366,https://amar.org.ir/salnameh-amari/agentType/ViewSearch/CustomFieldIDs/65/SearchValues/1366/PropertyTypeID/636
Kerman,1367,https://amar.org.ir/salnameh-amari/agentType/ViewSearch/CustomFieldIDs/65/SearchValues/1367/PropertyTypeID/636
Kerman,1368,https://amar.org.ir/salnameh-amari/agentType/ViewSearch/CustomFieldIDs/65/SearchValues/1368/PropertyTypeID/636
Kerman,1369,https://amar.org.ir/salnameh-amari/agentType/ViewSearch/CustomFieldIDs/65/SearchValues/1369/PropertyTypeID/636
Kerman,1370,https://amar.org.ir/salnameh-amari/agentType/ViewSearch/CustomFieldIDs/65/SearchValues/1370/PropertyTypeID/636
Kerman,1371,https://amar.org.ir/salnameh-amari/agentType/ViewSearch/CustomFieldIDs/65/SearchValues/1371/PropertyTypeID/636
Kerman,1372,https://amar.org.ir/salnameh-amari/agentType/ViewSearch/CustomFieldIDs/65/SearchValues/1372/PropertyTypeID/636
Kerman,1373,https://amar.org.ir/salnameh-amari/agentType/ViewSearch/CustomFieldIDs/65/SearchValues/1373/PropertyTypeID/636
Kerman,1374,https://amar.org.ir/salnameh-amari/agentType/ViewSearch/CustomFieldIDs/65/SearchValues/1374/PropertyTypeID/636
Kerman,1375,https://amar.org.ir/salnameh-amari/agentType/ViewSearch/CustomFieldIDs/65/SearchValues/1375/PropertyTypeID/636
Kerman,1376,https://amar.org.ir/salnameh-amari/agentType/ViewSearch/CustomFieldIDs/65/SearchValues/1376/PropertyTypeID/636
Kerman,1377,https://amar.org.ir/salnameh-amari/agentType/ViewSearch/CustomFieldIDs/65/SearchValues/1377/PropertyTypeID/636
Kerman,1378,https://amar.org.ir/salnameh-amari/agentType/ViewSearch/CustomFieldIDs/65/SearchValues/1378/PropertyTypeID/636
Kerman,1379,https://amar.org.ir/salnameh-amari/agentType/ViewSearch/CustomFieldIDs/65/SearchValues/1379/PropertyTypeID/636
Kerman,1380,https://amar.org.ir/salnameh-amari/agentType/ViewSearch/CustomFieldIDs/65/SearchValues/1380/PropertyTypeID/636
Kerman,1381,https://amar.org.ir/salnameh-amari/agentType/ViewSearch/CustomFieldIDs/65/SearchValues/1381/PropertyTypeID/636
Kerman,1382,https://amar.org.ir/salnameh-amari/agentType/ViewSearch/CustomFieldIDs/65/SearchValues/1382/PropertyTypeID/636
Kerman,1383,https://amar.org.ir/salnameh-amari/agentType/ViewSearch/CustomFieldIDs/65/SearchValues/1383/PropertyTypeID/636
Kerman,1384,https://amar.org.ir/salnameh-amari/agentType/ViewSearch/CustomFieldIDs/65/SearchValues/1384/PropertyTypeID/636
Kerman,1385,https://amar.org.ir/salnameh-amari/agentType/ViewSearch/CustomFieldIDs/65/SearchValues/1385/PropertyTypeID/636
Kerman,1386,https://amar.org.ir/salnameh-amari/agentType/ViewSearch/CustomFieldIDs/65/SearchValues/1386/PropertyTypeID/636
Kerman,1387,https://amar.org.ir/salnameh-amari/agentType/ViewSearch/CustomFieldIDs/65/SearchValues/1387/PropertyTypeID/636
Kerman,1388,https://amar.org.ir/salnameh-amari/agentType/ViewSearch/CustomFieldIDs/65/SearchValues/1388/PropertyTypeID/636
Kerman,1389,https://amar.org.ir/salnameh-amari/agentType/ViewSearch/CustomFieldIDs/65/SearchValues/1389/PropertyTypeID/636
Kerman,1390,https://amar.org.ir/salnameh-amari/agentType/ViewSearch/CustomFieldIDs/65/SearchValues/1390/PropertyTypeID/636
Kerman,1391,https://amar.org.ir/salnameh-amari/agentType/ViewSearch/CustomFieldIDs/65/SearchValues/1391/PropertyTypeID/636
Kerman,1392,https://amar.org.ir/salnameh-amari/agentType/ViewSearch/CustomFieldIDs/65/SearchValues/1392/PropertyTypeID/636
Kerman,1393,https://amar.org.ir/salnameh-amari/agentType/ViewSearch/CustomFieldIDs/65/SearchValues/1393/PropertyTypeID/636
Kerman,1394,https://amar.org.ir/salnameh-amari/agentType/ViewSearch/CustomFieldIDs/65/SearchValues/1394/PropertyTypeID/636
Kerman,1395,https://amar.org.ir/salnameh-amari/agentType/ViewSearch/CustomFieldIDs/65/SearchValues/1395/PropertyTypeID/636
Kerman,1396,https://amar.org.ir/salnameh-amari/agentType/ViewSearch/CustomFieldIDs/65/SearchValues/1396/PropertyTypeID/636
Kerman,1397,https://amar.org.ir/salnameh-amari/agentType/ViewSearch/CustomFieldIDs/65/SearchValues/1397/PropertyTypeID/636
Kerman,1398,https://amar.org.ir/salnameh-amari/agentType/ViewSearch/CustomFieldIDs/65/SearchValues/1398/PropertyTypeID/636
Kerman,1399,https://amar.org.ir/salnameh-amari/agentType/ViewSearch/CustomFieldIDs/65/SearchValues/1399/PropertyTypeID/636
Kerman,1400,https://amar.org.ir/salnameh-amari/agentType/ViewSearch/CustomFieldIDs/65/SearchValues/1400/PropertyTypeID/636
Kerman,1401,https://amar.org.ir/salnameh-amari/agentType/ViewSearch/CustomFieldIDs/65/SearchValues/1401/PropertyTypeID/636
Kerman,1402,https://amar.org.ir/salnameh-amari/agentType/ViewSearch/CustomFieldIDs/65/SearchValues/1402/PropertyTypeID/636
Kermanshah,1345,https://amar.org.ir/salnameh-amari/agentType/ViewSearch/CustomFieldIDs/65/SearchValues/1345/PropertyTypeID/637
Kermanshah,1346,https://amar.org.ir/salnameh-amari/agentType/ViewSearch/CustomFieldIDs/65/SearchValues/1346/PropertyTypeID/637
Kermanshah,1347,https://amar.org.ir/salnameh-amari/agentType/ViewSearch/CustomFieldIDs/65/SearchValues/1347/PropertyTypeID/637
Kermanshah,1348,https://amar.org.ir/salnameh-amari/agentType/ViewSearch/CustomFieldIDs/65/SearchValues/1348/PropertyTypeID/637
Kermanshah,1349,https://amar.org.ir/salnameh-amari/agentType/ViewSearch/CustomFieldIDs/65/SearchValues/1349/PropertyTypeID/637
Kermanshah,1350,https://amar.org.ir/salnameh-amari/agentType/ViewSearch/CustomFieldIDs/65/SearchValues/1350/PropertyTypeID/637
Kermanshah,1351,https://amar.org.ir/salnameh-amari/agentType/ViewSearch/CustomFieldIDs/65/SearchValues/1351/PropertyTypeID/637
Kermanshah,1352,https://amar.org.ir/salnameh-amari/agentType/ViewSearch/CustomFieldIDs/65/SearchValues/1352/PropertyTypeID/637
Kermanshah,1353,https://amar.org.ir/salnameh-amari/agentType/ViewSearch/CustomFieldIDs/65/SearchValues/1353/PropertyTypeID/637
Kermanshah,1354,https://amar.org.ir/salnameh-amari/agentType/ViewSearch/CustomFieldIDs/65/SearchValues/1354/PropertyTypeID/637
Kermanshah,1355,https://amar.org.ir/salnameh-amari/agentType/ViewSearch/CustomFieldIDs/65/SearchValues/1355/PropertyTypeID/637
Kermanshah,1356,https://amar.org.ir/salnameh-amari/agentType/ViewSearch/CustomFieldIDs/65/SearchValues/1356/PropertyTypeID/637
Kermanshah,1357,https://amar.org.ir/salnameh-amari/agentType/ViewSearch/CustomFieldIDs/65/SearchValues/1357/PropertyTypeID/637
Kermanshah,1358,https://amar.org.ir/salnameh-amari/agentType/ViewSearch/CustomFieldIDs/65/SearchValues/1358/PropertyTypeID/637
Kermanshah,1359,https://amar.org.ir/salnameh-amari/agentType/ViewSearch/CustomFieldIDs/65/SearchValues/1359/PropertyTypeID/637
Kermanshah,1360,https://amar.org.ir/salnameh-amari/agentType/ViewSearch/CustomFieldIDs/65/SearchValues/1360/PropertyTypeID/637
Kermanshah,1361,https://amar.org.ir/salnameh-amari/agentType/ViewSearch/CustomFieldIDs/65/SearchValues/1361/PropertyTypeID/637
Kermanshah,1362,https://amar.org.ir/salnameh-amari/agentType/ViewSearch/CustomFieldIDs/65/SearchValues/1362/PropertyTypeID/637
Kermanshah,1363,https://amar.org.ir/salnameh-amari/agentType/ViewSearch/CustomFieldIDs/65/SearchValues/1363/PropertyTypeID/637
Kermanshah,1364,https://amar.org.ir/salnameh-amari/agentType/ViewSearch/CustomFieldIDs/65/SearchValues/1364/PropertyTypeID/637
Kermanshah,1365,https://amar.org.ir/salnameh-amari/agentType/ViewSearch/CustomFieldIDs/65/SearchValues/1365/PropertyTypeID/637
Kermanshah,1366,https://amar.org.ir/salnameh-amari/agentType/ViewSearch/CustomFieldIDs/65/SearchValues/1366/PropertyTypeID/637
Kermanshah,1367,https://amar.org.ir/salnameh-amari/agentType/ViewSearch/CustomFieldIDs/65/SearchValues/1367/PropertyTypeID/637
Kermanshah,1368,https://amar.org.ir/salnameh-amari/agentType/ViewSearch/CustomFieldIDs/65/SearchValues/1368/PropertyTypeID/637
Kermanshah,1369,https://amar.org.ir/salnameh-amari/agentType/ViewSearch/CustomFieldIDs/65/SearchValues/1369/PropertyTypeID/637
Kermanshah,1370,https://amar.org.ir/salnameh-amari/agentType/ViewSearch/CustomFieldIDs/65/SearchValues/1370/PropertyTypeID/637
Kermanshah,1371,https://amar.org.ir/salnameh-amari/agentType/ViewSearch/CustomFieldIDs/65/SearchValues/1371/PropertyTypeID/637
Kermanshah,1372,https://amar.org.ir/salnameh-amari/agentType/ViewSearch/CustomFieldIDs/65/SearchValues/1372/PropertyTypeID/637
Kermanshah,1373,https://amar.org.ir/salnameh-amari/agentType/ViewSearch/CustomFieldIDs/65/SearchValues/1373/PropertyTypeID/637
Kermanshah,1374,https://amar.org.ir/salnameh-amari/agentType/ViewSearch/CustomFieldIDs/65/SearchValues/1374/PropertyTypeID/637
Kermanshah,1375,https://amar.org.ir/salnameh-amari/agentType/ViewSearch/CustomFieldIDs/65/SearchValues/1375/PropertyTypeID/637
Kermanshah,1376,https://amar.org.ir/salnameh-amari/agentType/ViewSearch/CustomFieldIDs/65/SearchValues/1376/PropertyTypeID/637
Kermanshah,1377,https://amar.org.ir/salnameh-amari/agentType/ViewSearch/CustomFieldIDs/65/SearchValues/1377/PropertyTypeID/637
Kermanshah,1378,https://amar.org.ir/salnameh-amari/agentType/ViewSearch/CustomFieldIDs/65/SearchValues/1378/PropertyTypeID/637
Kermanshah,1379,https://amar.org.ir/salnameh-amari/agentType/ViewSearch/CustomFieldIDs/65/SearchValues/1379/PropertyTypeID/637
Kermanshah,1380,https://amar.org.ir/salnameh-amari/agentType/ViewSearch/CustomFieldIDs/65/SearchValues/1380/PropertyTypeID/637
Kermanshah,1381,https://amar.org.ir/salnameh-amari/agentType/ViewSearch/CustomFieldIDs/65/SearchValues/1381/PropertyTypeID/637
Kermanshah,1382,https://amar.org.ir/salnameh-amari/agentType/ViewSearch/CustomFieldIDs/65/SearchValues/1382/PropertyTypeID/637
Kermanshah,1383,https://amar.org.ir/salnameh-amari/agentType/ViewSearch/CustomFieldIDs/65/SearchValues/1383/PropertyTypeID/637
Kermanshah,1384,https://amar.org.ir/salnameh-amari/agentType/ViewSearch/CustomFieldIDs/65/SearchValues/1384/PropertyTypeID/637
Kermanshah,1385,https://amar.org.ir/salnameh-amari/agentType/ViewSearch/CustomFieldIDs/65/SearchValues/1385/PropertyTypeID/637
Kermanshah,1386,https://amar.org.ir/salnameh-amari/agentType/ViewSearch/CustomFieldIDs/65/SearchValues/1386/PropertyTypeID/637
Kermanshah,1387,https://amar.org.ir/salnameh-amari/agentType/ViewSearch/CustomFieldIDs/65/SearchValues/1387/PropertyTypeID/637
Kermanshah,1388,https://amar.org.ir/salnameh-amari/agentType/ViewSearch/CustomFieldIDs/65/SearchValues/1388/PropertyTypeID/637
Kermanshah,1389,https://amar.org.ir/salnameh-amari/agentType/ViewSearch/CustomFieldIDs/65/SearchValues/1389/PropertyTypeID/637
Kermanshah,1390,https://amar.org.ir/salnameh-amari/agentType/ViewSearch/CustomFieldIDs/65/SearchValues/1390/PropertyTypeID/637
Kermanshah,1391,https://amar.org.ir/salnameh-amari/agentType/ViewSearch/CustomFieldIDs/65/SearchValues/1391/PropertyTypeID/637
Kermanshah,1392,https://amar.org.ir/salnameh-amari/agentType/ViewSearch/CustomFieldIDs/65/SearchValues/1392/PropertyTypeID/637
Kermanshah,1393,https://amar.org.ir/salnameh-amari/agentType/ViewSearch/CustomFieldIDs/65/SearchValues/1393/PropertyTypeID/637
Kermanshah,1394,https://amar.org.ir/salnameh-amari/agentType/ViewSearch/CustomFieldIDs/65/SearchValues/1394/PropertyTypeID/637
Kermanshah,1395,https://amar.org.ir/salnameh-amari/agentType/ViewSearch/CustomFieldIDs/65/SearchValues/1395/PropertyTypeID/637
Kermanshah,1396,https://amar.org.ir/salnameh-amari/agentType/ViewSearch/CustomFieldIDs/65/SearchValues/1396/PropertyTypeID/637
Kermanshah,1397,https://amar.org.ir/salnameh-amari/agentType/ViewSearch/CustomFieldIDs/65/SearchValues/1397/PropertyTypeID/637
Kermanshah,1398,https://amar.org.ir/salnameh-amari/agentType/ViewSearch/CustomFieldIDs/65/SearchValues/1398/PropertyTypeID/637
Kermanshah,1399,https://amar.org.ir/salnameh-amari/agentType/ViewSearch/CustomFieldIDs/65/SearchValues/1399/PropertyTypeID/637
Kermanshah,1400,https://amar.org.ir/salnameh-amari/agentType/ViewSearch/CustomFieldIDs/65/SearchValues/1400/PropertyTypeID/637
Kermanshah,1401,https://amar.org.ir/salnameh-amari/agentType/ViewSearch/CustomFieldIDs/65/SearchValues/1401/PropertyTypeID/637
Kermanshah,1402,https://amar.org.ir/salnameh-amari/agentType/ViewSearch/CustomFieldIDs/65/SearchValues/1402/PropertyTypeID/637
Kohgiluyeh and Boyer-Ahmad,1345,https://amar.org.ir/salnameh-amari/agentType/ViewSearch/CustomFieldIDs/65/SearchValues/1345/PropertyTypeID/638
Kohgiluyeh and Boyer-Ahmad,1346,https://amar.org.ir/salnameh-amari/agentType/ViewSearch/CustomFieldIDs/65/SearchValues/1346/PropertyTypeID/638
Kohgiluyeh and Boyer-Ahmad,1347,https://amar.org.ir/salnameh-amari/agentType/ViewSearch/CustomFieldIDs/65/SearchValues/1347/PropertyTypeID/638
Kohgiluyeh and Boyer-Ahmad,1348,https://amar.org.ir/salnameh-amari/agentType/ViewSearch/CustomFieldIDs/65/SearchValues/1348/PropertyTypeID/638
Kohgiluyeh and Boyer-Ahmad,1349,https://amar.org.ir/salnameh-amari/agentType/ViewSearch/CustomFieldIDs/65/SearchValues/1349/PropertyTypeID/638
Kohgiluyeh and Boyer-Ahmad,1350,https://amar.org.ir/salnameh-amari/agentType/ViewSearch/CustomFieldIDs/65/SearchValues/1350/PropertyTypeID/638
Kohgiluyeh and Boyer-Ahmad,1351,https://amar.org.ir/salnameh-amari/agentType/ViewSearch/CustomFieldIDs/65/SearchValues/1351/PropertyTypeID/638
Kohgiluyeh and Boyer-Ahmad,1352,https://amar.org.ir/salnameh-amari/agentType/ViewSearch/CustomFieldIDs/65/SearchValues/1352/PropertyTypeID/638
Kohgiluyeh and Boyer-Ahmad,1353,https://amar.org.ir/salnameh-amari/agentType/ViewSearch/CustomFieldIDs/65/SearchValues/1353/PropertyTypeID/638
Kohgiluyeh and Boyer-Ahmad,1354,https://amar.org.ir/salnameh-amari/agentType/ViewSearch/CustomFieldIDs/65/SearchValues/1354/PropertyTypeID/638
Kohgiluyeh and Boyer-Ahmad,1355,https://amar.org.ir/salnameh-amari/agentType/ViewSearch/CustomFieldIDs/65/SearchValues/1355/PropertyTypeID/638
Kohgiluyeh and Boyer-Ahmad,1356,https://amar.org.ir/salnameh-amari/agentType/ViewSearch/CustomFieldIDs/65/SearchValues/1356/PropertyTypeID/638
Kohgiluyeh and Boyer-Ahmad,1357,https://amar.org.ir/salnameh-amari/agentType/ViewSearch/CustomFieldIDs/65/SearchValues/1357/PropertyTypeID/638
Kohgiluyeh and Boyer-Ahmad,1358,https://amar.org.ir/salnameh-amari/agentType/ViewSearch/CustomFieldIDs/65/SearchValues/1358/PropertyTypeID/638
Kohgiluyeh and Boyer-Ahmad,1359,https://amar.org.ir/salnameh-amari/agentType/ViewSearch/CustomFieldIDs/65/SearchValues/1359/PropertyTypeID/638
Kohgiluyeh and Boyer-Ahmad,1360,https://amar.org.ir/salnameh-amari/agentType/ViewSearch/CustomFieldIDs/65/SearchValues/1360/PropertyTypeID/638
Kohgiluyeh and Boyer-Ahmad,1361,https://amar.org.ir/salnameh-amari/agentType/ViewSearch/CustomFieldIDs/65/SearchValues/1361/PropertyTypeID/638
Kohgiluyeh and Boyer-Ahmad,1362,https://amar.org.ir/salnameh-amari/agentType/ViewSearch/CustomFieldIDs/65/SearchValues/1362/PropertyTypeID/638
Kohgiluyeh and Boyer-Ahmad,1363,https://amar.org.ir/salnameh-amari/agentType/ViewSearch/CustomFieldIDs/65/SearchValues/1363/PropertyTypeID/638
Kohgiluyeh and Boyer-Ahmad,1364,https://amar.org.ir/salnameh-amari/agentType/ViewSearch/CustomFieldIDs/65/SearchValues/1364/PropertyTypeID/638
Kohgiluyeh and Boyer-Ahmad,1365,https://amar.org.ir/salnameh-amari/agentType/ViewSearch/CustomFieldIDs/65/SearchValues/1365/PropertyTypeID/638
Kohgiluyeh and Boyer-Ahmad,1366,https://amar.org.ir/salnameh-amari/agentType/ViewSearch/CustomFieldIDs/65/SearchValues/1366/PropertyTypeID/638
Kohgiluyeh and Boyer-Ahmad,1367,https://amar.org.ir/salnameh-amari/agentType/ViewSearch/CustomFieldIDs/65/SearchValues/1367/PropertyTypeID/638
Kohgiluyeh and Boyer-Ahmad,1368,https://amar.org.ir/salnameh-amari/agentType/ViewSearch/CustomFieldIDs/65/SearchValues/1368/PropertyTypeID/638
Kohgiluyeh and Boyer-Ahmad,1369,https://amar.org.ir/salnameh-amari/agentType/ViewSearch/CustomFieldIDs/65/SearchValues/1369/PropertyTypeID/638
Kohgiluyeh and Boyer-Ahmad,1370,https://amar.org.ir/salnameh-amari/agentType/ViewSearch/CustomFieldIDs/65/SearchValues/1370/PropertyTypeID/638
Kohgiluyeh and Boyer-Ahmad,1371,https://amar.org.ir/salnameh-amari/agentType/ViewSearch/CustomFieldIDs/65/SearchValues/1371/PropertyTypeID/638
Kohgiluyeh and Boyer-Ahmad,1372,https://amar.org.ir/salnameh-amari/agentType/ViewSearch/CustomFieldIDs/65/SearchValues/1372/PropertyTypeID/638
Kohgiluyeh and Boyer-Ahmad,1373,https://amar.org.ir/salnameh-amari/agentType/ViewSearch/CustomFieldIDs/65/SearchValues/1373/PropertyTypeID/638
Kohgiluyeh and Boyer-Ahmad,1374,https://amar.org.ir/salnameh-amari/agentType/ViewSearch/CustomFieldIDs/65/SearchValues/1374/PropertyTypeID/638
Kohgiluyeh and Boyer-Ahmad,1375,https://amar.org.ir/salnameh-amari/agentType/ViewSearch/CustomFieldIDs/65/SearchValues/1375/PropertyTypeID/638
Kohgiluyeh and Boyer-Ahmad,1376,https://amar.org.ir/salnameh-amari/agentType/ViewSearch/CustomFieldIDs/65/SearchValues/1376/PropertyTypeID/638
Kohgiluyeh and Boyer-Ahmad,1377,https://amar.org.ir/salnameh-amari/agentType/ViewSearch/CustomFieldIDs/65/SearchValues/1377/PropertyTypeID/638
Kohgiluyeh and Boyer-Ahmad,1378,https://amar.org.ir/salnameh-amari/agentType/ViewSearch/CustomFieldIDs/65/SearchValues/1378/PropertyTypeID/638
Kohgiluyeh and Boyer-Ahmad,1379,https://amar.org.ir/salnameh-amari/agentType/ViewSearch/CustomFieldIDs/65/SearchValues/1379/PropertyTypeID/638
Kohgiluyeh and Boyer-Ahmad,1380,https://amar.org.ir/salnameh-amari/agentType/ViewSearch/CustomFieldIDs/65/SearchValues/1380/PropertyTypeID/638
Kohgiluyeh and Boyer-Ahmad,1381,https://amar.org.ir/salnameh-amari/agentType/ViewSearch/CustomFieldIDs/65/SearchValues/1381/PropertyTypeID/638
Kohgiluyeh and Boyer-Ahmad,1382,https://amar.org.ir/salnameh-amari/agentType/ViewSearch/CustomFieldIDs/65/SearchValues/1382/PropertyTypeID/638
Kohgiluyeh and Boyer-Ahmad,1383,https://amar.org.ir/salnameh-amari/agentType/ViewSearch/CustomFieldIDs/65/SearchValues/1383/PropertyTypeID/638
Kohgiluyeh and Boyer-Ahmad,1384,https://amar.org.ir/salnameh-amari/agentType/ViewSearch/CustomFieldIDs/65/SearchValues/1384/PropertyTypeID/638
Kohgiluyeh and Boyer-Ahmad,1385,https://amar.org.ir/salnameh-amari/agentType/ViewSearch/CustomFieldIDs/65/SearchValues/1385/PropertyTypeID/638
Kohgiluyeh and Boyer-Ahmad,1386,https://amar.org.ir/salnameh-amari/agentType/ViewSearch/CustomFieldIDs/65/SearchValues/1386/PropertyTypeID/638
Kohgiluyeh and Boyer-Ahmad,1387,https://amar.org.ir/salnameh-amari/agentType/ViewSearch/CustomFieldIDs/65/SearchValues/1387/PropertyTypeID/638
Kohgiluyeh and Boyer-Ahmad,1388,https://amar.org.ir/salnameh-amari/agentType/ViewSearch/CustomFieldIDs/65/SearchValues/1388/PropertyTypeID/638
Kohgiluyeh and Boyer-Ahmad,1389,https://amar.org.ir/salnameh-amari/agentType/ViewSearch/CustomFieldIDs/65/SearchValues/1389/PropertyTypeID/638
Kohgiluyeh and Boyer-Ahmad,1390,https://amar.org.ir/salnameh-amari/agentType/ViewSearch/CustomFieldIDs/65/SearchValues/1390/PropertyTypeID/638
Kohgiluyeh and Boyer-Ahmad,1391,https://amar.org.ir/salnameh-amari/agentType/ViewSearch/CustomFieldIDs/65/SearchValues/1391/PropertyTypeID/638
Kohgiluyeh and Boyer-Ahmad,1392,https://amar.org.ir/salnameh-amari/agentType/ViewSearch/CustomFieldIDs/65/SearchValues/1392/PropertyTypeID/638
Kohgiluyeh and Boyer-Ahmad,1393,https://amar.org.ir/salnameh-amari/agentType/ViewSearch/CustomFieldIDs/65/SearchValues/1393/PropertyTypeID/638
Kohgiluyeh and Boyer-Ahmad,1394,https://amar.org.ir/salnameh-amari/agentType/ViewSearch/CustomFieldIDs/65/SearchValues/1394/PropertyTypeID/638
Kohgiluyeh and Boyer-Ahmad,1395,https://amar.org.ir/salnameh-amari/agentType/ViewSearch/CustomFieldIDs/65/SearchValues/1395/PropertyTypeID/638
Kohgiluyeh and Boyer-Ahmad,1396,https://amar.org.ir/salnameh-amari/agentType/ViewSearch/CustomFieldIDs/65/SearchValues/1396/PropertyTypeID/638
Kohgiluyeh and Boyer-Ahmad,1397,https://amar.org.ir/salnameh-amari/agentType/ViewSearch/CustomFieldIDs/65/SearchValues/1397/PropertyTypeID/638
Kohgiluyeh and Boyer-Ahmad,1398,https://amar.org.ir/salnameh-amari/agentType/ViewSearch/CustomFieldIDs/65/SearchValues/1398/PropertyTypeID/638
Kohgiluyeh and Boyer-Ahmad,1399,https://amar.org.ir/salnameh-amari/agentType/ViewSearch/CustomFieldIDs/65/SearchValues/1399/PropertyTypeID/638
Kohgiluyeh and Boyer-Ahmad,1400,https://amar.org.ir/salnameh-amari/agentType/ViewSearch/CustomFieldIDs/65/SearchValues/1400/PropertyTypeID/638
Kohgiluyeh and Boyer-Ahmad,1401,https://amar.org.ir/salnameh-amari/agentType/ViewSearch/CustomFieldIDs/65/SearchValues/1401/PropertyTypeID/638
Kohgiluyeh and Boyer-Ahmad,1402,https://amar.org.ir/salnameh-amari/agentType/ViewSearch/CustomFieldIDs/65/SearchValues/1402/PropertyTypeID/638
Golestan,1345,https://amar.org.ir/salnameh-amari/agentType/ViewSearch/CustomFieldIDs/65/SearchValues/1345/PropertyTypeID/639
Golestan,1346,https://amar.org.ir/salnameh-amari/agentType/ViewSearch/CustomFieldIDs/65/SearchValues/1346/PropertyTypeID/639
Golestan,1347,https://amar.org.ir/salnameh-amari/agentType/ViewSearch/CustomFieldIDs/65/SearchValues/1347/PropertyTypeID/639
Golestan,1348,https://amar.org.ir/salnameh-amari/agentType/ViewSearch/CustomFieldIDs/65/SearchValues/1348/PropertyTypeID/639
Golestan,1349,https://amar.org.ir/salnameh-amari/agentType/ViewSearch/CustomFieldIDs/65/SearchValues/1349/PropertyTypeID/639
Golestan,1350,https://amar.org.ir/salnameh-amari/agentType/ViewSearch/CustomFieldIDs/65/SearchValues/1350/PropertyTypeID/639
Golestan,1351,https://amar.org.ir/salnameh-amari/agentType/ViewSearch/CustomFieldIDs/65/SearchValues/1351/PropertyTypeID/639
Golestan,1352,https://amar.org.ir/salnameh-amari/agentType/ViewSearch/CustomFieldIDs/65/SearchValues/1352/PropertyTypeID/639
Golestan,1353,https://amar.org.ir/salnameh-amari/agentType/ViewSearch/CustomFieldIDs/65/SearchValues/1353/PropertyTypeID/639
Golestan,1354,https://amar.org.ir/salnameh-amari/agentType/ViewSearch/CustomFieldIDs/65/SearchValues/1354/PropertyTypeID/639
Golestan,1355,https://amar.org.ir/salnameh-amari/agentType/ViewSearch/CustomFieldIDs/65/SearchValues/1355/PropertyTypeID/639
Golestan,1356,https://amar.org.ir/salnameh-amari/agentType/ViewSearch/CustomFieldIDs/65/SearchValues/1356/PropertyTypeID/639
Golestan,1357,https://amar.org.ir/salnameh-amari/agentType/ViewSearch/CustomFieldIDs/65/SearchValues/1357/PropertyTypeID/639
Golestan,1358,https://amar.org.ir/salnameh-amari/agentType/ViewSearch/CustomFieldIDs/65/SearchValues/1358/PropertyTypeID/639
Golestan,1359,https://amar.org.ir/salnameh-amari/agentType/ViewSearch/CustomFieldIDs/65/SearchValues/1359/PropertyTypeID/639
Golestan,1360,https://amar.org.ir/salnameh-amari/agentType/ViewSearch/CustomFieldIDs/65/SearchValues/1360/PropertyTypeID/639
Golestan,1361,https://amar.org.ir/salnameh-amari/agentType/ViewSearch/CustomFieldIDs/65/SearchValues/1361/PropertyTypeID/639
Golestan,1362,https://amar.org.ir/salnameh-amari/agentType/ViewSearch/CustomFieldIDs/65/SearchValues/1362/PropertyTypeID/639
Golestan,1363,https://amar.org.ir/salnameh-amari/agentType/ViewSearch/CustomFieldIDs/65/SearchValues/1363/PropertyTypeID/639
Golestan,1364,https://amar.org.ir/salnameh-amari/agentType/ViewSearch/CustomFieldIDs/65/SearchValues/1364/PropertyTypeID/639
Golestan,1365,https://amar.org.ir/salnameh-amari/agentType/ViewSearch/CustomFieldIDs/65/SearchValues/1365/PropertyTypeID/639
Golestan,1366,https://amar.org.ir/salnameh-amari/agentType/ViewSearch/CustomFieldIDs/65/SearchValues/1366/PropertyTypeID/639
Golestan,1367,https://amar.org.ir/salnameh-amari/agentType/ViewSearch/CustomFieldIDs/65/SearchValues/1367/PropertyTypeID/639
Golestan,1368,https://amar.org.ir/salnameh-amari/agentType/ViewSearch/CustomFieldIDs/65/SearchValues/1368/PropertyTypeID/639
Golestan,1369,https://amar.org.ir/salnameh-amari/agentType/ViewSearch/CustomFieldIDs/65/SearchValues/1369/PropertyTypeID/639
Golestan,1370,https://amar.org.ir/salnameh-amari/agentType/ViewSearch/CustomFieldIDs/65/SearchValues/1370/PropertyTypeID/639
Golestan,1371,https://amar.org.ir/salnameh-amari/agentType/ViewSearch/CustomFieldIDs/65/SearchValues/1371/PropertyTypeID/639
Golestan,1372,https://amar.org.ir/salnameh-amari/agentType/ViewSearch/CustomFieldIDs/65/SearchValues/1372/PropertyTypeID/639
Golestan,1373,https://amar.org.ir/salnameh-amari/agentType/ViewSearch/CustomFieldIDs/65/SearchValues/1373/PropertyTypeID/639
Golestan,1374,https://amar.org.ir/salnameh-amari/agentType/ViewSearch/CustomFieldIDs/65/SearchValues/1374/PropertyTypeID/639
Golestan,1375,https://amar.org.ir/salnameh-amari/agentType/ViewSearch/CustomFieldIDs/65/SearchValues/1375/PropertyTypeID/639
Golestan,1376,https://amar.org.ir/salnameh-amari/agentType/ViewSearch/CustomFieldIDs/65/SearchValues/1376/PropertyTypeID/639
Golestan,1377,https://amar.org.ir/salnameh-amari/agentType/ViewSearch/CustomFieldIDs/65/SearchValues/1377/PropertyTypeID/639
Golestan,1378,https://amar.org.ir/salnameh-amari/agentType/ViewSearch/CustomFieldIDs/65/SearchValues/1378/PropertyTypeID/639
Golestan,1379,https://amar.org.ir/salnameh-amari/agentType/ViewSearch/CustomFieldIDs/65/SearchValues/1379/PropertyTypeID/639
Golestan,1380,https://amar.org.ir/salnameh-amari/agentType/ViewSearch/CustomFieldIDs/65/SearchValues/1380/PropertyTypeID/639
Golestan,1381,https://amar.org.ir/salnameh-amari/agentType/ViewSearch/CustomFieldIDs/65/SearchValues/1381/PropertyTypeID/639
Golestan,1382,https://amar.org.ir/salnameh-amari/agentType/ViewSearch/CustomFieldIDs/65/SearchValues/1382/PropertyTypeID/639
Golestan,1383,https://amar.org.ir/salnameh-amari/agentType/ViewSearch/CustomFieldIDs/65/SearchValues/1383/PropertyTypeID/639
Golestan,1384,https://amar.org.ir/salnameh-amari/agentType/ViewSearch/CustomFieldIDs/65/SearchValues/1384/PropertyTypeID/639
Golestan,1385,https://amar.org.ir/salnameh-amari/agentType/ViewSearch/CustomFieldIDs/65/SearchValues/1385/PropertyTypeID/639
Golestan,1386,https://amar.org.ir/salnameh-amari/agentType/ViewSearch/CustomFieldIDs/65/SearchValues/1386/PropertyTypeID/639
Golestan,1387,https://amar.org.ir/salnameh-amari/agentType/ViewSearch/CustomFieldIDs/65/SearchValues/1387/PropertyTypeID/639
Golestan,1388,https://amar.org.ir/salnameh-amari/agentType/ViewSearch/CustomFieldIDs/65/SearchValues/1388/PropertyTypeID/639
Golestan,1389,https://amar.org.ir/salnameh-amari/agentType/ViewSearch/CustomFieldIDs/65/SearchValues/1389/PropertyTypeID/639
Golestan,1390,https://amar.org.ir/salnameh-amari/agentType/ViewSearch/CustomFieldIDs/65/SearchValues/1390/PropertyTypeID/639
Golestan,1391,https://amar.org.ir/salnameh-amari/agentType/ViewSearch/CustomFieldIDs/65/SearchValues/1391/PropertyTypeID/639
Golestan,1392,https://amar.org.ir/salnameh-amari/agentType/ViewSearch/CustomFieldIDs/65/SearchValues/1392/PropertyTypeID/639
Golestan,1393,https://amar.org.ir/salnameh-amari/agentType/ViewSearch/CustomFieldIDs/65/SearchValues/1393/PropertyTypeID/639
Golestan,1394,https://amar.org.ir/salnameh-amari/agentType/ViewSearch/CustomFieldIDs/65/SearchValues/1394/PropertyTypeID/639
Golestan,1395,https://amar.org.ir/salnameh-amari/agentType/ViewSearch/CustomFieldIDs/65/SearchValues/1395/PropertyTypeID/639
Golestan,1396,https://amar.org.ir/salnameh-amari/agentType/ViewSearch/CustomFieldIDs/65/SearchValues/1396/PropertyTypeID/639
Golestan,1397,https://amar.org.ir/salnameh-amari/agentType/ViewSearch/CustomFieldIDs/65/SearchValues/1397/PropertyTypeID/639
Golestan,1398,https://amar.org.ir/salnameh-amari/agentType/ViewSearch/CustomFieldIDs/65/SearchValues/1398/PropertyTypeID/639
Golestan,1399,https://amar.org.ir/salnameh-amari/agentType/ViewSearch/CustomFieldIDs/65/SearchValues/1399/PropertyTypeID/639
Golestan,1400,https://amar.org.ir/salnameh-amari/agentType/ViewSearch/CustomFieldIDs/65/SearchValues/1400/PropertyTypeID/639
Golestan,1401,https://amar.org.ir/salnameh-amari/agentType/ViewSearch/CustomFieldIDs/65/SearchValues/1401/PropertyTypeID/639
Golestan,1402,https://amar.org.ir/salnameh-amari/agentType/ViewSearch/CustomFieldIDs/65/SearchValues/1402/PropertyTypeID/639
Gilan,1345,https://amar.org.ir/salnameh-amari/agentType/ViewSearch/CustomFieldIDs/65/SearchValues/1345/PropertyTypeID/640
Gilan,1346,https://amar.org.ir/salnameh-amari/agentType/ViewSearch/CustomFieldIDs/65/SearchValues/1346/PropertyTypeID/640
Gilan,1347,https://amar.org.ir/salnameh-amari/agentType/ViewSearch/CustomFieldIDs/65/SearchValues/1347/PropertyTypeID/640
Gilan,1348,https://amar.org.ir/salnameh-amari/agentType/ViewSearch/CustomFieldIDs/65/SearchValues/1348/PropertyTypeID/640
Gilan,1349,https://amar.org.ir/salnameh-amari/agentType/ViewSearch/CustomFieldIDs/65/SearchValues/1349/PropertyTypeID/640
Gilan,1350,https://amar.org.ir/salnameh-amari/agentType/ViewSearch/CustomFieldIDs/65/SearchValues/1350/PropertyTypeID/640
Gilan,1351,https://amar.org.ir/salnameh-amari/agentType/ViewSearch/CustomFieldIDs/65/SearchValues/1351/PropertyTypeID/640
Gilan,1352,https://amar.org.ir/salnameh-amari/agentType/ViewSearch/CustomFieldIDs/65/SearchValues/1352/PropertyTypeID/640
Gilan,1353,https://amar.org.ir/salnameh-amari/agentType/ViewSearch/CustomFieldIDs/65/SearchValues/1353/PropertyTypeID/640
Gilan,1354,https://amar.org.ir/salnameh-amari/agentType/ViewSearch/CustomFieldIDs/65/SearchValues/1354/PropertyTypeID/640
Gilan,1355,https://amar.org.ir/salnameh-amari/agentType/ViewSearch/CustomFieldIDs/65/SearchValues/1355/PropertyTypeID/640
Gilan,1356,https://amar.org.ir/salnameh-amari/agentType/ViewSearch/CustomFieldIDs/65/SearchValues/1356/PropertyTypeID/640
Gilan,1357,https://amar.org.ir/salnameh-amari/agentType/ViewSearch/CustomFieldIDs/65/SearchValues/1357/PropertyTypeID/640
Gilan,1358,https://amar.org.ir/salnameh-amari/agentType/ViewSearch/CustomFieldIDs/65/SearchValues/1358/PropertyTypeID/640
Gilan,1359,https://amar.org.ir/salnameh-amari/agentType/ViewSearch/CustomFieldIDs/65/SearchValues/1359/PropertyTypeID/640
Gilan,1360,https://amar.org.ir/salnameh-amari/agentType/ViewSearch/CustomFieldIDs/65/SearchValues/1360/PropertyTypeID/640
Gilan,1361,https://amar.org.ir/salnameh-amari/agentType/ViewSearch/CustomFieldIDs/65/SearchValues/1361/PropertyTypeID/640
Gilan,1362,https://amar.org.ir/salnameh-amari/agentType/ViewSearch/CustomFieldIDs/65/SearchValues/1362/PropertyTypeID/640
Gilan,1363,https://amar.org.ir/salnameh-amari/agentType/ViewSearch/CustomFieldIDs/65/SearchValues/1363/PropertyTypeID/640
Gilan,1364,https://amar.org.ir/salnameh-amari/agentType/ViewSearch/CustomFieldIDs/65/SearchValues/1364/PropertyTypeID/640
Gilan,1365,https://amar.org.ir/salnameh-amari/agentType/ViewSearch/CustomFieldIDs/65/SearchValues/1365/PropertyTypeID/640
Gilan,1366,https://amar.org.ir/salnameh-amari/agentType/ViewSearch/CustomFieldIDs/65/SearchValues/1366/PropertyTypeID/640
Gilan,1367,https://amar.org.ir/salnameh-amari/agentType/ViewSearch/CustomFieldIDs/65/SearchValues/1367/PropertyTypeID/640
Gilan,1368,https://amar.org.ir/salnameh-amari/agentType/ViewSearch/CustomFieldIDs/65/SearchValues/1368/PropertyTypeID/640
Gilan,1369,https://amar.org.ir/salnameh-amari/agentType/ViewSearch/CustomFieldIDs/65/SearchValues/1369/PropertyTypeID/640
Gilan,1370,https://amar.org.ir/salnameh-amari/agentType/ViewSearch/CustomFieldIDs/65/SearchValues/1370/PropertyTypeID/640
Gilan,1371,https://amar.org.ir/salnameh-amari/agentType/ViewSearch/CustomFieldIDs/65/SearchValues/1371/PropertyTypeID/640
Gilan,1372,https://amar.org.ir/salnameh-amari/agentType/ViewSearch/CustomFieldIDs/65/SearchValues/1372/PropertyTypeID/640
Gilan,1373,https://amar.org.ir/salnameh-amari/agentType/ViewSearch/CustomFieldIDs/65/SearchValues/1373/PropertyTypeID/640
Gilan,1374,https://amar.org.ir/salnameh-amari/agentType/ViewSearch/CustomFieldIDs/65/SearchValues/1374/PropertyTypeID/640
Gilan,1375,https://amar.org.ir/salnameh-amari/agentType/ViewSearch/CustomFieldIDs/65/SearchValues/1375/PropertyTypeID/640
Gilan,1376,https://amar.org.ir/salnameh-amari/agentType/ViewSearch/CustomFieldIDs/65/SearchValues/1376/PropertyTypeID/640
Gilan,1377,https://amar.org.ir/salnameh-amari/agentType/ViewSearch/CustomFieldIDs/65/SearchValues/1377/PropertyTypeID/640
Gilan,1378,https://amar.org.ir/salnameh-amari/agentType/ViewSearch/CustomFieldIDs/65/SearchValues/1378/PropertyTypeID/640
Gilan,1379,https://amar.org.ir/salnameh-amari/agentType/ViewSearch/CustomFieldIDs/65/SearchValues/1379/PropertyTypeID/640
Gilan,1380,https://amar.org.ir/salnameh-amari/agentType/ViewSearch/CustomFieldIDs/65/SearchValues/1380/PropertyTypeID/640
Gilan,1381,https://amar.org.ir/salnameh-amari/agentType/ViewSearch/CustomFieldIDs/65/SearchValues/1381/PropertyTypeID/640
Gilan,1382,https://amar.org.ir/salnameh-amari/agentType/ViewSearch/CustomFieldIDs/65/SearchValues/1382/PropertyTypeID/640
Gilan,1383,https://amar.org.ir/salnameh-amari/agentType/ViewSearch/CustomFieldIDs/65/SearchValues/1383/PropertyTypeID/640
Gilan,1384,https://amar.org.ir/salnameh-amari/agentType/ViewSearch/CustomFieldIDs/65/SearchValues/1384/PropertyTypeID/640
Gilan,1385,https://amar.org.ir/salnameh-amari/agentType/ViewSearch/CustomFieldIDs/65/SearchValues/1385/PropertyTypeID/640
Gilan,1386,https://amar.org.ir/salnameh-amari/agentType/ViewSearch/CustomFieldIDs/65/SearchValues/1386/PropertyTypeID/640
Gilan,1387,https://amar.org.ir/salnameh-amari/agentType/ViewSearch/CustomFieldIDs/65/SearchValues/1387/PropertyTypeID/640
Gilan,1388,https://amar.org.ir/salnameh-amari/agentType/ViewSearch/CustomFieldIDs/65/SearchValues/1388/PropertyTypeID/640
Gilan,1389,https://amar.org.ir/salnameh-amari/agentType/ViewSearch/CustomFieldIDs/65/SearchValues/1389/PropertyTypeID/640
Gilan,1390,https://amar.org.ir/salnameh-amari/agentType/ViewSearch/CustomFieldIDs/65/SearchValues/1390/PropertyTypeID/640
Gilan,1391,https://amar.org.ir/salnameh-amari/agentType/ViewSearch/CustomFieldIDs/65/SearchValues/1391/PropertyTypeID/640
Gilan,1392,https://amar.org.ir/salnameh-amari/agentType/ViewSearch/CustomFieldIDs/65/SearchValues/1392/PropertyTypeID/640
Gilan,1393,https://amar.org.ir/salnameh-amari/agentType/ViewSearch/CustomFieldIDs/65/SearchValues/1393/PropertyTypeID/640
Gilan,1394,https://amar.org.ir/salnameh-amari/agentType/ViewSearch/CustomFieldIDs/65/SearchValues/1394/PropertyTypeID/640
Gilan,1395,https://amar.org.ir/salnameh-amari/agentType/ViewSearch/CustomFieldIDs/65/SearchValues/1395/PropertyTypeID/640
Gilan,1396,https://amar.org.ir/salnameh-amari/agentType/ViewSearch/CustomFieldIDs/65/SearchValues/1396/PropertyTypeID/640
Gilan,1397,https://amar.org.ir/salnameh-amari/agentType/ViewSearch/CustomFieldIDs/65/SearchValues/1397/PropertyTypeID/640
Gilan,1398,https://amar.org.ir/salnameh-amari/agentType/ViewSearch/CustomFieldIDs/65/SearchValues/1398/PropertyTypeID/640
Gilan,1399,https://amar.org.ir/salnameh-amari/agentType/ViewSearch/CustomFieldIDs/65/SearchValues/1399/PropertyTypeID/640
Gilan,1400,https://amar.org.ir/salnameh-amari/agentType/ViewSearch/CustomFieldIDs/65/SearchValues/1400/PropertyTypeID/640
Gilan,1401,https://amar.org.ir/salnameh-amari/agentType/ViewSearch/CustomFieldIDs/65/SearchValues/1401/PropertyTypeID/640
Gilan,1402,https://amar.org.ir/salnameh-amari/agentType/ViewSearch/CustomFieldIDs/65/SearchValues/1402/PropertyTypeID/640
Lorestan,1345,https://amar.org.ir/salnameh-amari/agentType/ViewSearch/CustomFieldIDs/65/SearchValues/1345/PropertyTypeID/641
Lorestan,1346,https://amar.org.ir/salnameh-amari/agentType/ViewSearch/CustomFieldIDs/65/SearchValues/1346/PropertyTypeID/641
Lorestan,1347,https://amar.org.ir/salnameh-amari/agentType/ViewSearch/CustomFieldIDs/65/SearchValues/1347/PropertyTypeID/641
Lorestan,1348,https://amar.org.ir/salnameh-amari/agentType/ViewSearch/CustomFieldIDs/65/SearchValues/1348/PropertyTypeID/641
Lorestan,1349,https://amar.org.ir/salnameh-amari/agentType/ViewSearch/CustomFieldIDs/65/SearchValues/1349/PropertyTypeID/641
Lorestan,1350,https://amar.org.ir/salnameh-amari/agentType/ViewSearch/CustomFieldIDs/65/SearchValues/1350/PropertyTypeID/641
Lorestan,1351,https://amar.org.ir/salnameh-amari/agentType/ViewSearch/CustomFieldIDs/65/SearchValues/1351/PropertyTypeID/641
Lorestan,1352,https://amar.org.ir/salnameh-amari/agentType/ViewSearch/CustomFieldIDs/65/SearchValues/1352/PropertyTypeID/641
Lorestan,1353,https://amar.org.ir/salnameh-amari/agentType/ViewSearch/CustomFieldIDs/65/SearchValues/1353/PropertyTypeID/641
Lorestan,1354,https://amar.org.ir/salnameh-amari/agentType/ViewSearch/CustomFieldIDs/65/SearchValues/1354/PropertyTypeID/641
Lorestan,1355,https://amar.org.ir/salnameh-amari/agentType/ViewSearch/CustomFieldIDs/65/SearchValues/1355/PropertyTypeID/641
Lorestan,1356,https://amar.org.ir/salnameh-amari/agentType/ViewSearch/CustomFieldIDs/65/SearchValues/1356/PropertyTypeID/641
Lorestan,1357,https://amar.org.ir/salnameh-amari/agentType/ViewSearch/CustomFieldIDs/65/SearchValues/1357/PropertyTypeID/641
Lorestan,1358,https://amar.org.ir/salnameh-amari/agentType/ViewSearch/CustomFieldIDs/65/SearchValues/1358/PropertyTypeID/641
Lorestan,1359,https://amar.org.ir/salnameh-amari/agentType/ViewSearch/CustomFieldIDs/65/SearchValues/1359/PropertyTypeID/641
Lorestan,1360,https://amar.org.ir/salnameh-amari/agentType/ViewSearch/CustomFieldIDs/65/SearchValues/1360/PropertyTypeID/641
Lorestan,1361,https://amar.org.ir/salnameh-amari/agentType/ViewSearch/CustomFieldIDs/65/SearchValues/1361/PropertyTypeID/641
Lorestan,1362,https://amar.org.ir/salnameh-amari/agentType/ViewSearch/CustomFieldIDs/65/SearchValues/1362/PropertyTypeID/641
Lorestan,1363,https://amar.org.ir/salnameh-amari/agentType/ViewSearch/CustomFieldIDs/65/SearchValues/1363/PropertyTypeID/641
Lorestan,1364,https://amar.org.ir/salnameh-amari/agentType/ViewSearch/CustomFieldIDs/65/SearchValues/1364/PropertyTypeID/641
Lorestan,1365,https://amar.org.ir/salnameh-amari/agentType/ViewSearch/CustomFieldIDs/65/SearchValues/1365/PropertyTypeID/641
Lorestan,1366,https://amar.org.ir/salnameh-amari/agentType/ViewSearch/CustomFieldIDs/65/SearchValues/1366/PropertyTypeID/641
Lorestan,1367,https://amar.org.ir/salnameh-amari/agentType/ViewSearch/CustomFieldIDs/65/SearchValues/1367/PropertyTypeID/641
Lorestan,1368,https://amar.org.ir/salnameh-amari/agentType/ViewSearch/CustomFieldIDs/65/SearchValues/1368/PropertyTypeID/641
Lorestan,1369,https://amar.org.ir/salnameh-amari/agentType/ViewSearch/CustomFieldIDs/65/SearchValues/1369/PropertyTypeID/641
Lorestan,1370,https://amar.org.ir/salnameh-amari/agentType/ViewSearch/CustomFieldIDs/65/SearchValues/1370/PropertyTypeID/641
Lorestan,1371,https://amar.org.ir/salnameh-amari/agentType/ViewSearch/CustomFieldIDs/65/SearchValues/1371/PropertyTypeID/641
Lorestan,1372,https://amar.org.ir/salnameh-amari/agentType/ViewSearch/CustomFieldIDs/65/SearchValues/1372/PropertyTypeID/641
Lorestan,1373,https://amar.org.ir/salnameh-amari/agentType/ViewSearch/CustomFieldIDs/65/SearchValues/1373/PropertyTypeID/641
Lorestan,1374,https://amar.org.ir/salnameh-amari/agentType/ViewSearch/CustomFieldIDs/65/SearchValues/1374/PropertyTypeID/641
Lorestan,1375,https://amar.org.ir/salnameh-amari/agentType/ViewSearch/CustomFieldIDs/65/SearchValues/1375/PropertyTypeID/641
Lorestan,1376,https://amar.org.ir/salnameh-amari/agentType/ViewSearch/CustomFieldIDs/65/SearchValues/1376/PropertyTypeID/641
Lorestan,1377,https://amar.org.ir/salnameh-amari/agentType/ViewSearch/CustomFieldIDs/65/SearchValues/1377/PropertyTypeID/641
Lorestan,1378,https://amar.org.ir/salnameh-amari/agentType/ViewSearch/CustomFieldIDs/65/SearchValues/1378/PropertyTypeID/641
Lorestan,1379,https://amar.org.ir/salnameh-amari/agentType/ViewSearch/CustomFieldIDs/65/SearchValues/1379/PropertyTypeID/641
Lorestan,1380,https://amar.org.ir/salnameh-amari/agentType/ViewSearch/CustomFieldIDs/65/SearchValues/1380/PropertyTypeID/641
Lorestan,1381,https://amar.org.ir/salnameh-amari/agentType/ViewSearch/CustomFieldIDs/65/SearchValues/1381/PropertyTypeID/641
Lorestan,1382,https://amar.org.ir/salnameh-amari/agentType/ViewSearch/CustomFieldIDs/65/SearchValues/1382/PropertyTypeID/641
Lorestan,1383,https://amar.org.ir/salnameh-amari/agentType/ViewSearch/CustomFieldIDs/65/SearchValues/1383/PropertyTypeID/641
Lorestan,1384,https://amar.org.ir/salnameh-amari/agentType/ViewSearch/CustomFieldIDs/65/SearchValues/1384/PropertyTypeID/641
Lorestan,1385,https://amar.org.ir/salnameh-amari/agentType/ViewSearch/CustomFieldIDs/65/SearchValues/1385/PropertyTypeID/641
Lorestan,1386,https://amar.org.ir/salnameh-amari/agentType/ViewSearch/CustomFieldIDs/65/SearchValues/1386/PropertyTypeID/641
Lorestan,1387,https://amar.org.ir/salnameh-amari/agentType/ViewSearch/CustomFieldIDs/65/SearchValues/1387/PropertyTypeID/641
Lorestan,1388,https://amar.org.ir/salnameh-amari/agentType/ViewSearch/CustomFieldIDs/65/SearchValues/1388/PropertyTypeID/641
Lorestan,1389,https://amar.org.ir/salnameh-amari/agentType/ViewSearch/CustomFieldIDs/65/SearchValues/1389/PropertyTypeID/641
Lorestan,1390,https://amar.org.ir/salnameh-amari/agentType/ViewSearch/CustomFieldIDs/65/SearchValues/1390/PropertyTypeID/641
Lorestan,1391,https://amar.org.ir/salnameh-amari/agentType/ViewSearch/CustomFieldIDs/65/SearchValues/1391/PropertyTypeID/641
Lorestan,1392,https://amar.org.ir/salnameh-amari/agentType/ViewSearch/CustomFieldIDs/65/SearchValues/1392/PropertyTypeID/641
Lorestan,1393,https://amar.org.ir/salnameh-amari/agentType/ViewSearch/CustomFieldIDs/65/SearchValues/1393/PropertyTypeID/641
Lorestan,1394,https://amar.org.ir/salnameh-amari/agentType/ViewSearch/CustomFieldIDs/65/SearchValues/1394/PropertyTypeID/641
Lorestan,1395,https://amar.org.ir/salnameh-amari/agentType/ViewSearch/CustomFieldIDs/65/SearchValues/1395/PropertyTypeID/641
Lorestan,1396,https://amar.org.ir/salnameh-amari/agentType/ViewSearch/CustomFieldIDs/65/SearchValues/1396/PropertyTypeID/641
Lorestan,1397,https://amar.org.ir/salnameh-amari/agentType/ViewSearch/CustomFieldIDs/65/SearchValues/1397/PropertyTypeID/641
Lorestan,1398,https://amar.org.ir/salnameh-amari/agentType/ViewSearch/CustomFieldIDs/65/SearchValues/1398/PropertyTypeID/641
Lorestan,1399,https://amar.org.ir/salnameh-amari/agentType/ViewSearch/CustomFieldIDs/65/SearchValues/1399/PropertyTypeID/641
Lorestan,1400,https://amar.org.ir/salnameh-amari/agentType/ViewSearch/CustomFieldIDs/65/SearchValues/1400/PropertyTypeID/641
Lorestan,1401,https://amar.org.ir/salnameh-amari/agentType/ViewSearch/CustomFieldIDs/65/SearchValues/1401/PropertyTypeID/641
Lorestan,1402,https://amar.org.ir/salnameh-amari/agentType/ViewSearch/CustomFieldIDs/65/SearchValues/1402/PropertyTypeID/641
Mazandaran,1345,https://amar.org.ir/salnameh-amari/agentType/ViewSearch/CustomFieldIDs/65/SearchValues/1345/PropertyTypeID/642
Mazandaran,1346,https://amar.org.ir/salnameh-amari/agentType/ViewSearch/CustomFieldIDs/65/SearchValues/1346/PropertyTypeID/642
Mazandaran,1347,https://amar.org.ir/salnameh-amari/agentType/ViewSearch/CustomFieldIDs/65/SearchValues/1347/PropertyTypeID/642
Mazandaran,1348,https://amar.org.ir/salnameh-amari/agentType/ViewSearch/CustomFieldIDs/65/SearchValues/1348/PropertyTypeID/642
Mazandaran,1349,https://amar.org.ir/salnameh-amari/agentType/ViewSearch/CustomFieldIDs/65/SearchValues/1349/PropertyTypeID/642
Mazandaran,1350,https://amar.org.ir/salnameh-amari/agentType/ViewSearch/CustomFieldIDs/65/SearchValues/1350/PropertyTypeID/642
Mazandaran,1351,https://amar.org.ir/salnameh-amari/agentType/ViewSearch/CustomFieldIDs/65/SearchValues/1351/PropertyTypeID/642
Mazandaran,1352,https://amar.org.ir/salnameh-amari/agentType/ViewSearch/CustomFieldIDs/65/SearchValues/1352/PropertyTypeID/642
Mazandaran,1353,https://amar.org.ir/salnameh-amari/agentType/ViewSearch/CustomFieldIDs/65/SearchValues/1353/PropertyTypeID/642
Mazandaran,1354,https://amar.org.ir/salnameh-amari/agentType/ViewSearch/CustomFieldIDs/65/SearchValues/1354/PropertyTypeID/642
Mazandaran,1355,https://amar.org.ir/salnameh-amari/agentType/ViewSearch/CustomFieldIDs/65/SearchValues/1355/PropertyTypeID/642
Mazandaran,1356,https://amar.org.ir/salnameh-amari/agentType/ViewSearch/CustomFieldIDs/65/SearchValues/1356/PropertyTypeID/642
Mazandaran,1357,https://amar.org.ir/salnameh-amari/agentType/ViewSearch/CustomFieldIDs/65/SearchValues/1357/PropertyTypeID/642
Mazandaran,1358,https://amar.org.ir/salnameh-amari/agentType/ViewSearch/CustomFieldIDs/65/SearchValues/1358/PropertyTypeID/642
Mazandaran,1359,https://amar.org.ir/salnameh-amari/agentType/ViewSearch/CustomFieldIDs/65/SearchValues/1359/PropertyTypeID/642
Mazandaran,1360,https://amar.org.ir/salnameh-amari/agentType/ViewSearch/CustomFieldIDs/65/SearchValues/1360/PropertyTypeID/642
Mazandaran,1361,https://amar.org.ir/salnameh-amari/agentType/ViewSearch/CustomFieldIDs/65/SearchValues/1361/PropertyTypeID/642
Mazandaran,1362,https://amar.org.ir/salnameh-amari/agentType/ViewSearch/CustomFieldIDs/65/SearchValues/1362/PropertyTypeID/642
Mazandaran,1363,https://amar.org.ir/salnameh-amari/agentType/ViewSearch/CustomFieldIDs/65/SearchValues/1363/PropertyTypeID/642
Mazandaran,1364,https://amar.org.ir/salnameh-amari/agentType/ViewSearch/CustomFieldIDs/65/SearchValues/1364/PropertyTypeID/642
Mazandaran,1365,https://amar.org.ir/salnameh-amari/agentType/ViewSearch/CustomFieldIDs/65/SearchValues/1365/PropertyTypeID/642
Mazandaran,1366,https://amar.org.ir/salnameh-amari/agentType/ViewSearch/CustomFieldIDs/65/SearchValues/1366/PropertyTypeID/642
Mazandaran,1367,https://amar.org.ir/salnameh-amari/agentType/ViewSearch/CustomFieldIDs/65/SearchValues/1367/PropertyTypeID/642
Mazandaran,1368,https://amar.org.ir/salnameh-amari/agentType/ViewSearch/CustomFieldIDs/65/SearchValues/1368/PropertyTypeID/642
Mazandaran,1369,https://amar.org.ir/salnameh-amari/agentType/ViewSearch/CustomFieldIDs/65/SearchValues/1369/PropertyTypeID/642
Mazandaran,1370,https://amar.org.ir/salnameh-amari/agentType/ViewSearch/CustomFieldIDs/65/SearchValues/1370/PropertyTypeID/642
Mazandaran,1371,https://amar.org.ir/salnameh-amari/agentType/ViewSearch/CustomFieldIDs/65/SearchValues/1371/PropertyTypeID/642
Mazandaran,1372,https://amar.org.ir/salnameh-amari/agentType/ViewSearch/CustomFieldIDs/65/SearchValues/1372/PropertyTypeID/642
Mazandaran,1373,https://amar.org.ir/salnameh-amari/agentType/ViewSearch/CustomFieldIDs/65/SearchValues/1373/PropertyTypeID/642
Mazandaran,1374,https://amar.org.ir/salnameh-amari/agentType/ViewSearch/CustomFieldIDs/65/SearchValues/1374/PropertyTypeID/642
Mazandaran,1375,https://amar.org.ir/salnameh-amari/agentType/ViewSearch/CustomFieldIDs/65/SearchValues/1375/PropertyTypeID/642
Mazandaran,1376,https://amar.org.ir/salnameh-amari/agentType/ViewSearch/CustomFieldIDs/65/SearchValues/1376/PropertyTypeID/642
Mazandaran,1377,https://amar.org.ir/salnameh-amari/agentType/ViewSearch/CustomFieldIDs/65/SearchValues/1377/PropertyTypeID/642
Mazandaran,1378,https://amar.org.ir/salnameh-amari/agentType/ViewSearch/CustomFieldIDs/65/SearchValues/1378/PropertyTypeID/642
Mazandaran,1379,https://amar.org.ir/salnameh-amari/agentType/ViewSearch/CustomFieldIDs/65/SearchValues/1379/PropertyTypeID/642
Mazandaran,1380,https://amar.org.ir/salnameh-amari/agentType/ViewSearch/CustomFieldIDs/65/SearchValues/1380/PropertyTypeID/642
Mazandaran,1381,https://amar.org.ir/salnameh-amari/agentType/ViewSearch/CustomFieldIDs/65/SearchValues/1381/PropertyTypeID/642
Mazandaran,1382,https://amar.org.ir/salnameh-amari/agentType/ViewSearch/CustomFieldIDs/65/SearchValues/1382/PropertyTypeID/642
Mazandaran,1383,https://amar.org.ir/salnameh-amari/agentType/ViewSearch/CustomFieldIDs/65/SearchValues/1383/PropertyTypeID/642
Mazandaran,1384,https://amar.org.ir/salnameh-amari/agentType/ViewSearch/CustomFieldIDs/65/SearchValues/1384/PropertyTypeID/642
Mazandaran,1385,https://amar.org.ir/salnameh-amari/agentType/ViewSearch/CustomFieldIDs/65/SearchValues/1385/PropertyTypeID/642
Mazandaran,1386,https://amar.org.ir/salnameh-amari/agentType/ViewSearch/CustomFieldIDs/65/SearchValues/1386/PropertyTypeID/642
Mazandaran,1387,https://amar.org.ir/salnameh-amari/agentType/ViewSearch/CustomFieldIDs/65/SearchValues/1387/PropertyTypeID/642
Mazandaran,1388,https://amar.org.ir/salnameh-amari/agentType/ViewSearch/CustomFieldIDs/65/SearchValues/1388/PropertyTypeID/642
Mazandaran,1389,https://amar.org.ir/salnameh-amari/agentType/ViewSearch/CustomFieldIDs/65/SearchValues/1389/PropertyTypeID/642
Mazandaran,1390,https://amar.org.ir/salnameh-amari/agentType/ViewSearch/CustomFieldIDs/65/SearchValues/1390/PropertyTypeID/642
Mazandaran,1391,https://amar.org.ir/salnameh-amari/agentType/ViewSearch/CustomFieldIDs/65/SearchValues/1391/PropertyTypeID/642
Mazandaran,1392,https://amar.org.ir/salnameh-amari/agentType/ViewSearch/CustomFieldIDs/65/SearchValues/1392/PropertyTypeID/642
Mazandaran,1393,https://amar.org.ir/salnameh-amari/agentType/ViewSearch/CustomFieldIDs/65/SearchValues/1393/PropertyTypeID/642
Mazandaran,1394,https://amar.org.ir/salnameh-amari/agentType/ViewSearch/CustomFieldIDs/65/SearchValues/1394/PropertyTypeID/642
Mazandaran,1395,https://amar.org.ir/salnameh-amari/agentType/ViewSearch/CustomFieldIDs/65/SearchValues/1395/PropertyTypeID/642
Mazandaran,1396,https://amar.org.ir/salnameh-amari/agentType/ViewSearch/CustomFieldIDs/65/SearchValues/1396/PropertyTypeID/642
Mazandaran,1397,https://amar.org.ir/salnameh-amari/agentType/ViewSearch/CustomFieldIDs/65/SearchValues/1397/PropertyTypeID/642
Mazandaran,1398,https://amar.org.ir/salnameh-amari/agentType/ViewSearch/CustomFieldIDs/65/SearchValues/1398/PropertyTypeID/642
Mazandaran,1399,https://amar.org.ir/salnameh-amari/agentType/ViewSearch/CustomFieldIDs/65/SearchValues/1399/PropertyTypeID/642
Mazandaran,1400,https://amar.org.ir/salnameh-amari/agentType/ViewSearch/CustomFieldIDs/65/SearchValues/1400/PropertyTypeID/642
Mazandaran,1401,https://amar.org.ir/salnameh-amari/agentType/ViewSearch/CustomFieldIDs/65/SearchValues/1401/PropertyTypeID/642
Mazandaran,1402,https://amar.org.ir/salnameh-amari/agentType/ViewSearch/CustomFieldIDs/65/SearchValues/1402/PropertyTypeID/642
Markazi,1345,https://amar.org.ir/salnameh-amari/agentType/ViewSearch/CustomFieldIDs/65/SearchValues/1345/PropertyTypeID/643
Markazi,1346,https://amar.org.ir/salnameh-amari/agentType/ViewSearch/CustomFieldIDs/65/SearchValues/1346/PropertyTypeID/643
Markazi,1347,https://amar.org.ir/salnameh-amari/agentType/ViewSearch/CustomFieldIDs/65/SearchValues/1347/PropertyTypeID/643
Markazi,1348,https://amar.org.ir/salnameh-amari/agentType/ViewSearch/CustomFieldIDs/65/SearchValues/1348/PropertyTypeID/643
Markazi,1349,https://amar.org.ir/salnameh-amari/agentType/ViewSearch/CustomFieldIDs/65/SearchValues/1349/PropertyTypeID/643
Markazi,1350,https://amar.org.ir/salnameh-amari/agentType/ViewSearch/CustomFieldIDs/65/SearchValues/1350/PropertyTypeID/643
Markazi,1351,https://amar.org.ir/salnameh-amari/agentType/ViewSearch/CustomFieldIDs/65/SearchValues/1351/PropertyTypeID/643
Markazi,1352,https://amar.org.ir/salnameh-amari/agentType/ViewSearch/CustomFieldIDs/65/SearchValues/1352/PropertyTypeID/643
Markazi,1353,https://amar.org.ir/salnameh-amari/agentType/ViewSearch/CustomFieldIDs/65/SearchValues/1353/PropertyTypeID/643
Markazi,1354,https://amar.org.ir/salnameh-amari/agentType/ViewSearch/CustomFieldIDs/65/SearchValues/1354/PropertyTypeID/643
Markazi,1355,https://amar.org.ir/salnameh-amari/agentType/ViewSearch/CustomFieldIDs/65/SearchValues/1355/PropertyTypeID/643
Markazi,1356,https://amar.org.ir/salnameh-amari/agentType/ViewSearch/CustomFieldIDs/65/SearchValues/1356/PropertyTypeID/643
Markazi,1357,https://amar.org.ir/salnameh-amari/agentType/ViewSearch/CustomFieldIDs/65/SearchValues/1357/PropertyTypeID/643
Markazi,1358,https://amar.org.ir/salnameh-amari/agentType/ViewSearch/CustomFieldIDs/65/SearchValues/1358/PropertyTypeID/643
Markazi,1359,https://amar.org.ir/salnameh-amari/agentType/ViewSearch/CustomFieldIDs/65/SearchValues/1359/PropertyTypeID/643
Markazi,1360,https://amar.org.ir/salnameh-amari/agentType/ViewSearch/CustomFieldIDs/65/SearchValues/1360/PropertyTypeID/643
Markazi,1361,https://amar.org.ir/salnameh-amari/agentType/ViewSearch/CustomFieldIDs/65/SearchValues/1361/PropertyTypeID/643
Markazi,1362,https://amar.org.ir/salnameh-amari/agentType/ViewSearch/CustomFieldIDs/65/SearchValues/1362/PropertyTypeID/643
Markazi,1363,https://amar.org.ir/salnameh-amari/agentType/ViewSearch/CustomFieldIDs/65/SearchValues/1363/PropertyTypeID/643
Markazi,1364,https://amar.org.ir/salnameh-amari/agentType/ViewSearch/CustomFieldIDs/65/SearchValues/1364/PropertyTypeID/643
Markazi,1365,https://amar.org.ir/salnameh-amari/agentType/ViewSearch/CustomFieldIDs/65/SearchValues/1365/PropertyTypeID/643
Markazi,1366,https://amar.org.ir/salnameh-amari/agentType/ViewSearch/CustomFieldIDs/65/SearchValues/1366/PropertyTypeID/643
Markazi,1367,https://amar.org.ir/salnameh-amari/agentType/ViewSearch/CustomFieldIDs/65/SearchValues/1367/PropertyTypeID/643
Markazi,1368,https://amar.org.ir/salnameh-amari/agentType/ViewSearch/CustomFieldIDs/65/SearchValues/1368/PropertyTypeID/643
Markazi,1369,https://amar.org.ir/salnameh-amari/agentType/ViewSearch/CustomFieldIDs/65/SearchValues/1369/PropertyTypeID/643
Markazi,1370,https://amar.org.ir/salnameh-amari/agentType/ViewSearch/CustomFieldIDs/65/SearchValues/1370/PropertyTypeID/643
Markazi,1371,https://amar.org.ir/salnameh-amari/agentType/ViewSearch/CustomFieldIDs/65/SearchValues/1371/PropertyTypeID/643
Markazi,1372,https://amar.org.ir/salnameh-amari/agentType/ViewSearch/CustomFieldIDs/65/SearchValues/1372/PropertyTypeID/643
Markazi,1373,https://amar.org.ir/salnameh-amari/agentType/ViewSearch/CustomFieldIDs/65/SearchValues/1373/PropertyTypeID/643
Markazi,1374,https://amar.org.ir/salnameh-amari/agentType/ViewSearch/CustomFieldIDs/65/SearchValues/1374/PropertyTypeID/643
Markazi,1375,https://amar.org.ir/salnameh-amari/agentType/ViewSearch/CustomFieldIDs/65/SearchValues/1375/PropertyTypeID/643
Markazi,1376,https://amar.org.ir/salnameh-amari/agentType/ViewSearch/CustomFieldIDs/65/SearchValues/1376/PropertyTypeID/643
Markazi,1377,https://amar.org.ir/salnameh-amari/agentType/ViewSearch/CustomFieldIDs/65/SearchValues/1377/PropertyTypeID/643
Markazi,1378,https://amar.org.ir/salnameh-amari/agentType/ViewSearch/CustomFieldIDs/65/SearchValues/1378/PropertyTypeID/643
Markazi,1379,https://amar.org.ir/salnameh-amari/agentType/ViewSearch/CustomFieldIDs/65/SearchValues/1379/PropertyTypeID/643
Markazi,1380,https://amar.org.ir/salnameh-amari/agentType/ViewSearch/CustomFieldIDs/65/SearchValues/1380/PropertyTypeID/643
Markazi,1381,https://amar.org.ir/salnameh-amari/agentType/ViewSearch/CustomFieldIDs/65/SearchValues/1381/PropertyTypeID/643
Markazi,1382,https://amar.org.ir/salnameh-amari/agentType/ViewSearch/CustomFieldIDs/65/SearchValues/1382/PropertyTypeID/643
Markazi,1383,https://amar.org.ir/salnameh-amari/agentType/ViewSearch/CustomFieldIDs/65/SearchValues/1383/PropertyTypeID/643
Markazi,1384,https://amar.org.ir/salnameh-amari/agentType/ViewSearch/CustomFieldIDs/65/SearchValues/1384/PropertyTypeID/643
Markazi,1385,https://amar.org.ir/salnameh-amari/agentType/ViewSearch/CustomFieldIDs/65/SearchValues/1385/PropertyTypeID/643
Markazi,1386,https://amar.org.ir/salnameh-amari/agentType/ViewSearch/CustomFieldIDs/65/SearchValues/1386/PropertyTypeID/643
Markazi,1387,https://amar.org.ir/salnameh-amari/agentType/ViewSearch/CustomFieldIDs/65/SearchValues/1387/PropertyTypeID/643
Markazi,1388,https://amar.org.ir/salnameh-amari/agentType/ViewSearch/CustomFieldIDs/65/SearchValues/1388/PropertyTypeID/643
Markazi,1389,https://amar.org.ir/salnameh-amari/agentType/ViewSearch/CustomFieldIDs/65/SearchValues/1389/PropertyTypeID/643
Markazi,1390,https://amar.org.ir/salnameh-amari/agentType/ViewSearch/CustomFieldIDs/65/SearchValues/1390/PropertyTypeID/643
Markazi,1391,https://amar.org.ir/salnameh-amari/agentType/ViewSearch/CustomFieldIDs/65/SearchValues/1391/PropertyTypeID/643
Markazi,1392,https://amar.org.ir/salnameh-amari/agentType/ViewSearch/CustomFieldIDs/65/SearchValues/1392/PropertyTypeID/643
Markazi,1393,https://amar.org.ir/salnameh-amari/agentType/ViewSearch/CustomFieldIDs/65/SearchValues/1393/PropertyTypeID/643
Markazi,1394,https://amar.org.ir/salnameh-amari/agentType/ViewSearch/CustomFieldIDs/65/SearchValues/1394/PropertyTypeID/643
Markazi,1395,https://amar.org.ir/salnameh-amari/agentType/ViewSearch/CustomFieldIDs/65/SearchValues/1395/PropertyTypeID/643
Markazi,1396,https://amar.org.ir/salnameh-amari/agentType/ViewSearch/CustomFieldIDs/65/SearchValues/1396/PropertyTypeID/643
Markazi,1397,https://amar.org.ir/salnameh-amari/agentType/ViewSearch/CustomFieldIDs/65/SearchValues/1397/PropertyTypeID/643
Markazi,1398,https://amar.org.ir/salnameh-amari/agentType/ViewSearch/CustomFieldIDs/65/SearchValues/1398/PropertyTypeID/643
Markazi,1399,https://amar.org.ir/salnameh-amari/agentType/ViewSearch/CustomFieldIDs/65/SearchValues/1399/PropertyTypeID/643
Markazi,1400,https://amar.org.ir/salnameh-amari/agentType/ViewSearch/CustomFieldIDs/65/SearchValues/1400/PropertyTypeID/643
Markazi,1401,https://amar.org.ir/salnameh-amari/agentType/ViewSearch/CustomFieldIDs/65/SearchValues/1401/PropertyTypeID/643
Markazi,1402,https://amar.org.ir/salnameh-amari/agentType/ViewSearch/CustomFieldIDs/65/SearchValues/1402/PropertyTypeID/643
Hormozgan,1345,https://amar.org.ir/salnameh-amari/agentType/ViewSearch/CustomFieldIDs/65/SearchValues/1345/PropertyTypeID/644
Hormozgan,1346,https://amar.org.ir/salnameh-amari/agentType/ViewSearch/CustomFieldIDs/65/SearchValues/1346/PropertyTypeID/644
Hormozgan,1347,https://amar.org.ir/salnameh-amari/agentType/ViewSearch/CustomFieldIDs/65/SearchValues/1347/PropertyTypeID/644
Hormozgan,1348,https://amar.org.ir/salnameh-amari/agentType/ViewSearch/CustomFieldIDs/65/SearchValues/1348/PropertyTypeID/644
Hormozgan,1349,https://amar.org.ir/salnameh-amari/agentType/ViewSearch/CustomFieldIDs/65/SearchValues/1349/PropertyTypeID/644
Hormozgan,1350,https://amar.org.ir/salnameh-amari/agentType/ViewSearch/CustomFieldIDs/65/SearchValues/1350/PropertyTypeID/644
Hormozgan,1351,https://amar.org.ir/salnameh-amari/agentType/ViewSearch/CustomFieldIDs/65/SearchValues/1351/PropertyTypeID/644
Hormozgan,1352,https://amar.org.ir/salnameh-amari/agentType/ViewSearch/CustomFieldIDs/65/SearchValues/1352/PropertyTypeID/644
Hormozgan,1353,https://amar.org.ir/salnameh-amari/agentType/ViewSearch/CustomFieldIDs/65/SearchValues/1353/PropertyTypeID/644
Hormozgan,1354,https://amar.org.ir/salnameh-amari/agentType/ViewSearch/CustomFieldIDs/65/SearchValues/1354/PropertyTypeID/644
Hormozgan,1355,https://amar.org.ir/salnameh-amari/agentType/ViewSearch/CustomFieldIDs/65/SearchValues/1355/PropertyTypeID/644
Hormozgan,1356,https://amar.org.ir/salnameh-amari/agentType/ViewSearch/CustomFieldIDs/65/SearchValues/1356/PropertyTypeID/644
Hormozgan,1357,https://amar.org.ir/salnameh-amari/agentType/ViewSearch/CustomFieldIDs/65/SearchValues/1357/PropertyTypeID/644
Hormozgan,1358,https://amar.org.ir/salnameh-amari/agentType/ViewSearch/CustomFieldIDs/65/SearchValues/1358/PropertyTypeID/644
Hormozgan,1359,https://amar.org.ir/salnameh-amari/agentType/ViewSearch/CustomFieldIDs/65/SearchValues/1359/PropertyTypeID/644
Hormozgan,1360,https://amar.org.ir/salnameh-amari/agentType/ViewSearch/CustomFieldIDs/65/SearchValues/1360/PropertyTypeID/644
Hormozgan,1361,https://amar.org.ir/salnameh-amari/agentType/ViewSearch/CustomFieldIDs/65/SearchValues/1361/PropertyTypeID/644
Hormozgan,1362,https://amar.org.ir/salnameh-amari/agentType/ViewSearch/CustomFieldIDs/65/SearchValues/1362/PropertyTypeID/644
Hormozgan,1363,https://amar.org.ir/salnameh-amari/agentType/ViewSearch/CustomFieldIDs/65/SearchValues/1363/PropertyTypeID/644
Hormozgan,1364,https://amar.org.ir/salnameh-amari/agentType/ViewSearch/CustomFieldIDs/65/SearchValues/1364/PropertyTypeID/644
Hormozgan,1365,https://amar.org.ir/salnameh-amari/agentType/ViewSearch/CustomFieldIDs/65/SearchValues/1365/PropertyTypeID/644
Hormozgan,1366,https://amar.org.ir/salnameh-amari/agentType/ViewSearch/CustomFieldIDs/65/SearchValues/1366/PropertyTypeID/644
Hormozgan,1367,https://amar.org.ir/salnameh-amari/agentType/ViewSearch/CustomFieldIDs/65/SearchValues/1367/PropertyTypeID/644
Hormozgan,1368,https://amar.org.ir/salnameh-amari/agentType/ViewSearch/CustomFieldIDs/65/SearchValues/1368/PropertyTypeID/644
Hormozgan,1369,https://amar.org.ir/salnameh-amari/agentType/ViewSearch/CustomFieldIDs/65/SearchValues/1369/PropertyTypeID/644
Hormozgan,1370,https://amar.org.ir/salnameh-amari/agentType/ViewSearch/CustomFieldIDs/65/SearchValues/1370/PropertyTypeID/644
Hormozgan,1371,https://amar.org.ir/salnameh-amari/agentType/ViewSearch/CustomFieldIDs/65/SearchValues/1371/PropertyTypeID/644
Hormozgan,1372,https://amar.org.ir/salnameh-amari/agentType/ViewSearch/CustomFieldIDs/65/SearchValues/1372/PropertyTypeID/644
Hormozgan,1373,https://amar.org.ir/salnameh-amari/agentType/ViewSearch/CustomFieldIDs/65/SearchValues/1373/PropertyTypeID/644
Hormozgan,1374,https://amar.org.ir/salnameh-amari/agentType/ViewSearch/CustomFieldIDs/65/SearchValues/1374/PropertyTypeID/644
Hormozgan,1375,https://amar.org.ir/salnameh-amari/agentType/ViewSearch/CustomFieldIDs/65/SearchValues/1375/PropertyTypeID/644
Hormozgan,1376,https://amar.org.ir/salnameh-amari/agentType/ViewSearch/CustomFieldIDs/65/SearchValues/1376/PropertyTypeID/644
Hormozgan,1377,https://amar.org.ir/salnameh-amari/agentType/ViewSearch/CustomFieldIDs/65/SearchValues/1377/PropertyTypeID/644
Hormozgan,1378,https://amar.org.ir/salnameh-amari/agentType/ViewSearch/CustomFieldIDs/65/SearchValues/1378/PropertyTypeID/644
Hormozgan,1379,https://amar.org.ir/salnameh-amari/agentType/ViewSearch/CustomFieldIDs/65/SearchValues/1379/PropertyTypeID/644
Hormozgan,1380,https://amar.org.ir/salnameh-amari/agentType/ViewSearch/CustomFieldIDs/65/SearchValues/1380/PropertyTypeID/644
Hormozgan,1381,https://amar.org.ir/salnameh-amari/agentType/ViewSearch/CustomFieldIDs/65/SearchValues/1381/PropertyTypeID/644
Hormozgan,1382,https://amar.org.ir/salnameh-amari/agentType/ViewSearch/CustomFieldIDs/65/SearchValues/1382/PropertyTypeID/644
Hormozgan,1383,https://amar.org.ir/salnameh-amari/agentType/ViewSearch/CustomFieldIDs/65/SearchValues/1383/PropertyTypeID/644
Hormozgan,1384,https://amar.org.ir/salnameh-amari/agentType/ViewSearch/CustomFieldIDs/65/SearchValues/1384/PropertyTypeID/644
Hormozgan,1385,https://amar.org.ir/salnameh-amari/agentType/ViewSearch/CustomFieldIDs/65/SearchValues/1385/PropertyTypeID/644
Hormozgan,1386,https://amar.org.ir/salnameh-amari/agentType/ViewSearch/CustomFieldIDs/65/SearchValues/1386/PropertyTypeID/644
Hormozgan,1387,https://amar.org.ir/salnameh-amari/agentType/ViewSearch/CustomFieldIDs/65/SearchValues/1387/PropertyTypeID/644
Hormozgan,1388,https://amar.org.ir/salnameh-amari/agentType/ViewSearch/CustomFieldIDs/65/SearchValues/1388/PropertyTypeID/644
Hormozgan,1389,https://amar.org.ir/salnameh-amari/agentType/ViewSearch/CustomFieldIDs/65/SearchValues/1389/PropertyTypeID/644
Hormozgan,1390,https://amar.org.ir/salnameh-amari/agentType/ViewSearch/CustomFieldIDs/65/SearchValues/1390/PropertyTypeID/644
Hormozgan,1391,https://amar.org.ir/salnameh-amari/agentType/ViewSearch/CustomFieldIDs/65/SearchValues/1391/PropertyTypeID/644
Hormozgan,1392,https://amar.org.ir/salnameh-amari/agentType/ViewSearch/CustomFieldIDs/65/SearchValues/1392/PropertyTypeID/644
Hormozgan,1393,https://amar.org.ir/salnameh-amari/agentType/ViewSearch/CustomFieldIDs/65/SearchValues/1393/PropertyTypeID/644
Hormozgan,1394,https://amar.org.ir/salnameh-amari/agentType/ViewSearch/CustomFieldIDs/65/SearchValues/1394/PropertyTypeID/644
Hormozgan,1395,https://amar.org.ir/salnameh-amari/agentType/ViewSearch/CustomFieldIDs/65/SearchValues/1395/PropertyTypeID/644
Hormozgan,1396,https://amar.org.ir/salnameh-amari/agentType/ViewSearch/CustomFieldIDs/65/SearchValues/1396/PropertyTypeID/644
Hormozgan,1397,https://amar.org.ir/salnameh-amari/agentType/ViewSearch/CustomFieldIDs/65/SearchValues/1397/PropertyTypeID/644
Hormozgan,1398,https://amar.org.ir/salnameh-amari/agentType/ViewSearch/CustomFieldIDs/65/SearchValues/1398/PropertyTypeID/644
Hormozgan,1399,https://amar.org.ir/salnameh-amari/agentType/ViewSearch/CustomFieldIDs/65/SearchValues/1399/PropertyTypeID/644
Hormozgan,1400,https://amar.org.ir/salnameh-amari/agentType/ViewSearch/CustomFieldIDs/65/SearchValues/1400/PropertyTypeID/644
Hormozgan,1401,https://amar.org.ir/salnameh-amari/agentType/ViewSearch/CustomFieldIDs/65/SearchValues/1401/PropertyTypeID/644
Hormozgan,1402,https://amar.org.ir/salnameh-amari/agentType/ViewSearch/CustomFieldIDs/65/SearchValues/1402/PropertyTypeID/644
Hamadan,1345,https://amar.org.ir/salnameh-amari/agentType/ViewSearch/CustomFieldIDs/65/SearchValues/1345/PropertyTypeID/645
Hamadan,1346,https://amar.org.ir/salnameh-amari/agentType/ViewSearch/CustomFieldIDs/65/SearchValues/1346/PropertyTypeID/645
Hamadan,1347,https://amar.org.ir/salnameh-amari/agentType/ViewSearch/CustomFieldIDs/65/SearchValues/1347/PropertyTypeID/645
Hamadan,1348,https://amar.org.ir/salnameh-amari/agentType/ViewSearch/CustomFieldIDs/65/SearchValues/1348/PropertyTypeID/645
Hamadan,1349,https://amar.org.ir/salnameh-amari/agentType/ViewSearch/CustomFieldIDs/65/SearchValues/1349/PropertyTypeID/645
Hamadan,1350,https://amar.org.ir/salnameh-amari/agentType/ViewSearch/CustomFieldIDs/65/SearchValues/1350/PropertyTypeID/645
Hamadan,1351,https://amar.org.ir/salnameh-amari/agentType/ViewSearch/CustomFieldIDs/65/SearchValues/1351/PropertyTypeID/645
Hamadan,1352,https://amar.org.ir/salnameh-amari/agentType/ViewSearch/CustomFieldIDs/65/SearchValues/1352/PropertyTypeID/645
Hamadan,1353,https://amar.org.ir/salnameh-amari/agentType/ViewSearch/CustomFieldIDs/65/SearchValues/1353/PropertyTypeID/645
Hamadan,1354,https://amar.org.ir/salnameh-amari/agentType/ViewSearch/CustomFieldIDs/65/SearchValues/1354/PropertyTypeID/645
Hamadan,1355,https://amar.org.ir/salnameh-amari/agentType/ViewSearch/CustomFieldIDs/65/SearchValues/1355/PropertyTypeID/645
Hamadan,1356,https://amar.org.ir/salnameh-amari/agentType/ViewSearch/CustomFieldIDs/65/SearchValues/1356/PropertyTypeID/645
Hamadan,1357,https://amar.org.ir/salnameh-amari/agentType/ViewSearch/CustomFieldIDs/65/SearchValues/1357/PropertyTypeID/645
Hamadan,1358,https://amar.org.ir/salnameh-amari/agentType/ViewSearch/CustomFieldIDs/65/SearchValues/1358/PropertyTypeID/645
Hamadan,1359,https://amar.org.ir/salnameh-amari/agentType/ViewSearch/CustomFieldIDs/65/SearchValues/1359/PropertyTypeID/645
Hamadan,1360,https://amar.org.ir/salnameh-amari/agentType/ViewSearch/CustomFieldIDs/65/SearchValues/1360/PropertyTypeID/645
Hamadan,1361,https://amar.org.ir/salnameh-amari/agentType/ViewSearch/CustomFieldIDs/65/SearchValues/1361/PropertyTypeID/645
Hamadan,1362,https://amar.org.ir/salnameh-amari/agentType/ViewSearch/CustomFieldIDs/65/SearchValues/1362/PropertyTypeID/645
Hamadan,1363,https://amar.org.ir/salnameh-amari/agentType/ViewSearch/CustomFieldIDs/65/SearchValues/1363/PropertyTypeID/645
Hamadan,1364,https://amar.org.ir/salnameh-amari/agentType/ViewSearch/CustomFieldIDs/65/SearchValues/1364/PropertyTypeID/645
Hamadan,1365,https://amar.org.ir/salnameh-amari/agentType/ViewSearch/CustomFieldIDs/65/SearchValues/1365/PropertyTypeID/645
Hamadan,1366,https://amar.org.ir/salnameh-amari/agentType/ViewSearch/CustomFieldIDs/65/SearchValues/1366/PropertyTypeID/645
Hamadan,1367,https://amar.org.ir/salnameh-amari/agentType/ViewSearch/CustomFieldIDs/65/SearchValues/1367/PropertyTypeID/645
Hamadan,1368,https://amar.org.ir/salnameh-amari/agentType/ViewSearch/CustomFieldIDs/65/SearchValues/1368/PropertyTypeID/645
Hamadan,1369,https://amar.org.ir/salnameh-amari/agentType/ViewSearch/CustomFieldIDs/65/SearchValues/1369/PropertyTypeID/645
Hamadan,1370,https://amar.org.ir/salnameh-amari/agentType/ViewSearch/CustomFieldIDs/65/SearchValues/1370/PropertyTypeID/645
Hamadan,1371,https://amar.org.ir/salnameh-amari/agentType/ViewSearch/CustomFieldIDs/65/SearchValues/1371/PropertyTypeID/645
Hamadan,1372,https://amar.org.ir/salnameh-amari/agentType/ViewSearch/CustomFieldIDs/65/SearchValues/1372/PropertyTypeID/645
Hamadan,1373,https://amar.org.ir/salnameh-amari/agentType/ViewSearch/CustomFieldIDs/65/SearchValues/1373/PropertyTypeID/645
Hamadan,1374,https://amar.org.ir/salnameh-amari/agentType/ViewSearch/CustomFieldIDs/65/SearchValues/1374/PropertyTypeID/645
Hamadan,1375,https://amar.org.ir/salnameh-amari/agentType/ViewSearch/CustomFieldIDs/65/SearchValues/1375/PropertyTypeID/645
Hamadan,1376,https://amar.org.ir/salnameh-amari/agentType/ViewSearch/CustomFieldIDs/65/SearchValues/1376/PropertyTypeID/645
Hamadan,1377,https://amar.org.ir/salnameh-amari/agentType/ViewSearch/CustomFieldIDs/65/SearchValues/1377/PropertyTypeID/645
Hamadan,1378,https://amar.org.ir/salnameh-amari/agentType/ViewSearch/CustomFieldIDs/65/SearchValues/1378/PropertyTypeID/645
Hamadan,1379,https://amar.org.ir/salnameh-amari/agentType/ViewSearch/CustomFieldIDs/65/SearchValues/1379/PropertyTypeID/645
Hamadan,1380,https://amar.org.ir/salnameh-amari/agentType/ViewSearch/CustomFieldIDs/65/SearchValues/1380/PropertyTypeID/645
Hamadan,1381,https://amar.org.ir/salnameh-amari/agentType/ViewSearch/CustomFieldIDs/65/SearchValues/1381/PropertyTypeID/645
Hamadan,1382,https://amar.org.ir/salnameh-amari/agentType/ViewSearch/CustomFieldIDs/65/SearchValues/1382/PropertyTypeID/645
Hamadan,1383,https://amar.org.ir/salnameh-amari/agentType/ViewSearch/CustomFieldIDs/65/SearchValues/1383/PropertyTypeID/645
Hamadan,1384,https://amar.org.ir/salnameh-amari/agentType/ViewSearch/CustomFieldIDs/65/SearchValues/1384/PropertyTypeID/645
Hamadan,1385,https://amar.org.ir/salnameh-amari/agentType/ViewSearch/CustomFieldIDs/65/SearchValues/1385/PropertyTypeID/645
Hamadan,1386,https://amar.org.ir/salnameh-amari/agentType/ViewSearch/CustomFieldIDs/65/SearchValues/1386/PropertyTypeID/645
Hamadan,1387,https://amar.org.ir/salnameh-amari/agentType/ViewSearch/CustomFieldIDs/65/SearchValues/1387/PropertyTypeID/645
Hamadan,1388,https://amar.org.ir/salnameh-amari/agentType/ViewSearch/CustomFieldIDs/65/SearchValues/1388/PropertyTypeID/645
Hamadan,1389,https://amar.org.ir/salnameh-amari/agentType/ViewSearch/CustomFieldIDs/65/SearchValues/1389/PropertyTypeID/645
Hamadan,1390,https://amar.org.ir/salnameh-amari/agentType/ViewSearch/CustomFieldIDs/65/SearchValues/1390/PropertyTypeID/645
Hamadan,1391,https://amar.org.ir/salnameh-amari/agentType/ViewSearch/CustomFieldIDs/65/SearchValues/1391/PropertyTypeID/645
Hamadan,1392,https://amar.org.ir/salnameh-amari/agentType/ViewSearch/CustomFieldIDs/65/SearchValues/1392/PropertyTypeID/645
Hamadan,1393,https://amar.org.ir/salnameh-amari/agentType/ViewSearch/CustomFieldIDs/65/SearchValues/1393/PropertyTypeID/645
Hamadan,1394,https://amar.org.ir/salnameh-amari/agentType/ViewSearch/CustomFieldIDs/65/SearchValues/1394/PropertyTypeID/645
Hamadan,1395,https://amar.org.ir/salnameh-amari/agentType/ViewSearch/CustomFieldIDs/65/SearchValues/1395/PropertyTypeID/645
Hamadan,1396,https://amar.org.ir/salnameh-amari/agentType/ViewSearch/CustomFieldIDs/65/SearchValues/1396/PropertyTypeID/645
Hamadan,1397,https://amar.org.ir/salnameh-amari/agentType/ViewSearch/CustomFieldIDs/65/SearchValues/1397/PropertyTypeID/645
Hamadan,1398,https://amar.org.ir/salnameh-amari/agentType/ViewSearch/CustomFieldIDs/65/SearchValues/1398/PropertyTypeID/645
Hamadan,1399,https://amar.org.ir/salnameh-amari/agentType/ViewSearch/CustomFieldIDs/65/SearchValues/1399/PropertyTypeID/645
Hamadan,1400,https://amar.org.ir/salnameh-amari/agentType/ViewSearch/CustomFieldIDs/65/SearchValues/1400/PropertyTypeID/645
Hamadan,1401,https://amar.org.ir/salnameh-amari/agentType/ViewSearch/CustomFieldIDs/65/SearchValues/1401/PropertyTypeID/645
Hamadan,1402,https://amar.org.ir/salnameh-amari/agentType/ViewSearch/CustomFieldIDs/65/SearchValues/1402/PropertyTypeID/645
Yazd,1345,https://amar.org.ir/salnameh-amari/agentType/ViewSearch/CustomFieldIDs/65/SearchValues/1345/PropertyTypeID/646
Yazd,1346,https://amar.org.ir/salnameh-amari/agentType/ViewSearch/CustomFieldIDs/65/SearchValues/1346/PropertyTypeID/646
Yazd,1347,https://amar.org.ir/salnameh-amari/agentType/ViewSearch/CustomFieldIDs/65/SearchValues/1347/PropertyTypeID/646
Yazd,1348,https://amar.org.ir/salnameh-amari/agentType/ViewSearch/CustomFieldIDs/65/SearchValues/1348/PropertyTypeID/646
Yazd,1349,https://amar.org.ir/salnameh-amari/agentType/ViewSearch/CustomFieldIDs/65/SearchValues/1349/PropertyTypeID/646
Yazd,1350,https://amar.org.ir/salnameh-amari/agentType/ViewSearch/CustomFieldIDs/65/SearchValues/1350/PropertyTypeID/646
Yazd,1351,https://amar.org.ir/salnameh-amari/agentType/ViewSearch/CustomFieldIDs/65/SearchValues/1351/PropertyTypeID/646
Yazd,1352,https://amar.org.ir/salnameh-amari/agentType/ViewSearch/CustomFieldIDs/65/SearchValues/1352/PropertyTypeID/646
Yazd,1353,https://amar.org.ir/salnameh-amari/agentType/ViewSearch/CustomFieldIDs/65/SearchValues/1353/PropertyTypeID/646
Yazd,1354,https://amar.org.ir/salnameh-amari/agentType/ViewSearch/CustomFieldIDs/65/SearchValues/1354/PropertyTypeID/646
Yazd,1355,https://amar.org.ir/salnameh-amari/agentType/ViewSearch/CustomFieldIDs/65/SearchValues/1355/PropertyTypeID/646
Yazd,1356,https://amar.org.ir/salnameh-amari/agentType/ViewSearch/CustomFieldIDs/65/SearchValues/1356/PropertyTypeID/646
Yazd,1357,https://amar.org.ir/salnameh-amari/agentType/ViewSearch/CustomFieldIDs/65/SearchValues/1357/PropertyTypeID/646
Yazd,1358,https://amar.org.ir/salnameh-amari/agentType/ViewSearch/CustomFieldIDs/65/SearchValues/1358/PropertyTypeID/646
Yazd,1359,https://amar.org.ir/salnameh-amari/agentType/ViewSearch/CustomFieldIDs/65/SearchValues/1359/PropertyTypeID/646
Yazd,1360,https://amar.org.ir/salnameh-amari/agentType/ViewSearch/CustomFieldIDs/65/SearchValues/1360/PropertyTypeID/646
Yazd,1361,https://amar.org.ir/salnameh-amari/agentType/ViewSearch/CustomFieldIDs/65/SearchValues/1361/PropertyTypeID/646
Yazd,1362,https://amar.org.ir/salnameh-amari/agentType/ViewSearch/CustomFieldIDs/65/SearchValues/1362/PropertyTypeID/646
Yazd,1363,https://amar.org.ir/salnameh-amari/agentType/ViewSearch/CustomFieldIDs/65/SearchValues/1363/PropertyTypeID/646
Yazd,1364,https://amar.org.ir/salnameh-amari/agentType/ViewSearch/CustomFieldIDs/65/SearchValues/1364/PropertyTypeID/646
Yazd,1365,https://amar.org.ir/salnameh-amari/agentType/ViewSearch/CustomFieldIDs/65/SearchValues/1365/PropertyTypeID/646
Yazd,1366,https://amar.org.ir/salnameh-amari/agentType/ViewSearch/CustomFieldIDs/65/SearchValues/1366/PropertyTypeID/646
Yazd,1367,https://amar.org.ir/salnameh-amari/agentType/ViewSearch/CustomFieldIDs/65/SearchValues/1367/PropertyTypeID/646
Yazd,1368,https://amar.org.ir/salnameh-amari/agentType/ViewSearch/CustomFieldIDs/65/SearchValues/1368/PropertyTypeID/646
Yazd,1369,https://amar.org.ir/salnameh-amari/agentType/ViewSearch/CustomFieldIDs/65/SearchValues/1369/PropertyTypeID/646
Yazd,1370,https://amar.org.ir/salnameh-amari/agentType/ViewSearch/CustomFieldIDs/65/SearchValues/1370/PropertyTypeID/646
Yazd,1371,https://amar.org.ir/salnameh-amari/agentType/ViewSearch/CustomFieldIDs/65/SearchValues/1371/PropertyTypeID/646
Yazd,1372,https://amar.org.ir/salnameh-amari/agentType/ViewSearch/CustomFieldIDs/65/SearchValues/1372/PropertyTypeID/646
Yazd,1373,https://amar.org.ir/salnameh-amari/agentType/ViewSearch/CustomFieldIDs/65/SearchValues/1373/PropertyTypeID/646
Yazd,1374,https://amar.org.ir/salnameh-amari/agentType/ViewSearch/CustomFieldIDs/65/SearchValues/1374/PropertyTypeID/646
Yazd,1375,https://amar.org.ir/salnameh-amari/agentType/ViewSearch/CustomFieldIDs/65/SearchValues/1375/PropertyTypeID/646
Yazd,1376,https://amar.org.ir/salnameh-amari/agentType/ViewSearch/CustomFieldIDs/65/SearchValues/1376/PropertyTypeID/646
Yazd,1377,https://amar.org.ir/salnameh-amari/agentType/ViewSearch/CustomFieldIDs/65/SearchValues/1377/PropertyTypeID/646
Yazd,1378,https://amar.org.ir/salnameh-amari/agentType/ViewSearch/CustomFieldIDs/65/SearchValues/1378/PropertyTypeID/646
Yazd,1379,https://amar.org.ir/salnameh-amari/agentType/ViewSearch/CustomFieldIDs/65/SearchValues/1379/PropertyTypeID/646
Yazd,1380,https://amar.org.ir/salnameh-amari/agentType/ViewSearch/CustomFieldIDs/65/SearchValues/1380/PropertyTypeID/646
Yazd,1381,https://amar.org.ir/salnameh-amari/agentType/ViewSearch/CustomFieldIDs/65/SearchValues/1381/PropertyTypeID/646
Yazd,1382,https://amar.org.ir/salnameh-amari/agentType/ViewSearch/CustomFieldIDs/65/SearchValues/1382/PropertyTypeID/646
Yazd,1383,https://amar.org.ir/salnameh-amari/agentType/ViewSearch/CustomFieldIDs/65/SearchValues/1383/PropertyTypeID/646
Yazd,1384,https://amar.org.ir/salnameh-amari/agentType/ViewSearch/CustomFieldIDs/65/SearchValues/1384/PropertyTypeID/646
Yazd,1385,https://amar.org.ir/salnameh-amari/agentType/ViewSearch/CustomFieldIDs/65/SearchValues/1385/PropertyTypeID/646
Yazd,1386,https://amar.org.ir/salnameh-amari/agentType/ViewSearch/CustomFieldIDs/65/SearchValues/1386/PropertyTypeID/646
Yazd,1387,https://amar.org.ir/salnameh-amari/agentType/ViewSearch/CustomFieldIDs/65/SearchValues/1387/PropertyTypeID/646
Yazd,1388,https://amar.org.ir/salnameh-amari/agentType/ViewSearch/CustomFieldIDs/65/SearchValues/1388/PropertyTypeID/646
Yazd,1389,https://amar.org.ir/salnameh-amari/agentType/ViewSearch/CustomFieldIDs/65/SearchValues/1389/PropertyTypeID/646
Yazd,1390,https://amar.org.ir/salnameh-amari/agentType/ViewSearch/CustomFieldIDs/65/SearchValues/1390/PropertyTypeID/646
Yazd,1391,https://amar.org.ir/salnameh-amari/agentType/ViewSearch/CustomFieldIDs/65/SearchValues/1391/PropertyTypeID/646
Yazd,1392,https://amar.org.ir/salnameh-amari/agentType/ViewSearch/CustomFieldIDs/65/SearchValues/1392/PropertyTypeID/646
Yazd,1393,https://amar.org.ir/salnameh-amari/agentType/ViewSearch/CustomFieldIDs/65/SearchValues/1393/PropertyTypeID/646
Yazd,1394,https://amar.org.ir/salnameh-amari/agentType/ViewSearch/CustomFieldIDs/65/SearchValues/1394/PropertyTypeID/646
Yazd,1395,https://amar.org.ir/salnameh-amari/agentType/ViewSearch/CustomFieldIDs/65/SearchValues/1395/PropertyTypeID/646
Yazd,1396,https://amar.org.ir/salnameh-amari/agentType/ViewSearch/CustomFieldIDs/65/SearchValues/1396/PropertyTypeID/646
Yazd,1397,https://amar.org.ir/salnameh-amari/agentType/ViewSearch/CustomFieldIDs/65/SearchValues/1397/PropertyTypeID/646
Yazd,1398,https://amar.org.ir/salnameh-amari/agentType/ViewSearch/CustomFieldIDs/65/SearchValues/1398/PropertyTypeID/646
Yazd,1399,https://amar.org.ir/salnameh-amari/agentType/ViewSearch/CustomFieldIDs/65/SearchValues/1399/PropertyTypeID/646
Yazd,1400,https://amar.org.ir/salnameh-amari/agentType/ViewSearch/CustomFieldIDs/65/SearchValues/1400/PropertyTypeID/646
Yazd,1401,https://amar.org.ir/salnameh-amari/agentType/ViewSearch/CustomFieldIDs/65/SearchValues/1401/PropertyTypeID/646
Yazd,1402,https://amar.org.ir/salnameh-amari/agentType/ViewSearch/CustomFieldIDs/65/SearchValues/1402/PropertyTypeID/646
