Province,Year,URL,Status
Whole Country,1352,https://amar.org.ir/salnameh-amari/agentType/ViewSearch/CustomFieldIDs/65/SearchValues/1352/PropertyTypeID/615,parse_exception:'list' object has no attribute 'text'
Whole Country,1348,https://amar.org.ir/salnameh-amari/agentType/ViewSearch/CustomFieldIDs/65/SearchValues/1348/PropertyTypeID/615,parse_exception:'list' object has no attribute 'text'
Whole Country,1356,https://amar.org.ir/salnameh-amari/agentType/ViewSearch/CustomFieldIDs/65/SearchValues/1356/PropertyTypeID/615,parse_exception:'list' object has no attribute 'text'
Whole Country,1346,https://amar.org.ir/salnameh-amari/agentType/ViewSearch/CustomFieldIDs/65/SearchValues/1346/PropertyTypeID/615,parse_exception:'list' object has no attribute 'text'
Whole Country,1354,https://amar.org.ir/salnameh-amari/agentType/ViewSearch/CustomFieldIDs/65/SearchValues/1354/PropertyTypeID/615,parse_exception:'list' object has no attribute 'text'
Whole Country,1349,https://amar.org.ir/salnameh-amari/agentType/ViewSearch/CustomFieldIDs/65/SearchValues/1349/PropertyTypeID/615,parse_exception:'list' object has no attribute 'text'
Whole Country,1355,https://amar.org.ir/salnameh-amari/agentType/ViewSearch/CustomFieldIDs/65/SearchValues/1355/PropertyTypeID/615,parse_exception:'list' object has no attribute 'text'
Whole Country,1350,https://amar.org.ir/salnameh-amari/agentType/ViewSearch/CustomFieldIDs/65/SearchValues/1350/PropertyTypeID/615,parse_exception:'list' object has no attribute 'text'
Whole Country,1345,https://amar.org.ir/salnameh-amari/agentType/ViewSearch/CustomFieldIDs/65/SearchValues/1345/PropertyTypeID/615,parse_exception:'list' object has no attribute 'text'
Whole Country,1353,https://amar.org.ir/salnameh-amari/agentType/ViewSearch/CustomFieldIDs/65/SearchValues/1353/PropertyTypeID/615,parse_exception:'list' object has no attribute 'text'
Whole Country,1347,https://amar.org.ir/salnameh-amari/agentType/ViewSearch/CustomFieldIDs/65/SearchValues/1347/PropertyTypeID/615,parse_exception:'list' object has no attribute 'text'
Whole Country,1357,https://amar.org.ir/salnameh-amari/agentType/ViewSearch/CustomFieldIDs/65/SearchValues/1357/PropertyTypeID/615,parse_exception:'list' object has no attribute 'text'
Whole Country,1358,https://amar.org.ir/salnameh-amari/agentType/ViewSearch/CustomFieldIDs/65/SearchValues/1358/PropertyTypeID/615,parse_exception:'list' object has no attribute 'text'
Whole Country,1351,https://amar.org.ir/salnameh-amari/agentType/ViewSearch/CustomFieldIDs/65/SearchValues/1351/PropertyTypeID/615,parse_exception:'list' object has no attribute 'text'
Whole Country,1360,https://amar.org.ir/salnameh-amari/agentType/ViewSearch/CustomFieldIDs/65/SearchValues/1360/PropertyTypeID/615,parse_exception:'list' object has no attribute 'text'
Whole Country,1359,https://amar.org.ir/salnameh-amari/agentType/ViewSearch/CustomFieldIDs/65/SearchValues/1359/PropertyTypeID/615,parse_exception:'list' object has no attribute 'text'
Whole Country,1370,https://amar.org.ir/salnameh-amari/agentType/ViewSearch/CustomFieldIDs/65/SearchValues/1370/PropertyTypeID/615,parse_exception:'list' object has no attribute 'text'
Whole Country,1372,https://amar.org.ir/salnameh-amari/agentType/ViewSearch/CustomFieldIDs/65/SearchValues/1372/PropertyTypeID/615,parse_exception:'list' object has no attribute 'text'
Whole Country,1363,https://amar.org.ir/salnameh-amari/agentType/ViewSearch/CustomFieldIDs/65/SearchValues/1363/PropertyTypeID/615,parse_exception:'list' object has no attribute 'text'
Whole Country,1373,https://amar.org.ir/salnameh-amari/agentType/ViewSearch/CustomFieldIDs/65/SearchValues/1373/PropertyTypeID/615,parse_exception:'list' object has no attribute 'text'
Whole Country,1375,https://amar.org.ir/salnameh-amari/agentType/ViewSearch/CustomFieldIDs/65/SearchValues/1375/PropertyTypeID/615,parse_exception:'list' object has no attribute 'text'
Whole Country,1365,https://amar.org.ir/salnameh-amari/agentType/ViewSearch/CustomFieldIDs/65/SearchValues/1365/PropertyTypeID/615,parse_exception:'list' object has no attribute 'text'
Whole Country,1376,https://amar.org.ir/salnameh-amari/agentType/ViewSearch/CustomFieldIDs/65/SearchValues/1376/PropertyTypeID/615,parse_exception:'list' object has no attribute 'text'
Whole Country,1371,https://amar.org.ir/salnameh-amari/agentType/ViewSearch/CustomFieldIDs/65/SearchValues/1371/PropertyTypeID/615,parse_exception:'list' object has no attribute 'text'
Whole Country,1378,https://amar.org.ir/salnameh-amari/agentType/ViewSearch/CustomFieldIDs/65/SearchValues/1378/PropertyTypeID/615,parse_exception:'list' object has no attribute 'text'
Whole Country,1381,https://amar.org.ir/salnameh-amari/agentType/ViewSearch/CustomFieldIDs/65/SearchValues/1381/PropertyTypeID/615,parse_exception:'list' object has no attribute 'text'
Whole Country,1377,https://amar.org.ir/salnameh-amari/agentType/ViewSearch/CustomFieldIDs/65/SearchValues/1377/PropertyTypeID/615,parse_exception:'list' object has no attribute 'text'
Whole Country,1374,https://amar.org.ir/salnameh-amari/agentType/ViewSearch/CustomFieldIDs/65/SearchValues/1374/PropertyTypeID/615,parse_exception:'list' object has no attribute 'text'
Whole Country,1379,https://amar.org.ir/salnameh-amari/agentType/ViewSearch/CustomFieldIDs/65/SearchValues/1379/PropertyTypeID/615,parse_exception:'list' object has no attribute 'text'
Whole Country,1380,https://amar.org.ir/salnameh-amari/agentType/ViewSearch/CustomFieldIDs/65/SearchValues/1380/PropertyTypeID/615,parse_exception:'list' object has no attribute 'text'
Whole Country,1386,https://amar.org.ir/salnameh-amari/agentType/ViewSearch/CustomFieldIDs/65/SearchValues/1386/PropertyTypeID/615,parse_exception:'list' object has no attribute 'text'
Whole Country,1367,https://amar.org.ir/salnameh-amari/agentType/ViewSearch/CustomFieldIDs/65/SearchValues/1367/PropertyTypeID/615,parse_exception:'list' object has no attribute 'text'
Whole Country,1383,https://amar.org.ir/salnameh-amari/agentType/ViewSearch/CustomFieldIDs/65/SearchValues/1383/PropertyTypeID/615,parse_exception:'list' object has no attribute 'text'
Whole Country,1389,https://amar.org.ir/salnameh-amari/agentType/ViewSearch/CustomFieldIDs/65/SearchValues/1389/PropertyTypeID/615,parse_exception:'list' object has no attribute 'text'
Whole Country,1361,https://amar.org.ir/salnameh-amari/agentType/ViewSearch/CustomFieldIDs/65/SearchValues/1361/PropertyTypeID/615,"error:HTTPSConnectionPool(host='amar.org.ir', port=443): Read timed out. (read timeout=15)"
Whole Country,1382,https://amar.org.ir/salnameh-amari/agentType/ViewSearch/CustomFieldIDs/65/SearchValues/1382/PropertyTypeID/615,parse_exception:'list' object has no attribute 'text'
Whole Country,1362,https://amar.org.ir/salnameh-amari/agentType/ViewSearch/CustomFieldIDs/65/SearchValues/1362/PropertyTypeID/615,"error:HTTPSConnectionPool(host='amar.org.ir', port=443): Read timed out. (read timeout=15)"
Whole Country,1364,https://amar.org.ir/salnameh-amari/agentType/ViewSearch/CustomFieldIDs/65/SearchValues/1364/PropertyTypeID/615,"error:HTTPSConnectionPool(host='amar.org.ir', port=443): Read timed out. (read timeout=15)"
Whole Country,1366,https://amar.org.ir/salnameh-amari/agentType/ViewSearch/CustomFieldIDs/65/SearchValues/1366/PropertyTypeID/615,"error:HTTPSConnectionPool(host='amar.org.ir', port=443): Read timed out. (read timeout=15)"
Whole Country,1368,https://amar.org.ir/salnameh-amari/agentType/ViewSearch/CustomFieldIDs/65/SearchValues/1368/PropertyTypeID/615,"error:HTTPSConnectionPool(host='amar.org.ir', port=443): Read timed out. (read timeout=15)"
Whole Country,1369,https://amar.org.ir/salnameh-amari/agentType/ViewSearch/CustomFieldIDs/65/SearchValues/1369/PropertyTypeID/615,"error:HTTPSConnectionPool(host='amar.org.ir', port=443): Read timed out. (read timeout=15)"
Whole Country,1394,https://amar.org.ir/salnameh-amari/agentType/ViewSearch/CustomFieldIDs/65/SearchValues/1394/PropertyTypeID/615,parse_exception:'list' object has no attribute 'text'
Whole Country,1398,https://amar.org.ir/salnameh-amari/agentType/ViewSearch/CustomFieldIDs/65/SearchValues/1398/PropertyTypeID/615,parse_exception:'list' object has no attribute 'text'
Whole Country,1392,https://amar.org.ir/salnameh-amari/agentType/ViewSearch/CustomFieldIDs/65/SearchValues/1392/PropertyTypeID/615,parse_exception:'list' object has no attribute 'text'
Whole Country,1391,https://amar.org.ir/salnameh-amari/agentType/ViewSearch/CustomFieldIDs/65/SearchValues/1391/PropertyTypeID/615,parse_exception:'list' object has no attribute 'text'
Whole Country,1401,https://amar.org.ir/salnameh-amari/agentType/ViewSearch/CustomFieldIDs/65/SearchValues/1401/PropertyTypeID/615,parse_exception:'list' object has no attribute 'text'
Whole Country,1397,https://amar.org.ir/salnameh-amari/agentType/ViewSearch/CustomFieldIDs/65/SearchValues/1397/PropertyTypeID/615,parse_exception:'list' object has no attribute 'text'
Whole Country,1390,https://amar.org.ir/salnameh-amari/agentType/ViewSearch/CustomFieldIDs/65/SearchValues/1390/PropertyTypeID/615,parse_exception:'list' object has no attribute 'text'
Whole Country,1393,https://amar.org.ir/salnameh-amari/agentType/ViewSearch/CustomFieldIDs/65/SearchValues/1393/PropertyTypeID/615,parse_exception:'list' object has no attribute 'text'
Isfahan,1347,https://amar.org.ir/salnameh-amari/agentType/ViewSearch/CustomFieldIDs/65/SearchValues/1347/PropertyTypeID/615,parse_exception:'list' object has no attribute 'text'
Isfahan,1348,https://amar.org.ir/salnameh-amari/agentType/ViewSearch/CustomFieldIDs/65/SearchValues/1348/PropertyTypeID/615,parse_exception:'list' object has no attribute 'text'
Whole Country,1384,https://amar.org.ir/salnameh-amari/agentType/ViewSearch/CustomFieldIDs/65/SearchValues/1384/PropertyTypeID/615,"error:HTTPSConnectionPool(host='amar.org.ir', port=443): Read timed out. (read timeout=15)"
Whole Country,1388,https://amar.org.ir/salnameh-amari/agentType/ViewSearch/CustomFieldIDs/65/SearchValues/1388/PropertyTypeID/615,parse_exception:'list' object has no attribute 'text'
Isfahan,1349,https://amar.org.ir/salnameh-amari/agentType/ViewSearch/CustomFieldIDs/65/SearchValues/1349/PropertyTypeID/615,parse_exception:'list' object has no attribute 'text'
Whole Country,1385,https://amar.org.ir/salnameh-amari/agentType/ViewSearch/CustomFieldIDs/65/SearchValues/1385/PropertyTypeID/615,"error:HTTPSConnectionPool(host='amar.org.ir', port=443): Read timed out. (read timeout=15)"
Whole Country,1396,https://amar.org.ir/salnameh-amari/agentType/ViewSearch/CustomFieldIDs/65/SearchValues/1396/PropertyTypeID/615,parse_exception:'list' object has no attribute 'text'
Isfahan,1354,https://amar.org.ir/salnameh-amari/agentType/ViewSearch/CustomFieldIDs/65/SearchValues/1354/PropertyTypeID/615,parse_exception:'list' object has no attribute 'text'
Whole Country,1387,https://amar.org.ir/salnameh-amari/agentType/ViewSearch/CustomFieldIDs/65/SearchValues/1387/PropertyTypeID/615,"error:HTTPSConnectionPool(host='amar.org.ir', port=443): Read timed out. (read timeout=15)"
Isfahan,1351,https://amar.org.ir/salnameh-amari/agentType/ViewSearch/CustomFieldIDs/65/SearchValues/1351/PropertyTypeID/615,parse_exception:'list' object has no attribute 'text'
Isfahan,1355,https://amar.org.ir/salnameh-amari/agentType/ViewSearch/CustomFieldIDs/65/SearchValues/1355/PropertyTypeID/615,parse_exception:'list' object has no attribute 'text'
Isfahan,1352,https://amar.org.ir/salnameh-amari/agentType/ViewSearch/CustomFieldIDs/65/SearchValues/1352/PropertyTypeID/615,parse_exception:'list' object has no attribute 'text'
Whole Country,1395,https://amar.org.ir/salnameh-amari/agentType/ViewSearch/CustomFieldIDs/65/SearchValues/1395/PropertyTypeID/615,"error:HTTPSConnectionPool(host='amar.org.ir', port=443): Read timed out. (read timeout=15)"
Isfahan,1359,https://amar.org.ir/salnameh-amari/agentType/ViewSearch/CustomFieldIDs/65/SearchValues/1359/PropertyTypeID/615,parse_exception:'list' object has no attribute 'text'
Isfahan,1358,https://amar.org.ir/salnameh-amari/agentType/ViewSearch/CustomFieldIDs/65/SearchValues/1358/PropertyTypeID/615,parse_exception:'list' object has no attribute 'text'
Isfahan,1360,https://amar.org.ir/salnameh-amari/agentType/ViewSearch/CustomFieldIDs/65/SearchValues/1360/PropertyTypeID/615,parse_exception:'list' object has no attribute 'text'
Whole Country,1399,https://amar.org.ir/salnameh-amari/agentType/ViewSearch/CustomFieldIDs/65/SearchValues/1399/PropertyTypeID/615,"error:HTTPSConnectionPool(host='amar.org.ir', port=443): Read timed out. (read timeout=15)"
Whole Country,1400,https://amar.org.ir/salnameh-amari/agentType/ViewSearch/CustomFieldIDs/65/SearchValues/1400/PropertyTypeID/615,"error:HTTPSConnectionPool(host='amar.org.ir', port=443): Read timed out. (read timeout=15)"
Isfahan,1362,https://amar.org.ir/salnameh-amari/agentType/ViewSearch/CustomFieldIDs/65/SearchValues/1362/PropertyTypeID/615,parse_exception:'list' object has no attribute 'text'
Whole Country,1402,https://amar.org.ir/salnameh-amari/agentType/ViewSearch/CustomFieldIDs/65/SearchValues/1402/PropertyTypeID/615,"error:HTTPSConnectionPool(host='amar.org.ir', port=443): Read timed out. (read timeout=15)"
Isfahan,1357,https://amar.org.ir/salnameh-amari/agentType/ViewSearch/CustomFieldIDs/65/SearchValues/1357/PropertyTypeID/615,parse_exception:'list' object has no attribute 'text'
Isfahan,1345,https://amar.org.ir/salnameh-amari/agentType/ViewSearch/CustomFieldIDs/65/SearchValues/1345/PropertyTypeID/615,"error:HTTPSConnectionPool(host='amar.org.ir', port=443): Read timed out. (read timeout=15)"
Isfahan,1365,https://amar.org.ir/salnameh-amari/agentType/ViewSearch/CustomFieldIDs/65/SearchValues/1365/PropertyTypeID/615,parse_exception:'list' object has no attribute 'text'
Isfahan,1346,https://amar.org.ir/salnameh-amari/agentType/ViewSearch/CustomFieldIDs/65/SearchValues/1346/PropertyTypeID/615,"error:HTTPSConnectionPool(host='amar.org.ir', port=443): Read timed out. (read timeout=15)"
Isfahan,1368,https://amar.org.ir/salnameh-amari/agentType/ViewSearch/CustomFieldIDs/65/SearchValues/1368/PropertyTypeID/615,parse_exception:'list' object has no attribute 'text'
Isfahan,1369,https://amar.org.ir/salnameh-amari/agentType/ViewSearch/CustomFieldIDs/65/SearchValues/1369/PropertyTypeID/615,parse_exception:'list' object has no attribute 'text'
Isfahan,1373,https://amar.org.ir/salnameh-amari/agentType/ViewSearch/CustomFieldIDs/65/SearchValues/1373/PropertyTypeID/615,parse_exception:'list' object has no attribute 'text'
Isfahan,1353,https://amar.org.ir/salnameh-amari/agentType/ViewSearch/CustomFieldIDs/65/SearchValues/1353/PropertyTypeID/615,parse_exception:'list' object has no attribute 'text'
Isfahan,1350,https://amar.org.ir/salnameh-amari/agentType/ViewSearch/CustomFieldIDs/65/SearchValues/1350/PropertyTypeID/615,"error:HTTPSConnectionPool(host='amar.org.ir', port=443): Read timed out. (read timeout=15)"
Isfahan,1375,https://amar.org.ir/salnameh-amari/agentType/ViewSearch/CustomFieldIDs/65/SearchValues/1375/PropertyTypeID/615,parse_exception:'list' object has no attribute 'text'
Isfahan,1356,https://amar.org.ir/salnameh-amari/agentType/ViewSearch/CustomFieldIDs/65/SearchValues/1356/PropertyTypeID/615,"error:HTTPSConnectionPool(host='amar.org.ir', port=443): Read timed out. (read timeout=15)"
Isfahan,1377,https://amar.org.ir/salnameh-amari/agentType/ViewSearch/CustomFieldIDs/65/SearchValues/1377/PropertyTypeID/615,parse_exception:'list' object has no attribute 'text'
Isfahan,1379,https://amar.org.ir/salnameh-amari/agentType/ViewSearch/CustomFieldIDs/65/SearchValues/1379/PropertyTypeID/615,parse_exception:'list' object has no attribute 'text'
Isfahan,1380,https://amar.org.ir/salnameh-amari/agentType/ViewSearch/CustomFieldIDs/65/SearchValues/1380/PropertyTypeID/615,parse_exception:'list' object has no attribute 'text'
Isfahan,1374,https://amar.org.ir/salnameh-amari/agentType/ViewSearch/CustomFieldIDs/65/SearchValues/1374/PropertyTypeID/615,parse_exception:'list' object has no attribute 'text'
Isfahan,1361,https://amar.org.ir/salnameh-amari/agentType/ViewSearch/CustomFieldIDs/65/SearchValues/1361/PropertyTypeID/615,"error:HTTPSConnectionPool(host='amar.org.ir', port=443): Read timed out. (read timeout=15)"
Isfahan,1376,https://amar.org.ir/salnameh-amari/agentType/ViewSearch/CustomFieldIDs/65/SearchValues/1376/PropertyTypeID/615,parse_exception:'list' object has no attribute 'text'
Isfahan,1363,https://amar.org.ir/salnameh-amari/agentType/ViewSearch/CustomFieldIDs/65/SearchValues/1363/PropertyTypeID/615,"error:HTTPSConnectionPool(host='amar.org.ir', port=443): Read timed out. (read timeout=15)"
Isfahan,1382,https://amar.org.ir/salnameh-amari/agentType/ViewSearch/CustomFieldIDs/65/SearchValues/1382/PropertyTypeID/615,parse_exception:'list' object has no attribute 'text'
Isfahan,1364,https://amar.org.ir/salnameh-amari/agentType/ViewSearch/CustomFieldIDs/65/SearchValues/1364/PropertyTypeID/615,"error:HTTPSConnectionPool(host='amar.org.ir', port=443): Read timed out. (read timeout=15)"
Isfahan,1383,https://amar.org.ir/salnameh-amari/agentType/ViewSearch/CustomFieldIDs/65/SearchValues/1383/PropertyTypeID/615,parse_exception:'list' object has no attribute 'text'
Isfahan,1385,https://amar.org.ir/salnameh-amari/agentType/ViewSearch/CustomFieldIDs/65/SearchValues/1385/PropertyTypeID/615,parse_exception:'list' object has no attribute 'text'
Isfahan,1366,https://amar.org.ir/salnameh-amari/agentType/ViewSearch/CustomFieldIDs/65/SearchValues/1366/PropertyTypeID/615,"error:HTTPSConnectionPool(host='amar.org.ir', port=443): Read timed out. (read timeout=15)"
Isfahan,1367,https://amar.org.ir/salnameh-amari/agentType/ViewSearch/CustomFieldIDs/65/SearchValues/1367/PropertyTypeID/615,"error:HTTPSConnectionPool(host='amar.org.ir', port=443): Read timed out. (read timeout=15)"
Isfahan,1387,https://amar.org.ir/salnameh-amari/agentType/ViewSearch/CustomFieldIDs/65/SearchValues/1387/PropertyTypeID/615,parse_exception:'list' object has no attribute 'text'
Isfahan,1372,https://amar.org.ir/salnameh-amari/agentType/ViewSearch/CustomFieldIDs/65/SearchValues/1372/PropertyTypeID/615,parse_exception:'list' object has no attribute 'text'
Isfahan,1370,https://amar.org.ir/salnameh-amari/agentType/ViewSearch/CustomFieldIDs/65/SearchValues/1370/PropertyTypeID/615,"error:HTTPSConnectionPool(host='amar.org.ir', port=443): Read timed out. (read timeout=15)"
Isfahan,1393,https://amar.org.ir/salnameh-amari/agentType/ViewSearch/CustomFieldIDs/65/SearchValues/1393/PropertyTypeID/615,parse_exception:'list' object has no attribute 'text'
Isfahan,1371,https://amar.org.ir/salnameh-amari/agentType/ViewSearch/CustomFieldIDs/65/SearchValues/1371/PropertyTypeID/615,"error:HTTPSConnectionPool(host='amar.org.ir', port=443): Read timed out. (read timeout=15)"
Isfahan,1384,https://amar.org.ir/salnameh-amari/agentType/ViewSearch/CustomFieldIDs/65/SearchValues/1384/PropertyTypeID/615,parse_exception:'list' object has no attribute 'text'
Isfahan,1395,https://amar.org.ir/salnameh-amari/agentType/ViewSearch/CustomFieldIDs/65/SearchValues/1395/PropertyTypeID/615,parse_exception:'list' object has no attribute 'text'
Isfahan,1398,https://amar.org.ir/salnameh-amari/agentType/ViewSearch/CustomFieldIDs/65/SearchValues/1398/PropertyTypeID/615,parse_exception:'list' object has no attribute 'text'
Isfahan,1396,https://amar.org.ir/salnameh-amari/agentType/ViewSearch/CustomFieldIDs/65/SearchValues/1396/PropertyTypeID/615,parse_exception:'list' object has no attribute 'text'
Isfahan,1394,https://amar.org.ir/salnameh-amari/agentType/ViewSearch/CustomFieldIDs/65/SearchValues/1394/PropertyTypeID/615,parse_exception:'list' object has no attribute 'text'
Isfahan,1399,https://amar.org.ir/salnameh-amari/agentType/ViewSearch/CustomFieldIDs/65/SearchValues/1399/PropertyTypeID/615,parse_exception:'list' object has no attribute 'text'
Isfahan,1378,https://amar.org.ir/salnameh-amari/agentType/ViewSearch/CustomFieldIDs/65/SearchValues/1378/PropertyTypeID/615,"error:HTTPSConnectionPool(host='amar.org.ir', port=443): Read timed out. (read timeout=15)"
Tehran,1345,https://amar.org.ir/salnameh-amari/agentType/ViewSearch/CustomFieldIDs/65/SearchValues/1345/PropertyTypeID/615,parse_exception:'list' object has no attribute 'text'
Isfahan,1381,https://amar.org.ir/salnameh-amari/agentType/ViewSearch/CustomFieldIDs/65/SearchValues/1381/PropertyTypeID/615,"error:HTTPSConnectionPool(host='amar.org.ir', port=443): Read timed out. (read timeout=15)"
Isfahan,1401,https://amar.org.ir/salnameh-amari/agentType/ViewSearch/CustomFieldIDs/65/SearchValues/1401/PropertyTypeID/615,parse_exception:'list' object has no attribute 'text'
Tehran,1348,https://amar.org.ir/salnameh-amari/agentType/ViewSearch/CustomFieldIDs/65/SearchValues/1348/PropertyTypeID/615,parse_exception:'list' object has no attribute 'text'
Isfahan,1386,https://amar.org.ir/salnameh-amari/agentType/ViewSearch/CustomFieldIDs/65/SearchValues/1386/PropertyTypeID/615,"error:HTTPSConnectionPool(host='amar.org.ir', port=443): Read timed out. (read timeout=15)"
Isfahan,1402,https://amar.org.ir/salnameh-amari/agentType/ViewSearch/CustomFieldIDs/65/SearchValues/1402/PropertyTypeID/615,parse_exception:'list' object has no attribute 'text'
Isfahan,1388,https://amar.org.ir/salnameh-amari/agentType/ViewSearch/CustomFieldIDs/65/SearchValues/1388/PropertyTypeID/615,"error:HTTPSConnectionPool(host='amar.org.ir', port=443): Read timed out. (read timeout=15)"
Isfahan,1389,https://amar.org.ir/salnameh-amari/agentType/ViewSearch/CustomFieldIDs/65/SearchValues/1389/PropertyTypeID/615,"error:HTTPSConnectionPool(host='amar.org.ir', port=443): Read timed out. (read timeout=15)"
Isfahan,1390,https://amar.org.ir/salnameh-amari/agentType/ViewSearch/CustomFieldIDs/65/SearchValues/1390/PropertyTypeID/615,"error:HTTPSConnectionPool(host='amar.org.ir', port=443): Read timed out. (read timeout=15)"
Isfahan,1391,https://amar.org.ir/salnameh-amari/agentType/ViewSearch/CustomFieldIDs/65/SearchValues/1391/PropertyTypeID/615,"error:HTTPSConnectionPool(host='amar.org.ir', port=443): Read timed out. (read timeout=15)"
Isfahan,1392,https://amar.org.ir/salnameh-amari/agentType/ViewSearch/CustomFieldIDs/65/SearchValues/1392/PropertyTypeID/615,"error:HTTPSConnectionPool(host='amar.org.ir', port=443): Read timed out. (read timeout=15)"
Tehran,1355,https://amar.org.ir/salnameh-amari/agentType/ViewSearch/CustomFieldIDs/65/SearchValues/1355/PropertyTypeID/615,parse_exception:'list' object has no attribute 'text'
Tehran,1352,https://amar.org.ir/salnameh-amari/agentType/ViewSearch/CustomFieldIDs/65/SearchValues/1352/PropertyTypeID/615,parse_exception:'list' object has no attribute 'text'
Tehran,1358,https://amar.org.ir/salnameh-amari/agentType/ViewSearch/CustomFieldIDs/65/SearchValues/1358/PropertyTypeID/615,parse_exception:'list' object has no attribute 'text'
Isfahan,1397,https://amar.org.ir/salnameh-amari/agentType/ViewSearch/CustomFieldIDs/65/SearchValues/1397/PropertyTypeID/615,"error:HTTPSConnectionPool(host='amar.org.ir', port=443): Read timed out. (read timeout=15)"
Tehran,1356,https://amar.org.ir/salnameh-amari/agentType/ViewSearch/CustomFieldIDs/65/SearchValues/1356/PropertyTypeID/615,parse_exception:'list' object has no attribute 'text'
Tehran,1349,https://amar.org.ir/salnameh-amari/agentType/ViewSearch/CustomFieldIDs/65/SearchValues/1349/PropertyTypeID/615,parse_exception:'list' object has no attribute 'text'
Tehran,1362,https://amar.org.ir/salnameh-amari/agentType/ViewSearch/CustomFieldIDs/65/SearchValues/1362/PropertyTypeID/615,parse_exception:'list' object has no attribute 'text'
Isfahan,1400,https://amar.org.ir/salnameh-amari/agentType/ViewSearch/CustomFieldIDs/65/SearchValues/1400/PropertyTypeID/615,"error:HTTPSConnectionPool(host='amar.org.ir', port=443): Read timed out. (read timeout=15)"
Tehran,1354,https://amar.org.ir/salnameh-amari/agentType/ViewSearch/CustomFieldIDs/65/SearchValues/1354/PropertyTypeID/615,parse_exception:'list' object has no attribute 'text'
Tehran,1365,https://amar.org.ir/salnameh-amari/agentType/ViewSearch/CustomFieldIDs/65/SearchValues/1365/PropertyTypeID/615,parse_exception:'list' object has no attribute 'text'
Tehran,1364,https://amar.org.ir/salnameh-amari/agentType/ViewSearch/CustomFieldIDs/65/SearchValues/1364/PropertyTypeID/615,parse_exception:'list' object has no attribute 'text'
Tehran,1351,https://amar.org.ir/salnameh-amari/agentType/ViewSearch/CustomFieldIDs/65/SearchValues/1351/PropertyTypeID/615,parse_exception:'list' object has no attribute 'text'
Tehran,1363,https://amar.org.ir/salnameh-amari/agentType/ViewSearch/CustomFieldIDs/65/SearchValues/1363/PropertyTypeID/615,parse_exception:'list' object has no attribute 'text'
Tehran,1346,https://amar.org.ir/salnameh-amari/agentType/ViewSearch/CustomFieldIDs/65/SearchValues/1346/PropertyTypeID/615,"error:HTTPSConnectionPool(host='amar.org.ir', port=443): Read timed out. (read timeout=15)"
Tehran,1361,https://amar.org.ir/salnameh-amari/agentType/ViewSearch/CustomFieldIDs/65/SearchValues/1361/PropertyTypeID/615,parse_exception:'list' object has no attribute 'text'
Tehran,1347,https://amar.org.ir/salnameh-amari/agentType/ViewSearch/CustomFieldIDs/65/SearchValues/1347/PropertyTypeID/615,"error:HTTPSConnectionPool(host='amar.org.ir', port=443): Read timed out. (read timeout=15)"
Tehran,1359,https://amar.org.ir/salnameh-amari/agentType/ViewSearch/CustomFieldIDs/65/SearchValues/1359/PropertyTypeID/615,parse_exception:'list' object has no attribute 'text'
Tehran,1371,https://amar.org.ir/salnameh-amari/agentType/ViewSearch/CustomFieldIDs/65/SearchValues/1371/PropertyTypeID/615,parse_exception:'list' object has no attribute 'text'
Tehran,1368,https://amar.org.ir/salnameh-amari/agentType/ViewSearch/CustomFieldIDs/65/SearchValues/1368/PropertyTypeID/615,parse_exception:'list' object has no attribute 'text'
Tehran,1350,https://amar.org.ir/salnameh-amari/agentType/ViewSearch/CustomFieldIDs/65/SearchValues/1350/PropertyTypeID/615,"error:HTTPSConnectionPool(host='amar.org.ir', port=443): Read timed out. (read timeout=15)"
Tehran,1367,https://amar.org.ir/salnameh-amari/agentType/ViewSearch/CustomFieldIDs/65/SearchValues/1367/PropertyTypeID/615,parse_exception:'list' object has no attribute 'text'
Tehran,1375,https://amar.org.ir/salnameh-amari/agentType/ViewSearch/CustomFieldIDs/65/SearchValues/1375/PropertyTypeID/615,parse_exception:'list' object has no attribute 'text'
Tehran,1353,https://amar.org.ir/salnameh-amari/agentType/ViewSearch/CustomFieldIDs/65/SearchValues/1353/PropertyTypeID/615,"error:HTTPSConnectionPool(host='amar.org.ir', port=443): Read timed out. (read timeout=15)"
Tehran,1377,https://amar.org.ir/salnameh-amari/agentType/ViewSearch/CustomFieldIDs/65/SearchValues/1377/PropertyTypeID/615,parse_exception:'list' object has no attribute 'text'
Tehran,1376,https://amar.org.ir/salnameh-amari/agentType/ViewSearch/CustomFieldIDs/65/SearchValues/1376/PropertyTypeID/615,parse_exception:'list' object has no attribute 'text'
Tehran,1381,https://amar.org.ir/salnameh-amari/agentType/ViewSearch/CustomFieldIDs/65/SearchValues/1381/PropertyTypeID/615,parse_exception:'list' object has no attribute 'text'
Tehran,1357,https://amar.org.ir/salnameh-amari/agentType/ViewSearch/CustomFieldIDs/65/SearchValues/1357/PropertyTypeID/615,"error:HTTPSConnectionPool(host='amar.org.ir', port=443): Read timed out. (read timeout=15)"
Tehran,1372,https://amar.org.ir/salnameh-amari/agentType/ViewSearch/CustomFieldIDs/65/SearchValues/1372/PropertyTypeID/615,parse_exception:'list' object has no attribute 'text'
Tehran,1360,https://amar.org.ir/salnameh-amari/agentType/ViewSearch/CustomFieldIDs/65/SearchValues/1360/PropertyTypeID/615,"error:HTTPSConnectionPool(host='amar.org.ir', port=443): Read timed out. (read timeout=15)"
Tehran,1380,https://amar.org.ir/salnameh-amari/agentType/ViewSearch/CustomFieldIDs/65/SearchValues/1380/PropertyTypeID/615,parse_exception:'list' object has no attribute 'text'
Tehran,1378,https://amar.org.ir/salnameh-amari/agentType/ViewSearch/CustomFieldIDs/65/SearchValues/1378/PropertyTypeID/615,parse_exception:'list' object has no attribute 'text'
Tehran,1385,https://amar.org.ir/salnameh-amari/agentType/ViewSearch/CustomFieldIDs/65/SearchValues/1385/PropertyTypeID/615,parse_exception:'list' object has no attribute 'text'
Tehran,1382,https://amar.org.ir/salnameh-amari/agentType/ViewSearch/CustomFieldIDs/65/SearchValues/1382/PropertyTypeID/615,parse_exception:'list' object has no attribute 'text'
Tehran,1366,https://amar.org.ir/salnameh-amari/agentType/ViewSearch/CustomFieldIDs/65/SearchValues/1366/PropertyTypeID/615,"error:HTTPSConnectionPool(host='amar.org.ir', port=443): Read timed out. (read timeout=15)"
Tehran,1390,https://amar.org.ir/salnameh-amari/agentType/ViewSearch/CustomFieldIDs/65/SearchValues/1390/PropertyTypeID/615,parse_exception:'list' object has no attribute 'text'
Tehran,1369,https://amar.org.ir/salnameh-amari/agentType/ViewSearch/CustomFieldIDs/65/SearchValues/1369/PropertyTypeID/615,"error:HTTPSConnectionPool(host='amar.org.ir', port=443): Read timed out. (read timeout=15)"
Tehran,1370,https://amar.org.ir/salnameh-amari/agentType/ViewSearch/CustomFieldIDs/65/SearchValues/1370/PropertyTypeID/615,"error:HTTPSConnectionPool(host='amar.org.ir', port=443): Read timed out. (read timeout=15)"
Tehran,1393,https://amar.org.ir/salnameh-amari/agentType/ViewSearch/CustomFieldIDs/65/SearchValues/1393/PropertyTypeID/615,parse_exception:'list' object has no attribute 'text'
Tehran,1373,https://amar.org.ir/salnameh-amari/agentType/ViewSearch/CustomFieldIDs/65/SearchValues/1373/PropertyTypeID/615,"error:HTTPSConnectionPool(host='amar.org.ir', port=443): Read timed out. (read timeout=15)"
Tehran,1386,https://amar.org.ir/salnameh-amari/agentType/ViewSearch/CustomFieldIDs/65/SearchValues/1386/PropertyTypeID/615,parse_exception:'list' object has no attribute 'text'
Tehran,1374,https://amar.org.ir/salnameh-amari/agentType/ViewSearch/CustomFieldIDs/65/SearchValues/1374/PropertyTypeID/615,"error:HTTPSConnectionPool(host='amar.org.ir', port=443): Read timed out. (read timeout=15)"
Tehran,1397,https://amar.org.ir/salnameh-amari/agentType/ViewSearch/CustomFieldIDs/65/SearchValues/1397/PropertyTypeID/615,parse_exception:'list' object has no attribute 'text'
Tehran,1383,https://amar.org.ir/salnameh-amari/agentType/ViewSearch/CustomFieldIDs/65/SearchValues/1383/PropertyTypeID/615,parse_exception:'list' object has no attribute 'text'
Tehran,1399,https://amar.org.ir/salnameh-amari/agentType/ViewSearch/CustomFieldIDs/65/SearchValues/1399/PropertyTypeID/615,parse_exception:'list' object has no attribute 'text'
Tehran,1379,https://amar.org.ir/salnameh-amari/agentType/ViewSearch/CustomFieldIDs/65/SearchValues/1379/PropertyTypeID/615,"error:HTTPSConnectionPool(host='amar.org.ir', port=443): Read timed out. (read timeout=15)"
Tehran,1401,https://amar.org.ir/salnameh-amari/agentType/ViewSearch/CustomFieldIDs/65/SearchValues/1401/PropertyTypeID/615,parse_exception:'list' object has no attribute 'text'
Tehran,1402,https://amar.org.ir/salnameh-amari/agentType/ViewSearch/CustomFieldIDs/65/SearchValues/1402/PropertyTypeID/615,parse_exception:'list' object has no attribute 'text'
Tehran,1395,https://amar.org.ir/salnameh-amari/agentType/ViewSearch/CustomFieldIDs/65/SearchValues/1395/PropertyTypeID/615,parse_exception:'list' object has no attribute 'text'
North Khorasan,1346,https://amar.org.ir/salnameh-amari/agentType/ViewSearch/CustomFieldIDs/65/SearchValues/1346/PropertyTypeID/615,parse_exception:'list' object has no attribute 'text'
Tehran,1384,https://amar.org.ir/salnameh-amari/agentType/ViewSearch/CustomFieldIDs/65/SearchValues/1384/PropertyTypeID/615,"error:HTTPSConnectionPool(host='amar.org.ir', port=443): Read timed out. (read timeout=15)"
North Khorasan,1345,https://amar.org.ir/salnameh-amari/agentType/ViewSearch/CustomFieldIDs/65/SearchValues/1345/PropertyTypeID/615,parse_exception:'list' object has no attribute 'text'
North Khorasan,1347,https://amar.org.ir/salnameh-amari/agentType/ViewSearch/CustomFieldIDs/65/SearchValues/1347/PropertyTypeID/615,parse_exception:'list' object has no attribute 'text'
Tehran,1398,https://amar.org.ir/salnameh-amari/agentType/ViewSearch/CustomFieldIDs/65/SearchValues/1398/PropertyTypeID/615,parse_exception:'list' object has no attribute 'text'
Tehran,1387,https://amar.org.ir/salnameh-amari/agentType/ViewSearch/CustomFieldIDs/65/SearchValues/1387/PropertyTypeID/615,"error:HTTPSConnectionPool(host='amar.org.ir', port=443): Read timed out. (read timeout=15)"
Tehran,1388,https://amar.org.ir/salnameh-amari/agentType/ViewSearch/CustomFieldIDs/65/SearchValues/1388/PropertyTypeID/615,"error:HTTPSConnectionPool(host='amar.org.ir', port=443): Read timed out. (read timeout=15)"
Tehran,1396,https://amar.org.ir/salnameh-amari/agentType/ViewSearch/CustomFieldIDs/65/SearchValues/1396/PropertyTypeID/615,parse_exception:'list' object has no attribute 'text'
Tehran,1389,https://amar.org.ir/salnameh-amari/agentType/ViewSearch/CustomFieldIDs/65/SearchValues/1389/PropertyTypeID/615,"error:HTTPSConnectionPool(host='amar.org.ir', port=443): Read timed out. (read timeout=15)"
Tehran,1391,https://amar.org.ir/salnameh-amari/agentType/ViewSearch/CustomFieldIDs/65/SearchValues/1391/PropertyTypeID/615,"error:HTTPSConnectionPool(host='amar.org.ir', port=443): Read timed out. (read timeout=15)"
Tehran,1392,https://amar.org.ir/salnameh-amari/agentType/ViewSearch/CustomFieldIDs/65/SearchValues/1392/PropertyTypeID/615,"error:HTTPSConnectionPool(host='amar.org.ir', port=443): Read timed out. (read timeout=15)"
North Khorasan,1348,https://amar.org.ir/salnameh-amari/agentType/ViewSearch/CustomFieldIDs/65/SearchValues/1348/PropertyTypeID/615,parse_exception:'list' object has no attribute 'text'
North Khorasan,1355,https://amar.org.ir/salnameh-amari/agentType/ViewSearch/CustomFieldIDs/65/SearchValues/1355/PropertyTypeID/615,parse_exception:'list' object has no attribute 'text'
Tehran,1394,https://amar.org.ir/salnameh-amari/agentType/ViewSearch/CustomFieldIDs/65/SearchValues/1394/PropertyTypeID/615,"error:HTTPSConnectionPool(host='amar.org.ir', port=443): Read timed out. (read timeout=15)"
North Khorasan,1360,https://amar.org.ir/salnameh-amari/agentType/ViewSearch/CustomFieldIDs/65/SearchValues/1360/PropertyTypeID/615,parse_exception:'list' object has no attribute 'text'
North Khorasan,1358,https://amar.org.ir/salnameh-amari/agentType/ViewSearch/CustomFieldIDs/65/SearchValues/1358/PropertyTypeID/615,parse_exception:'list' object has no attribute 'text'
Tehran,1400,https://amar.org.ir/salnameh-amari/agentType/ViewSearch/CustomFieldIDs/65/SearchValues/1400/PropertyTypeID/615,"error:HTTPSConnectionPool(host='amar.org.ir', port=443): Read timed out. (read timeout=15)"
North Khorasan,1363,https://amar.org.ir/salnameh-amari/agentType/ViewSearch/CustomFieldIDs/65/SearchValues/1363/PropertyTypeID/615,parse_exception:'list' object has no attribute 'text'
North Khorasan,1364,https://amar.org.ir/salnameh-amari/agentType/ViewSearch/CustomFieldIDs/65/SearchValues/1364/PropertyTypeID/615,parse_exception:'list' object has no attribute 'text'
North Khorasan,1365,https://amar.org.ir/salnameh-amari/agentType/ViewSearch/CustomFieldIDs/65/SearchValues/1365/PropertyTypeID/615,parse_exception:'list' object has no attribute 'text'
North Khorasan,1362,https://amar.org.ir/salnameh-amari/agentType/ViewSearch/CustomFieldIDs/65/SearchValues/1362/PropertyTypeID/615,parse_exception:'list' object has no attribute 'text'
North Khorasan,1367,https://amar.org.ir/salnameh-amari/agentType/ViewSearch/CustomFieldIDs/65/SearchValues/1367/PropertyTypeID/615,parse_exception:'list' object has no attribute 'text'
North Khorasan,1368,https://amar.org.ir/salnameh-amari/agentType/ViewSearch/CustomFieldIDs/65/SearchValues/1368/PropertyTypeID/615,parse_exception:'list' object has no attribute 'text'
North Khorasan,1370,https://amar.org.ir/salnameh-amari/agentType/ViewSearch/CustomFieldIDs/65/SearchValues/1370/PropertyTypeID/615,parse_exception:'list' object has no attribute 'text'
North Khorasan,1349,https://amar.org.ir/salnameh-amari/agentType/ViewSearch/CustomFieldIDs/65/SearchValues/1349/PropertyTypeID/615,"error:HTTPSConnectionPool(host='amar.org.ir', port=443): Read timed out. (read timeout=15)"
North Khorasan,1371,https://amar.org.ir/salnameh-amari/agentType/ViewSearch/CustomFieldIDs/65/SearchValues/1371/PropertyTypeID/615,parse_exception:'list' object has no attribute 'text'
North Khorasan,1350,https://amar.org.ir/salnameh-amari/agentType/ViewSearch/CustomFieldIDs/65/SearchValues/1350/PropertyTypeID/615,"error:HTTPSConnectionPool(host='amar.org.ir', port=443): Read timed out. (read timeout=15)"
North Khorasan,1351,https://amar.org.ir/salnameh-amari/agentType/ViewSearch/CustomFieldIDs/65/SearchValues/1351/PropertyTypeID/615,"error:HTTPSConnectionPool(host='amar.org.ir', port=443): Read timed out. (read timeout=15)"
North Khorasan,1375,https://amar.org.ir/salnameh-amari/agentType/ViewSearch/CustomFieldIDs/65/SearchValues/1375/PropertyTypeID/615,parse_exception:'list' object has no attribute 'text'
North Khorasan,1352,https://amar.org.ir/salnameh-amari/agentType/ViewSearch/CustomFieldIDs/65/SearchValues/1352/PropertyTypeID/615,"error:HTTPSConnectionPool(host='amar.org.ir', port=443): Read timed out. (read timeout=15)"
North Khorasan,1353,https://amar.org.ir/salnameh-amari/agentType/ViewSearch/CustomFieldIDs/65/SearchValues/1353/PropertyTypeID/615,"error:HTTPSConnectionPool(host='amar.org.ir', port=443): Read timed out. (read timeout=15)"
North Khorasan,1372,https://amar.org.ir/salnameh-amari/agentType/ViewSearch/CustomFieldIDs/65/SearchValues/1372/PropertyTypeID/615,parse_exception:'list' object has no attribute 'text'
North Khorasan,1354,https://amar.org.ir/salnameh-amari/agentType/ViewSearch/CustomFieldIDs/65/SearchValues/1354/PropertyTypeID/615,"error:HTTPSConnectionPool(host='amar.org.ir', port=443): Read timed out. (read timeout=15)"
North Khorasan,1378,https://amar.org.ir/salnameh-amari/agentType/ViewSearch/CustomFieldIDs/65/SearchValues/1378/PropertyTypeID/615,parse_exception:'list' object has no attribute 'text'
North Khorasan,1356,https://amar.org.ir/salnameh-amari/agentType/ViewSearch/CustomFieldIDs/65/SearchValues/1356/PropertyTypeID/615,"error:HTTPSConnectionPool(host='amar.org.ir', port=443): Read timed out. (read timeout=15)"
North Khorasan,1357,https://amar.org.ir/salnameh-amari/agentType/ViewSearch/CustomFieldIDs/65/SearchValues/1357/PropertyTypeID/615,"error:HTTPSConnectionPool(host='amar.org.ir', port=443): Read timed out. (read timeout=15)"
North Khorasan,1381,https://amar.org.ir/salnameh-amari/agentType/ViewSearch/CustomFieldIDs/65/SearchValues/1381/PropertyTypeID/615,parse_exception:'list' object has no attribute 'text'
North Khorasan,1379,https://amar.org.ir/salnameh-amari/agentType/ViewSearch/CustomFieldIDs/65/SearchValues/1379/PropertyTypeID/615,parse_exception:'list' object has no attribute 'text'
North Khorasan,1380,https://amar.org.ir/salnameh-amari/agentType/ViewSearch/CustomFieldIDs/65/SearchValues/1380/PropertyTypeID/615,parse_exception:'list' object has no attribute 'text'
North Khorasan,1359,https://amar.org.ir/salnameh-amari/agentType/ViewSearch/CustomFieldIDs/65/SearchValues/1359/PropertyTypeID/615,"error:HTTPSConnectionPool(host='amar.org.ir', port=443): Read timed out. (read timeout=15)"
North Khorasan,1383,https://amar.org.ir/salnameh-amari/agentType/ViewSearch/CustomFieldIDs/65/SearchValues/1383/PropertyTypeID/615,parse_exception:'list' object has no attribute 'text'
North Khorasan,1361,https://amar.org.ir/salnameh-amari/agentType/ViewSearch/CustomFieldIDs/65/SearchValues/1361/PropertyTypeID/615,"error:HTTPSConnectionPool(host='amar.org.ir', port=443): Read timed out. (read timeout=15)"
North Khorasan,1385,https://amar.org.ir/salnameh-amari/agentType/ViewSearch/CustomFieldIDs/65/SearchValues/1385/PropertyTypeID/615,parse_exception:'list' object has no attribute 'text'
North Khorasan,1374,https://amar.org.ir/salnameh-amari/agentType/ViewSearch/CustomFieldIDs/65/SearchValues/1374/PropertyTypeID/615,parse_exception:'list' object has no attribute 'text'
North Khorasan,1384,https://amar.org.ir/salnameh-amari/agentType/ViewSearch/CustomFieldIDs/65/SearchValues/1384/PropertyTypeID/615,parse_exception:'list' object has no attribute 'text'
North Khorasan,1366,https://amar.org.ir/salnameh-amari/agentType/ViewSearch/CustomFieldIDs/65/SearchValues/1366/PropertyTypeID/615,"error:HTTPSConnectionPool(host='amar.org.ir', port=443): Read timed out. (read timeout=15)"
North Khorasan,1390,https://amar.org.ir/salnameh-amari/agentType/ViewSearch/CustomFieldIDs/65/SearchValues/1390/PropertyTypeID/615,parse_exception:'list' object has no attribute 'text'
North Khorasan,1387,https://amar.org.ir/salnameh-amari/agentType/ViewSearch/CustomFieldIDs/65/SearchValues/1387/PropertyTypeID/615,parse_exception:'list' object has no attribute 'text'
North Khorasan,1369,https://amar.org.ir/salnameh-amari/agentType/ViewSearch/CustomFieldIDs/65/SearchValues/1369/PropertyTypeID/615,"error:HTTPSConnectionPool(host='amar.org.ir', port=443): Read timed out. (read timeout=15)"
North Khorasan,1391,https://amar.org.ir/salnameh-amari/agentType/ViewSearch/CustomFieldIDs/65/SearchValues/1391/PropertyTypeID/615,parse_exception:'list' object has no attribute 'text'
North Khorasan,1373,https://amar.org.ir/salnameh-amari/agentType/ViewSearch/CustomFieldIDs/65/SearchValues/1373/PropertyTypeID/615,"error:HTTPSConnectionPool(host='amar.org.ir', port=443): Read timed out. (read timeout=15)"
North Khorasan,1399,https://amar.org.ir/salnameh-amari/agentType/ViewSearch/CustomFieldIDs/65/SearchValues/1399/PropertyTypeID/615,parse_exception:'list' object has no attribute 'text'
North Khorasan,1397,https://amar.org.ir/salnameh-amari/agentType/ViewSearch/CustomFieldIDs/65/SearchValues/1397/PropertyTypeID/615,parse_exception:'list' object has no attribute 'text'
North Khorasan,1401,https://amar.org.ir/salnameh-amari/agentType/ViewSearch/CustomFieldIDs/65/SearchValues/1401/PropertyTypeID/615,parse_exception:'list' object has no attribute 'text'
North Khorasan,1402,https://amar.org.ir/salnameh-amari/agentType/ViewSearch/CustomFieldIDs/65/SearchValues/1402/PropertyTypeID/615,parse_exception:'list' object has no attribute 'text'
Sistan and Baluchestan,1345,https://amar.org.ir/salnameh-amari/agentType/ViewSearch/CustomFieldIDs/65/SearchValues/1345/PropertyTypeID/615,parse_exception:'list' object has no attribute 'text'
Sistan and Baluchestan,1346,https://amar.org.ir/salnameh-amari/agentType/ViewSearch/CustomFieldIDs/65/SearchValues/1346/PropertyTypeID/615,parse_exception:'list' object has no attribute 'text'
Sistan and Baluchestan,1347,https://amar.org.ir/salnameh-amari/agentType/ViewSearch/CustomFieldIDs/65/SearchValues/1347/PropertyTypeID/615,parse_exception:'list' object has no attribute 'text'
Sistan and Baluchestan,1348,https://amar.org.ir/salnameh-amari/agentType/ViewSearch/CustomFieldIDs/65/SearchValues/1348/PropertyTypeID/615,parse_exception:'list' object has no attribute 'text'
North Khorasan,1376,https://amar.org.ir/salnameh-amari/agentType/ViewSearch/CustomFieldIDs/65/SearchValues/1376/PropertyTypeID/615,"error:HTTPSConnectionPool(host='amar.org.ir', port=443): Read timed out. (read timeout=15)"
Sistan and Baluchestan,1349,https://amar.org.ir/salnameh-amari/agentType/ViewSearch/CustomFieldIDs/65/SearchValues/1349/PropertyTypeID/615,parse_exception:'list' object has no attribute 'text'
Sistan and Baluchestan,1350,https://amar.org.ir/salnameh-amari/agentType/ViewSearch/CustomFieldIDs/65/SearchValues/1350/PropertyTypeID/615,parse_exception:'list' object has no attribute 'text'
Sistan and Baluchestan,1351,https://amar.org.ir/salnameh-amari/agentType/ViewSearch/CustomFieldIDs/65/SearchValues/1351/PropertyTypeID/615,parse_exception:'list' object has no attribute 'text'
Sistan and Baluchestan,1352,https://amar.org.ir/salnameh-amari/agentType/ViewSearch/CustomFieldIDs/65/SearchValues/1352/PropertyTypeID/615,parse_exception:'list' object has no attribute 'text'
Sistan and Baluchestan,1353,https://amar.org.ir/salnameh-amari/agentType/ViewSearch/CustomFieldIDs/65/SearchValues/1353/PropertyTypeID/615,parse_exception:'list' object has no attribute 'text'
Sistan and Baluchestan,1354,https://amar.org.ir/salnameh-amari/agentType/ViewSearch/CustomFieldIDs/65/SearchValues/1354/PropertyTypeID/615,parse_exception:'list' object has no attribute 'text'
Sistan and Baluchestan,1355,https://amar.org.ir/salnameh-amari/agentType/ViewSearch/CustomFieldIDs/65/SearchValues/1355/PropertyTypeID/615,parse_exception:'list' object has no attribute 'text'
Sistan and Baluchestan,1356,https://amar.org.ir/salnameh-amari/agentType/ViewSearch/CustomFieldIDs/65/SearchValues/1356/PropertyTypeID/615,parse_exception:'list' object has no attribute 'text'
Sistan and Baluchestan,1357,https://amar.org.ir/salnameh-amari/agentType/ViewSearch/CustomFieldIDs/65/SearchValues/1357/PropertyTypeID/615,parse_exception:'list' object has no attribute 'text'
North Khorasan,1377,https://amar.org.ir/salnameh-amari/agentType/ViewSearch/CustomFieldIDs/65/SearchValues/1377/PropertyTypeID/615,"error:HTTPSConnectionPool(host='amar.org.ir', port=443): Read timed out. (read timeout=15)"
Sistan and Baluchestan,1358,https://amar.org.ir/salnameh-amari/agentType/ViewSearch/CustomFieldIDs/65/SearchValues/1358/PropertyTypeID/615,parse_exception:'list' object has no attribute 'text'
North Khorasan,1392,https://amar.org.ir/salnameh-amari/agentType/ViewSearch/CustomFieldIDs/65/SearchValues/1392/PropertyTypeID/615,parse_exception:'list' object has no attribute 'text'
Sistan and Baluchestan,1360,https://amar.org.ir/salnameh-amari/agentType/ViewSearch/CustomFieldIDs/65/SearchValues/1360/PropertyTypeID/615,parse_exception:'list' object has no attribute 'text'
Sistan and Baluchestan,1361,https://amar.org.ir/salnameh-amari/agentType/ViewSearch/CustomFieldIDs/65/SearchValues/1361/PropertyTypeID/615,parse_exception:'list' object has no attribute 'text'
Sistan and Baluchestan,1362,https://amar.org.ir/salnameh-amari/agentType/ViewSearch/CustomFieldIDs/65/SearchValues/1362/PropertyTypeID/615,parse_exception:'list' object has no attribute 'text'
Sistan and Baluchestan,1363,https://amar.org.ir/salnameh-amari/agentType/ViewSearch/CustomFieldIDs/65/SearchValues/1363/PropertyTypeID/615,parse_exception:'list' object has no attribute 'text'
Sistan and Baluchestan,1364,https://amar.org.ir/salnameh-amari/agentType/ViewSearch/CustomFieldIDs/65/SearchValues/1364/PropertyTypeID/615,parse_exception:'list' object has no attribute 'text'
Sistan and Baluchestan,1365,https://amar.org.ir/salnameh-amari/agentType/ViewSearch/CustomFieldIDs/65/SearchValues/1365/PropertyTypeID/615,parse_exception:'list' object has no attribute 'text'
Sistan and Baluchestan,1366,https://amar.org.ir/salnameh-amari/agentType/ViewSearch/CustomFieldIDs/65/SearchValues/1366/PropertyTypeID/615,parse_exception:'list' object has no attribute 'text'
Sistan and Baluchestan,1367,https://amar.org.ir/salnameh-amari/agentType/ViewSearch/CustomFieldIDs/65/SearchValues/1367/PropertyTypeID/615,parse_exception:'list' object has no attribute 'text'
Sistan and Baluchestan,1368,https://amar.org.ir/salnameh-amari/agentType/ViewSearch/CustomFieldIDs/65/SearchValues/1368/PropertyTypeID/615,parse_exception:'list' object has no attribute 'text'
Sistan and Baluchestan,1369,https://amar.org.ir/salnameh-amari/agentType/ViewSearch/CustomFieldIDs/65/SearchValues/1369/PropertyTypeID/615,parse_exception:'list' object has no attribute 'text'
Sistan and Baluchestan,1370,https://amar.org.ir/salnameh-amari/agentType/ViewSearch/CustomFieldIDs/65/SearchValues/1370/PropertyTypeID/615,parse_exception:'list' object has no attribute 'text'
Sistan and Baluchestan,1371,https://amar.org.ir/salnameh-amari/agentType/ViewSearch/CustomFieldIDs/65/SearchValues/1371/PropertyTypeID/615,parse_exception:'list' object has no attribute 'text'
Sistan and Baluchestan,1372,https://amar.org.ir/salnameh-amari/agentType/ViewSearch/CustomFieldIDs/65/SearchValues/1372/PropertyTypeID/615,parse_exception:'list' object has no attribute 'text'
North Khorasan,1394,https://amar.org.ir/salnameh-amari/agentType/ViewSearch/CustomFieldIDs/65/SearchValues/1394/PropertyTypeID/615,parse_exception:'list' object has no attribute 'text'
Sistan and Baluchestan,1374,https://amar.org.ir/salnameh-amari/agentType/ViewSearch/CustomFieldIDs/65/SearchValues/1374/PropertyTypeID/615,parse_exception:'list' object has no attribute 'text'
Sistan and Baluchestan,1375,https://amar.org.ir/salnameh-amari/agentType/ViewSearch/CustomFieldIDs/65/SearchValues/1375/PropertyTypeID/615,parse_exception:'list' object has no attribute 'text'
Sistan and Baluchestan,1376,https://amar.org.ir/salnameh-amari/agentType/ViewSearch/CustomFieldIDs/65/SearchValues/1376/PropertyTypeID/615,parse_exception:'list' object has no attribute 'text'
Sistan and Baluchestan,1377,https://amar.org.ir/salnameh-amari/agentType/ViewSearch/CustomFieldIDs/65/SearchValues/1377/PropertyTypeID/615,parse_exception:'list' object has no attribute 'text'
Sistan and Baluchestan,1378,https://amar.org.ir/salnameh-amari/agentType/ViewSearch/CustomFieldIDs/65/SearchValues/1378/PropertyTypeID/615,parse_exception:'list' object has no attribute 'text'
Sistan and Baluchestan,1379,https://amar.org.ir/salnameh-amari/agentType/ViewSearch/CustomFieldIDs/65/SearchValues/1379/PropertyTypeID/615,parse_exception:'list' object has no attribute 'text'
Sistan and Baluchestan,1380,https://amar.org.ir/salnameh-amari/agentType/ViewSearch/CustomFieldIDs/65/SearchValues/1380/PropertyTypeID/615,parse_exception:'list' object has no attribute 'text'
Sistan and Baluchestan,1381,https://amar.org.ir/salnameh-amari/agentType/ViewSearch/CustomFieldIDs/65/SearchValues/1381/PropertyTypeID/615,parse_exception:'list' object has no attribute 'text'
Sistan and Baluchestan,1383,https://amar.org.ir/salnameh-amari/agentType/ViewSearch/CustomFieldIDs/65/SearchValues/1383/PropertyTypeID/615,parse_exception:'list' object has no attribute 'text'
Sistan and Baluchestan,1384,https://amar.org.ir/salnameh-amari/agentType/ViewSearch/CustomFieldIDs/65/SearchValues/1384/PropertyTypeID/615,parse_exception:'list' object has no attribute 'text'
Sistan and Baluchestan,1385,https://amar.org.ir/salnameh-amari/agentType/ViewSearch/CustomFieldIDs/65/SearchValues/1385/PropertyTypeID/615,parse_exception:'list' object has no attribute 'text'
Sistan and Baluchestan,1386,https://amar.org.ir/salnameh-amari/agentType/ViewSearch/CustomFieldIDs/65/SearchValues/1386/PropertyTypeID/615,parse_exception:'list' object has no attribute 'text'
Sistan and Baluchestan,1387,https://amar.org.ir/salnameh-amari/agentType/ViewSearch/CustomFieldIDs/65/SearchValues/1387/PropertyTypeID/615,parse_exception:'list' object has no attribute 'text'
Sistan and Baluchestan,1373,https://amar.org.ir/salnameh-amari/agentType/ViewSearch/CustomFieldIDs/65/SearchValues/1373/PropertyTypeID/615,parse_exception:'list' object has no attribute 'text'
Sistan and Baluchestan,1389,https://amar.org.ir/salnameh-amari/agentType/ViewSearch/CustomFieldIDs/65/SearchValues/1389/PropertyTypeID/615,parse_exception:'list' object has no attribute 'text'
Sistan and Baluchestan,1390,https://amar.org.ir/salnameh-amari/agentType/ViewSearch/CustomFieldIDs/65/SearchValues/1390/PropertyTypeID/615,parse_exception:'list' object has no attribute 'text'
Sistan and Baluchestan,1391,https://amar.org.ir/salnameh-amari/agentType/ViewSearch/CustomFieldIDs/65/SearchValues/1391/PropertyTypeID/615,parse_exception:'list' object has no attribute 'text'
Sistan and Baluchestan,1392,https://amar.org.ir/salnameh-amari/agentType/ViewSearch/CustomFieldIDs/65/SearchValues/1392/PropertyTypeID/615,parse_exception:'list' object has no attribute 'text'
Sistan and Baluchestan,1393,https://amar.org.ir/salnameh-amari/agentType/ViewSearch/CustomFieldIDs/65/SearchValues/1393/PropertyTypeID/615,parse_exception:'list' object has no attribute 'text'
Sistan and Baluchestan,1394,https://amar.org.ir/salnameh-amari/agentType/ViewSearch/CustomFieldIDs/65/SearchValues/1394/PropertyTypeID/615,parse_exception:'list' object has no attribute 'text'
Sistan and Baluchestan,1395,https://amar.org.ir/salnameh-amari/agentType/ViewSearch/CustomFieldIDs/65/SearchValues/1395/PropertyTypeID/615,parse_exception:'list' object has no attribute 'text'
Sistan and Baluchestan,1396,https://amar.org.ir/salnameh-amari/agentType/ViewSearch/CustomFieldIDs/65/SearchValues/1396/PropertyTypeID/615,parse_exception:'list' object has no attribute 'text'
Sistan and Baluchestan,1397,https://amar.org.ir/salnameh-amari/agentType/ViewSearch/CustomFieldIDs/65/SearchValues/1397/PropertyTypeID/615,parse_exception:'list' object has no attribute 'text'
Sistan and Baluchestan,1398,https://amar.org.ir/salnameh-amari/agentType/ViewSearch/CustomFieldIDs/65/SearchValues/1398/PropertyTypeID/615,parse_exception:'list' object has no attribute 'text'
Sistan and Baluchestan,1399,https://amar.org.ir/salnameh-amari/agentType/ViewSearch/CustomFieldIDs/65/SearchValues/1399/PropertyTypeID/615,parse_exception:'list' object has no attribute 'text'
North Khorasan,1382,https://amar.org.ir/salnameh-amari/agentType/ViewSearch/CustomFieldIDs/65/SearchValues/1382/PropertyTypeID/615,"error:HTTPConnectionPool(host='amar.org.ir', port=80): Read timed out. (read timeout=15)"
Sistan and Baluchestan,1400,https://amar.org.ir/salnameh-amari/agentType/ViewSearch/CustomFieldIDs/65/SearchValues/1400/PropertyTypeID/615,parse_exception:'list' object has no attribute 'text'
Sistan and Baluchestan,1401,https://amar.org.ir/salnameh-amari/agentType/ViewSearch/CustomFieldIDs/65/SearchValues/1401/PropertyTypeID/615,parse_exception:'list' object has no attribute 'text'
Sistan and Baluchestan,1402,https://amar.org.ir/salnameh-amari/agentType/ViewSearch/CustomFieldIDs/65/SearchValues/1402/PropertyTypeID/615,parse_exception:'list' object has no attribute 'text'
Kurdistan,1345,https://amar.org.ir/salnameh-amari/agentType/ViewSearch/CustomFieldIDs/65/SearchValues/1345/PropertyTypeID/615,parse_exception:'list' object has no attribute 'text'
Kurdistan,1347,https://amar.org.ir/salnameh-amari/agentType/ViewSearch/CustomFieldIDs/65/SearchValues/1347/PropertyTypeID/615,parse_exception:'list' object has no attribute 'text'
Sistan and Baluchestan,1388,https://amar.org.ir/salnameh-amari/agentType/ViewSearch/CustomFieldIDs/65/SearchValues/1388/PropertyTypeID/615,parse_exception:'list' object has no attribute 'text'
Kurdistan,1349,https://amar.org.ir/salnameh-amari/agentType/ViewSearch/CustomFieldIDs/65/SearchValues/1349/PropertyTypeID/615,parse_exception:'list' object has no attribute 'text'
Kurdistan,1350,https://amar.org.ir/salnameh-amari/agentType/ViewSearch/CustomFieldIDs/65/SearchValues/1350/PropertyTypeID/615,parse_exception:'list' object has no attribute 'text'
Kurdistan,1351,https://amar.org.ir/salnameh-amari/agentType/ViewSearch/CustomFieldIDs/65/SearchValues/1351/PropertyTypeID/615,parse_exception:'list' object has no attribute 'text'
Kurdistan,1352,https://amar.org.ir/salnameh-amari/agentType/ViewSearch/CustomFieldIDs/65/SearchValues/1352/PropertyTypeID/615,parse_exception:'list' object has no attribute 'text'
Kurdistan,1353,https://amar.org.ir/salnameh-amari/agentType/ViewSearch/CustomFieldIDs/65/SearchValues/1353/PropertyTypeID/615,parse_exception:'list' object has no attribute 'text'
Kurdistan,1354,https://amar.org.ir/salnameh-amari/agentType/ViewSearch/CustomFieldIDs/65/SearchValues/1354/PropertyTypeID/615,parse_exception:'list' object has no attribute 'text'
Kurdistan,1355,https://amar.org.ir/salnameh-amari/agentType/ViewSearch/CustomFieldIDs/65/SearchValues/1355/PropertyTypeID/615,parse_exception:'list' object has no attribute 'text'
Kurdistan,1356,https://amar.org.ir/salnameh-amari/agentType/ViewSearch/CustomFieldIDs/65/SearchValues/1356/PropertyTypeID/615,parse_exception:'list' object has no attribute 'text'
Kurdistan,1357,https://amar.org.ir/salnameh-amari/agentType/ViewSearch/CustomFieldIDs/65/SearchValues/1357/PropertyTypeID/615,parse_exception:'list' object has no attribute 'text'
Kurdistan,1358,https://amar.org.ir/salnameh-amari/agentType/ViewSearch/CustomFieldIDs/65/SearchValues/1358/PropertyTypeID/615,parse_exception:'list' object has no attribute 'text'
Kurdistan,1359,https://amar.org.ir/salnameh-amari/agentType/ViewSearch/CustomFieldIDs/65/SearchValues/1359/PropertyTypeID/615,parse_exception:'list' object has no attribute 'text'
Kurdistan,1360,https://amar.org.ir/salnameh-amari/agentType/ViewSearch/CustomFieldIDs/65/SearchValues/1360/PropertyTypeID/615,parse_exception:'list' object has no attribute 'text'
Kurdistan,1361,https://amar.org.ir/salnameh-amari/agentType/ViewSearch/CustomFieldIDs/65/SearchValues/1361/PropertyTypeID/615,parse_exception:'list' object has no attribute 'text'
Kurdistan,1348,https://amar.org.ir/salnameh-amari/agentType/ViewSearch/CustomFieldIDs/65/SearchValues/1348/PropertyTypeID/615,parse_exception:'list' object has no attribute 'text'
North Khorasan,1386,https://amar.org.ir/salnameh-amari/agentType/ViewSearch/CustomFieldIDs/65/SearchValues/1386/PropertyTypeID/615,"error:HTTPSConnectionPool(host='amar.org.ir', port=443): Read timed out. (read timeout=15)"
Kurdistan,1363,https://amar.org.ir/salnameh-amari/agentType/ViewSearch/CustomFieldIDs/65/SearchValues/1363/PropertyTypeID/615,parse_exception:'list' object has no attribute 'text'
Kurdistan,1364,https://amar.org.ir/salnameh-amari/agentType/ViewSearch/CustomFieldIDs/65/SearchValues/1364/PropertyTypeID/615,parse_exception:'list' object has no attribute 'text'
Kurdistan,1365,https://amar.org.ir/salnameh-amari/agentType/ViewSearch/CustomFieldIDs/65/SearchValues/1365/PropertyTypeID/615,parse_exception:'list' object has no attribute 'text'
Kurdistan,1366,https://amar.org.ir/salnameh-amari/agentType/ViewSearch/CustomFieldIDs/65/SearchValues/1366/PropertyTypeID/615,parse_exception:'list' object has no attribute 'text'
Kurdistan,1367,https://amar.org.ir/salnameh-amari/agentType/ViewSearch/CustomFieldIDs/65/SearchValues/1367/PropertyTypeID/615,parse_exception:'list' object has no attribute 'text'
Kurdistan,1368,https://amar.org.ir/salnameh-amari/agentType/ViewSearch/CustomFieldIDs/65/SearchValues/1368/PropertyTypeID/615,parse_exception:'list' object has no attribute 'text'
Kurdistan,1369,https://amar.org.ir/salnameh-amari/agentType/ViewSearch/CustomFieldIDs/65/SearchValues/1369/PropertyTypeID/615,parse_exception:'list' object has no attribute 'text'
Kurdistan,1371,https://amar.org.ir/salnameh-amari/agentType/ViewSearch/CustomFieldIDs/65/SearchValues/1371/PropertyTypeID/615,parse_exception:'list' object has no attribute 'text'
Kurdistan,1372,https://amar.org.ir/salnameh-amari/agentType/ViewSearch/CustomFieldIDs/65/SearchValues/1372/PropertyTypeID/615,parse_exception:'list' object has no attribute 'text'
Kurdistan,1373,https://amar.org.ir/salnameh-amari/agentType/ViewSearch/CustomFieldIDs/65/SearchValues/1373/PropertyTypeID/615,parse_exception:'list' object has no attribute 'text'
Kurdistan,1374,https://amar.org.ir/salnameh-amari/agentType/ViewSearch/CustomFieldIDs/65/SearchValues/1374/PropertyTypeID/615,parse_exception:'list' object has no attribute 'text'
Kurdistan,1375,https://amar.org.ir/salnameh-amari/agentType/ViewSearch/CustomFieldIDs/65/SearchValues/1375/PropertyTypeID/615,parse_exception:'list' object has no attribute 'text'
Kurdistan,1376,https://amar.org.ir/salnameh-amari/agentType/ViewSearch/CustomFieldIDs/65/SearchValues/1376/PropertyTypeID/615,parse_exception:'list' object has no attribute 'text'
Kurdistan,1377,https://amar.org.ir/salnameh-amari/agentType/ViewSearch/CustomFieldIDs/65/SearchValues/1377/PropertyTypeID/615,parse_exception:'list' object has no attribute 'text'
Kurdistan,1362,https://amar.org.ir/salnameh-amari/agentType/ViewSearch/CustomFieldIDs/65/SearchValues/1362/PropertyTypeID/615,parse_exception:'list' object has no attribute 'text'
Kurdistan,1379,https://amar.org.ir/salnameh-amari/agentType/ViewSearch/CustomFieldIDs/65/SearchValues/1379/PropertyTypeID/615,parse_exception:'list' object has no attribute 'text'
Kurdistan,1380,https://amar.org.ir/salnameh-amari/agentType/ViewSearch/CustomFieldIDs/65/SearchValues/1380/PropertyTypeID/615,parse_exception:'list' object has no attribute 'text'
Kurdistan,1381,https://amar.org.ir/salnameh-amari/agentType/ViewSearch/CustomFieldIDs/65/SearchValues/1381/PropertyTypeID/615,parse_exception:'list' object has no attribute 'text'
Kurdistan,1382,https://amar.org.ir/salnameh-amari/agentType/ViewSearch/CustomFieldIDs/65/SearchValues/1382/PropertyTypeID/615,parse_exception:'list' object has no attribute 'text'
Kurdistan,1383,https://amar.org.ir/salnameh-amari/agentType/ViewSearch/CustomFieldIDs/65/SearchValues/1383/PropertyTypeID/615,parse_exception:'list' object has no attribute 'text'
Kurdistan,1384,https://amar.org.ir/salnameh-amari/agentType/ViewSearch/CustomFieldIDs/65/SearchValues/1384/PropertyTypeID/615,parse_exception:'list' object has no attribute 'text'
Kurdistan,1385,https://amar.org.ir/salnameh-amari/agentType/ViewSearch/CustomFieldIDs/65/SearchValues/1385/PropertyTypeID/615,parse_exception:'list' object has no attribute 'text'
Kurdistan,1386,https://amar.org.ir/salnameh-amari/agentType/ViewSearch/CustomFieldIDs/65/SearchValues/1386/PropertyTypeID/615,parse_exception:'list' object has no attribute 'text'
Kurdistan,1387,https://amar.org.ir/salnameh-amari/agentType/ViewSearch/CustomFieldIDs/65/SearchValues/1387/PropertyTypeID/615,parse_exception:'list' object has no attribute 'text'
Kurdistan,1388,https://amar.org.ir/salnameh-amari/agentType/ViewSearch/CustomFieldIDs/65/SearchValues/1388/PropertyTypeID/615,parse_exception:'list' object has no attribute 'text'
North Khorasan,1388,https://amar.org.ir/salnameh-amari/agentType/ViewSearch/CustomFieldIDs/65/SearchValues/1388/PropertyTypeID/615,"error:HTTPConnectionPool(host='amar.org.ir', port=80): Read timed out. (read timeout=15)"
Kurdistan,1389,https://amar.org.ir/salnameh-amari/agentType/ViewSearch/CustomFieldIDs/65/SearchValues/1389/PropertyTypeID/615,parse_exception:'list' object has no attribute 'text'
Kurdistan,1390,https://amar.org.ir/salnameh-amari/agentType/ViewSearch/CustomFieldIDs/65/SearchValues/1390/PropertyTypeID/615,parse_exception:'list' object has no attribute 'text'
Kurdistan,1391,https://amar.org.ir/salnameh-amari/agentType/ViewSearch/CustomFieldIDs/65/SearchValues/1391/PropertyTypeID/615,parse_exception:'list' object has no attribute 'text'
Kurdistan,1378,https://amar.org.ir/salnameh-amari/agentType/ViewSearch/CustomFieldIDs/65/SearchValues/1378/PropertyTypeID/615,parse_exception:'list' object has no attribute 'text'
Kurdistan,1393,https://amar.org.ir/salnameh-amari/agentType/ViewSearch/CustomFieldIDs/65/SearchValues/1393/PropertyTypeID/615,parse_exception:'list' object has no attribute 'text'
Kurdistan,1395,https://amar.org.ir/salnameh-amari/agentType/ViewSearch/CustomFieldIDs/65/SearchValues/1395/PropertyTypeID/615,parse_exception:'list' object has no attribute 'text'
Kurdistan,1394,https://amar.org.ir/salnameh-amari/agentType/ViewSearch/CustomFieldIDs/65/SearchValues/1394/PropertyTypeID/615,parse_exception:'list' object has no attribute 'text'
Kurdistan,1396,https://amar.org.ir/salnameh-amari/agentType/ViewSearch/CustomFieldIDs/65/SearchValues/1396/PropertyTypeID/615,parse_exception:'list' object has no attribute 'text'
Kurdistan,1397,https://amar.org.ir/salnameh-amari/agentType/ViewSearch/CustomFieldIDs/65/SearchValues/1397/PropertyTypeID/615,parse_exception:'list' object has no attribute 'text'
Kurdistan,1398,https://amar.org.ir/salnameh-amari/agentType/ViewSearch/CustomFieldIDs/65/SearchValues/1398/PropertyTypeID/615,parse_exception:'list' object has no attribute 'text'
Kurdistan,1399,https://amar.org.ir/salnameh-amari/agentType/ViewSearch/CustomFieldIDs/65/SearchValues/1399/PropertyTypeID/615,parse_exception:'list' object has no attribute 'text'
Kurdistan,1400,https://amar.org.ir/salnameh-amari/agentType/ViewSearch/CustomFieldIDs/65/SearchValues/1400/PropertyTypeID/615,parse_exception:'list' object has no attribute 'text'
Kurdistan,1402,https://amar.org.ir/salnameh-amari/agentType/ViewSearch/CustomFieldIDs/65/SearchValues/1402/PropertyTypeID/615,parse_exception:'list' object has no attribute 'text'
Golestan,1345,https://amar.org.ir/salnameh-amari/agentType/ViewSearch/CustomFieldIDs/65/SearchValues/1345/PropertyTypeID/615,parse_exception:'list' object has no attribute 'text'
Golestan,1346,https://amar.org.ir/salnameh-amari/agentType/ViewSearch/CustomFieldIDs/65/SearchValues/1346/PropertyTypeID/615,parse_exception:'list' object has no attribute 'text'
Golestan,1347,https://amar.org.ir/salnameh-amari/agentType/ViewSearch/CustomFieldIDs/65/SearchValues/1347/PropertyTypeID/615,parse_exception:'list' object has no attribute 'text'
Golestan,1348,https://amar.org.ir/salnameh-amari/agentType/ViewSearch/CustomFieldIDs/65/SearchValues/1348/PropertyTypeID/615,parse_exception:'list' object has no attribute 'text'
Golestan,1349,https://amar.org.ir/salnameh-amari/agentType/ViewSearch/CustomFieldIDs/65/SearchValues/1349/PropertyTypeID/615,parse_exception:'list' object has no attribute 'text'
Golestan,1350,https://amar.org.ir/salnameh-amari/agentType/ViewSearch/CustomFieldIDs/65/SearchValues/1350/PropertyTypeID/615,parse_exception:'list' object has no attribute 'text'
Golestan,1351,https://amar.org.ir/salnameh-amari/agentType/ViewSearch/CustomFieldIDs/65/SearchValues/1351/PropertyTypeID/615,parse_exception:'list' object has no attribute 'text'
North Khorasan,1389,https://amar.org.ir/salnameh-amari/agentType/ViewSearch/CustomFieldIDs/65/SearchValues/1389/PropertyTypeID/615,"error:HTTPSConnectionPool(host='amar.org.ir', port=443): Read timed out. (read timeout=15)"
Golestan,1352,https://amar.org.ir/salnameh-amari/agentType/ViewSearch/CustomFieldIDs/65/SearchValues/1352/PropertyTypeID/615,parse_exception:'list' object has no attribute 'text'
Kurdistan,1346,https://amar.org.ir/salnameh-amari/agentType/ViewSearch/CustomFieldIDs/65/SearchValues/1346/PropertyTypeID/615,parse_exception:'list' object has no attribute 'text'
Golestan,1354,https://amar.org.ir/salnameh-amari/agentType/ViewSearch/CustomFieldIDs/65/SearchValues/1354/PropertyTypeID/615,parse_exception:'list' object has no attribute 'text'
Golestan,1353,https://amar.org.ir/salnameh-amari/agentType/ViewSearch/CustomFieldIDs/65/SearchValues/1353/PropertyTypeID/615,parse_exception:'list' object has no attribute 'text'
Sistan and Baluchestan,1359,https://amar.org.ir/salnameh-amari/agentType/ViewSearch/CustomFieldIDs/65/SearchValues/1359/PropertyTypeID/615,parse_exception:'list' object has no attribute 'text'
Golestan,1358,https://amar.org.ir/salnameh-amari/agentType/ViewSearch/CustomFieldIDs/65/SearchValues/1358/PropertyTypeID/615,parse_exception:'list' object has no attribute 'text'
Golestan,1359,https://amar.org.ir/salnameh-amari/agentType/ViewSearch/CustomFieldIDs/65/SearchValues/1359/PropertyTypeID/615,parse_exception:'list' object has no attribute 'text'
Golestan,1360,https://amar.org.ir/salnameh-amari/agentType/ViewSearch/CustomFieldIDs/65/SearchValues/1360/PropertyTypeID/615,parse_exception:'list' object has no attribute 'text'
Golestan,1361,https://amar.org.ir/salnameh-amari/agentType/ViewSearch/CustomFieldIDs/65/SearchValues/1361/PropertyTypeID/615,parse_exception:'list' object has no attribute 'text'
Golestan,1362,https://amar.org.ir/salnameh-amari/agentType/ViewSearch/CustomFieldIDs/65/SearchValues/1362/PropertyTypeID/615,parse_exception:'list' object has no attribute 'text'
Golestan,1363,https://amar.org.ir/salnameh-amari/agentType/ViewSearch/CustomFieldIDs/65/SearchValues/1363/PropertyTypeID/615,parse_exception:'list' object has no attribute 'text'
Golestan,1364,https://amar.org.ir/salnameh-amari/agentType/ViewSearch/CustomFieldIDs/65/SearchValues/1364/PropertyTypeID/615,parse_exception:'list' object has no attribute 'text'
Golestan,1365,https://amar.org.ir/salnameh-amari/agentType/ViewSearch/CustomFieldIDs/65/SearchValues/1365/PropertyTypeID/615,parse_exception:'list' object has no attribute 'text'
Golestan,1366,https://amar.org.ir/salnameh-amari/agentType/ViewSearch/CustomFieldIDs/65/SearchValues/1366/PropertyTypeID/615,parse_exception:'list' object has no attribute 'text'
Golestan,1367,https://amar.org.ir/salnameh-amari/agentType/ViewSearch/CustomFieldIDs/65/SearchValues/1367/PropertyTypeID/615,parse_exception:'list' object has no attribute 'text'
Golestan,1357,https://amar.org.ir/salnameh-amari/agentType/ViewSearch/CustomFieldIDs/65/SearchValues/1357/PropertyTypeID/615,parse_exception:'list' object has no attribute 'text'
Golestan,1369,https://amar.org.ir/salnameh-amari/agentType/ViewSearch/CustomFieldIDs/65/SearchValues/1369/PropertyTypeID/615,parse_exception:'list' object has no attribute 'text'
Golestan,1370,https://amar.org.ir/salnameh-amari/agentType/ViewSearch/CustomFieldIDs/65/SearchValues/1370/PropertyTypeID/615,parse_exception:'list' object has no attribute 'text'
Golestan,1371,https://amar.org.ir/salnameh-amari/agentType/ViewSearch/CustomFieldIDs/65/SearchValues/1371/PropertyTypeID/615,parse_exception:'list' object has no attribute 'text'
Golestan,1372,https://amar.org.ir/salnameh-amari/agentType/ViewSearch/CustomFieldIDs/65/SearchValues/1372/PropertyTypeID/615,parse_exception:'list' object has no attribute 'text'
North Khorasan,1393,https://amar.org.ir/salnameh-amari/agentType/ViewSearch/CustomFieldIDs/65/SearchValues/1393/PropertyTypeID/615,"error:HTTPSConnectionPool(host='amar.org.ir', port=443): Read timed out. (read timeout=15)"
Golestan,1373,https://amar.org.ir/salnameh-amari/agentType/ViewSearch/CustomFieldIDs/65/SearchValues/1373/PropertyTypeID/615,parse_exception:'list' object has no attribute 'text'
Golestan,1374,https://amar.org.ir/salnameh-amari/agentType/ViewSearch/CustomFieldIDs/65/SearchValues/1374/PropertyTypeID/615,parse_exception:'list' object has no attribute 'text'
Golestan,1376,https://amar.org.ir/salnameh-amari/agentType/ViewSearch/CustomFieldIDs/65/SearchValues/1376/PropertyTypeID/615,parse_exception:'list' object has no attribute 'text'
Golestan,1377,https://amar.org.ir/salnameh-amari/agentType/ViewSearch/CustomFieldIDs/65/SearchValues/1377/PropertyTypeID/615,parse_exception:'list' object has no attribute 'text'
Golestan,1378,https://amar.org.ir/salnameh-amari/agentType/ViewSearch/CustomFieldIDs/65/SearchValues/1378/PropertyTypeID/615,parse_exception:'list' object has no attribute 'text'
Golestan,1379,https://amar.org.ir/salnameh-amari/agentType/ViewSearch/CustomFieldIDs/65/SearchValues/1379/PropertyTypeID/615,parse_exception:'list' object has no attribute 'text'
Golestan,1380,https://amar.org.ir/salnameh-amari/agentType/ViewSearch/CustomFieldIDs/65/SearchValues/1380/PropertyTypeID/615,parse_exception:'list' object has no attribute 'text'
Golestan,1381,https://amar.org.ir/salnameh-amari/agentType/ViewSearch/CustomFieldIDs/65/SearchValues/1381/PropertyTypeID/615,parse_exception:'list' object has no attribute 'text'
Golestan,1382,https://amar.org.ir/salnameh-amari/agentType/ViewSearch/CustomFieldIDs/65/SearchValues/1382/PropertyTypeID/615,parse_exception:'list' object has no attribute 'text'
Golestan,1383,https://amar.org.ir/salnameh-amari/agentType/ViewSearch/CustomFieldIDs/65/SearchValues/1383/PropertyTypeID/615,parse_exception:'list' object has no attribute 'text'
Golestan,1368,https://amar.org.ir/salnameh-amari/agentType/ViewSearch/CustomFieldIDs/65/SearchValues/1368/PropertyTypeID/615,parse_exception:'list' object has no attribute 'text'
Golestan,1385,https://amar.org.ir/salnameh-amari/agentType/ViewSearch/CustomFieldIDs/65/SearchValues/1385/PropertyTypeID/615,parse_exception:'list' object has no attribute 'text'
Golestan,1386,https://amar.org.ir/salnameh-amari/agentType/ViewSearch/CustomFieldIDs/65/SearchValues/1386/PropertyTypeID/615,parse_exception:'list' object has no attribute 'text'
Golestan,1387,https://amar.org.ir/salnameh-amari/agentType/ViewSearch/CustomFieldIDs/65/SearchValues/1387/PropertyTypeID/615,parse_exception:'list' object has no attribute 'text'
Golestan,1388,https://amar.org.ir/salnameh-amari/agentType/ViewSearch/CustomFieldIDs/65/SearchValues/1388/PropertyTypeID/615,parse_exception:'list' object has no attribute 'text'
Golestan,1389,https://amar.org.ir/salnameh-amari/agentType/ViewSearch/CustomFieldIDs/65/SearchValues/1389/PropertyTypeID/615,parse_exception:'list' object has no attribute 'text'
Golestan,1390,https://amar.org.ir/salnameh-amari/agentType/ViewSearch/CustomFieldIDs/65/SearchValues/1390/PropertyTypeID/615,parse_exception:'list' object has no attribute 'text'
Golestan,1391,https://amar.org.ir/salnameh-amari/agentType/ViewSearch/CustomFieldIDs/65/SearchValues/1391/PropertyTypeID/615,parse_exception:'list' object has no attribute 'text'
Golestan,1392,https://amar.org.ir/salnameh-amari/agentType/ViewSearch/CustomFieldIDs/65/SearchValues/1392/PropertyTypeID/615,parse_exception:'list' object has no attribute 'text'
Golestan,1393,https://amar.org.ir/salnameh-amari/agentType/ViewSearch/CustomFieldIDs/65/SearchValues/1393/PropertyTypeID/615,parse_exception:'list' object has no attribute 'text'
Golestan,1394,https://amar.org.ir/salnameh-amari/agentType/ViewSearch/CustomFieldIDs/65/SearchValues/1394/PropertyTypeID/615,parse_exception:'list' object has no attribute 'text'
Golestan,1395,https://amar.org.ir/salnameh-amari/agentType/ViewSearch/CustomFieldIDs/65/SearchValues/1395/PropertyTypeID/615,parse_exception:'list' object has no attribute 'text'
Golestan,1397,https://amar.org.ir/salnameh-amari/agentType/ViewSearch/CustomFieldIDs/65/SearchValues/1397/PropertyTypeID/615,parse_exception:'list' object has no attribute 'text'
North Khorasan,1395,https://amar.org.ir/salnameh-amari/agentType/ViewSearch/CustomFieldIDs/65/SearchValues/1395/PropertyTypeID/615,"error:HTTPSConnectionPool(host='amar.org.ir', port=443): Read timed out. (read timeout=15)"
Golestan,1398,https://amar.org.ir/salnameh-amari/agentType/ViewSearch/CustomFieldIDs/65/SearchValues/1398/PropertyTypeID/615,parse_exception:'list' object has no attribute 'text'
Golestan,1399,https://amar.org.ir/salnameh-amari/agentType/ViewSearch/CustomFieldIDs/65/SearchValues/1399/PropertyTypeID/615,parse_exception:'list' object has no attribute 'text'
Golestan,1400,https://amar.org.ir/salnameh-amari/agentType/ViewSearch/CustomFieldIDs/65/SearchValues/1400/PropertyTypeID/615,parse_exception:'list' object has no attribute 'text'
Golestan,1401,https://amar.org.ir/salnameh-amari/agentType/ViewSearch/CustomFieldIDs/65/SearchValues/1401/PropertyTypeID/615,parse_exception:'list' object has no attribute 'text'
Golestan,1402,https://amar.org.ir/salnameh-amari/agentType/ViewSearch/CustomFieldIDs/65/SearchValues/1402/PropertyTypeID/615,parse_exception:'list' object has no attribute 'text'
Markazi,1345,https://amar.org.ir/salnameh-amari/agentType/ViewSearch/CustomFieldIDs/65/SearchValues/1345/PropertyTypeID/615,parse_exception:'list' object has no attribute 'text'
Markazi,1347,https://amar.org.ir/salnameh-amari/agentType/ViewSearch/CustomFieldIDs/65/SearchValues/1347/PropertyTypeID/615,parse_exception:'list' object has no attribute 'text'
Markazi,1346,https://amar.org.ir/salnameh-amari/agentType/ViewSearch/CustomFieldIDs/65/SearchValues/1346/PropertyTypeID/615,parse_exception:'list' object has no attribute 'text'
Markazi,1348,https://amar.org.ir/salnameh-amari/agentType/ViewSearch/CustomFieldIDs/65/SearchValues/1348/PropertyTypeID/615,parse_exception:'list' object has no attribute 'text'
Markazi,1349,https://amar.org.ir/salnameh-amari/agentType/ViewSearch/CustomFieldIDs/65/SearchValues/1349/PropertyTypeID/615,parse_exception:'list' object has no attribute 'text'
Golestan,1384,https://amar.org.ir/salnameh-amari/agentType/ViewSearch/CustomFieldIDs/65/SearchValues/1384/PropertyTypeID/615,parse_exception:'list' object has no attribute 'text'
Markazi,1351,https://amar.org.ir/salnameh-amari/agentType/ViewSearch/CustomFieldIDs/65/SearchValues/1351/PropertyTypeID/615,parse_exception:'list' object has no attribute 'text'
North Khorasan,1396,https://amar.org.ir/salnameh-amari/agentType/ViewSearch/CustomFieldIDs/65/SearchValues/1396/PropertyTypeID/615,"error:HTTPSConnectionPool(host='amar.org.ir', port=443): Read timed out. (read timeout=15)"
Markazi,1352,https://amar.org.ir/salnameh-amari/agentType/ViewSearch/CustomFieldIDs/65/SearchValues/1352/PropertyTypeID/615,parse_exception:'list' object has no attribute 'text'
Markazi,1353,https://amar.org.ir/salnameh-amari/agentType/ViewSearch/CustomFieldIDs/65/SearchValues/1353/PropertyTypeID/615,parse_exception:'list' object has no attribute 'text'
Markazi,1354,https://amar.org.ir/salnameh-amari/agentType/ViewSearch/CustomFieldIDs/65/SearchValues/1354/PropertyTypeID/615,parse_exception:'list' object has no attribute 'text'
Markazi,1355,https://amar.org.ir/salnameh-amari/agentType/ViewSearch/CustomFieldIDs/65/SearchValues/1355/PropertyTypeID/615,parse_exception:'list' object has no attribute 'text'
Markazi,1356,https://amar.org.ir/salnameh-amari/agentType/ViewSearch/CustomFieldIDs/65/SearchValues/1356/PropertyTypeID/615,parse_exception:'list' object has no attribute 'text'
Markazi,1357,https://amar.org.ir/salnameh-amari/agentType/ViewSearch/CustomFieldIDs/65/SearchValues/1357/PropertyTypeID/615,parse_exception:'list' object has no attribute 'text'
Markazi,1358,https://amar.org.ir/salnameh-amari/agentType/ViewSearch/CustomFieldIDs/65/SearchValues/1358/PropertyTypeID/615,parse_exception:'list' object has no attribute 'text'
Markazi,1359,https://amar.org.ir/salnameh-amari/agentType/ViewSearch/CustomFieldIDs/65/SearchValues/1359/PropertyTypeID/615,parse_exception:'list' object has no attribute 'text'
Markazi,1360,https://amar.org.ir/salnameh-amari/agentType/ViewSearch/CustomFieldIDs/65/SearchValues/1360/PropertyTypeID/615,parse_exception:'list' object has no attribute 'text'
Markazi,1361,https://amar.org.ir/salnameh-amari/agentType/ViewSearch/CustomFieldIDs/65/SearchValues/1361/PropertyTypeID/615,parse_exception:'list' object has no attribute 'text'
Markazi,1362,https://amar.org.ir/salnameh-amari/agentType/ViewSearch/CustomFieldIDs/65/SearchValues/1362/PropertyTypeID/615,parse_exception:'list' object has no attribute 'text'
Markazi,1363,https://amar.org.ir/salnameh-amari/agentType/ViewSearch/CustomFieldIDs/65/SearchValues/1363/PropertyTypeID/615,parse_exception:'list' object has no attribute 'text'
Markazi,1364,https://amar.org.ir/salnameh-amari/agentType/ViewSearch/CustomFieldIDs/65/SearchValues/1364/PropertyTypeID/615,parse_exception:'list' object has no attribute 'text'
Markazi,1365,https://amar.org.ir/salnameh-amari/agentType/ViewSearch/CustomFieldIDs/65/SearchValues/1365/PropertyTypeID/615,parse_exception:'list' object has no attribute 'text'
Markazi,1366,https://amar.org.ir/salnameh-amari/agentType/ViewSearch/CustomFieldIDs/65/SearchValues/1366/PropertyTypeID/615,parse_exception:'list' object has no attribute 'text'
Markazi,1367,https://amar.org.ir/salnameh-amari/agentType/ViewSearch/CustomFieldIDs/65/SearchValues/1367/PropertyTypeID/615,parse_exception:'list' object has no attribute 'text'
Markazi,1368,https://amar.org.ir/salnameh-amari/agentType/ViewSearch/CustomFieldIDs/65/SearchValues/1368/PropertyTypeID/615,parse_exception:'list' object has no attribute 'text'
Markazi,1369,https://amar.org.ir/salnameh-amari/agentType/ViewSearch/CustomFieldIDs/65/SearchValues/1369/PropertyTypeID/615,parse_exception:'list' object has no attribute 'text'
Markazi,1370,https://amar.org.ir/salnameh-amari/agentType/ViewSearch/CustomFieldIDs/65/SearchValues/1370/PropertyTypeID/615,parse_exception:'list' object has no attribute 'text'
Markazi,1372,https://amar.org.ir/salnameh-amari/agentType/ViewSearch/CustomFieldIDs/65/SearchValues/1372/PropertyTypeID/615,parse_exception:'list' object has no attribute 'text'
Markazi,1373,https://amar.org.ir/salnameh-amari/agentType/ViewSearch/CustomFieldIDs/65/SearchValues/1373/PropertyTypeID/615,parse_exception:'list' object has no attribute 'text'
Markazi,1374,https://amar.org.ir/salnameh-amari/agentType/ViewSearch/CustomFieldIDs/65/SearchValues/1374/PropertyTypeID/615,parse_exception:'list' object has no attribute 'text'
Markazi,1375,https://amar.org.ir/salnameh-amari/agentType/ViewSearch/CustomFieldIDs/65/SearchValues/1375/PropertyTypeID/615,parse_exception:'list' object has no attribute 'text'
Markazi,1371,https://amar.org.ir/salnameh-amari/agentType/ViewSearch/CustomFieldIDs/65/SearchValues/1371/PropertyTypeID/615,parse_exception:'list' object has no attribute 'text'
Markazi,1376,https://amar.org.ir/salnameh-amari/agentType/ViewSearch/CustomFieldIDs/65/SearchValues/1376/PropertyTypeID/615,parse_exception:'list' object has no attribute 'text'
Markazi,1377,https://amar.org.ir/salnameh-amari/agentType/ViewSearch/CustomFieldIDs/65/SearchValues/1377/PropertyTypeID/615,parse_exception:'list' object has no attribute 'text'
Markazi,1378,https://amar.org.ir/salnameh-amari/agentType/ViewSearch/CustomFieldIDs/65/SearchValues/1378/PropertyTypeID/615,parse_exception:'list' object has no attribute 'text'
Markazi,1379,https://amar.org.ir/salnameh-amari/agentType/ViewSearch/CustomFieldIDs/65/SearchValues/1379/PropertyTypeID/615,parse_exception:'list' object has no attribute 'text'
Markazi,1380,https://amar.org.ir/salnameh-amari/agentType/ViewSearch/CustomFieldIDs/65/SearchValues/1380/PropertyTypeID/615,parse_exception:'list' object has no attribute 'text'
Markazi,1381,https://amar.org.ir/salnameh-amari/agentType/ViewSearch/CustomFieldIDs/65/SearchValues/1381/PropertyTypeID/615,parse_exception:'list' object has no attribute 'text'
Markazi,1382,https://amar.org.ir/salnameh-amari/agentType/ViewSearch/CustomFieldIDs/65/SearchValues/1382/PropertyTypeID/615,parse_exception:'list' object has no attribute 'text'
Markazi,1383,https://amar.org.ir/salnameh-amari/agentType/ViewSearch/CustomFieldIDs/65/SearchValues/1383/PropertyTypeID/615,parse_exception:'list' object has no attribute 'text'
Markazi,1384,https://amar.org.ir/salnameh-amari/agentType/ViewSearch/CustomFieldIDs/65/SearchValues/1384/PropertyTypeID/615,parse_exception:'list' object has no attribute 'text'
Markazi,1385,https://amar.org.ir/salnameh-amari/agentType/ViewSearch/CustomFieldIDs/65/SearchValues/1385/PropertyTypeID/615,parse_exception:'list' object has no attribute 'text'
Markazi,1386,https://amar.org.ir/salnameh-amari/agentType/ViewSearch/CustomFieldIDs/65/SearchValues/1386/PropertyTypeID/615,parse_exception:'list' object has no attribute 'text'
Markazi,1387,https://amar.org.ir/salnameh-amari/agentType/ViewSearch/CustomFieldIDs/65/SearchValues/1387/PropertyTypeID/615,parse_exception:'list' object has no attribute 'text'
Markazi,1388,https://amar.org.ir/salnameh-amari/agentType/ViewSearch/CustomFieldIDs/65/SearchValues/1388/PropertyTypeID/615,parse_exception:'list' object has no attribute 'text'
Markazi,1389,https://amar.org.ir/salnameh-amari/agentType/ViewSearch/CustomFieldIDs/65/SearchValues/1389/PropertyTypeID/615,parse_exception:'list' object has no attribute 'text'
Markazi,1390,https://amar.org.ir/salnameh-amari/agentType/ViewSearch/CustomFieldIDs/65/SearchValues/1390/PropertyTypeID/615,parse_exception:'list' object has no attribute 'text'
North Khorasan,1398,https://amar.org.ir/salnameh-amari/agentType/ViewSearch/CustomFieldIDs/65/SearchValues/1398/PropertyTypeID/615,"error:HTTPSConnectionPool(host='amar.org.ir', port=443): Read timed out. (read timeout=15)"
Markazi,1391,https://amar.org.ir/salnameh-amari/agentType/ViewSearch/CustomFieldIDs/65/SearchValues/1391/PropertyTypeID/615,parse_exception:'list' object has no attribute 'text'
Markazi,1393,https://amar.org.ir/salnameh-amari/agentType/ViewSearch/CustomFieldIDs/65/SearchValues/1393/PropertyTypeID/615,parse_exception:'list' object has no attribute 'text'
Markazi,1392,https://amar.org.ir/salnameh-amari/agentType/ViewSearch/CustomFieldIDs/65/SearchValues/1392/PropertyTypeID/615,parse_exception:'list' object has no attribute 'text'
Markazi,1350,https://amar.org.ir/salnameh-amari/agentType/ViewSearch/CustomFieldIDs/65/SearchValues/1350/PropertyTypeID/615,parse_exception:'list' object has no attribute 'text'
Markazi,1395,https://amar.org.ir/salnameh-amari/agentType/ViewSearch/CustomFieldIDs/65/SearchValues/1395/PropertyTypeID/615,parse_exception:'list' object has no attribute 'text'
Markazi,1396,https://amar.org.ir/salnameh-amari/agentType/ViewSearch/CustomFieldIDs/65/SearchValues/1396/PropertyTypeID/615,parse_exception:'list' object has no attribute 'text'
Markazi,1397,https://amar.org.ir/salnameh-amari/agentType/ViewSearch/CustomFieldIDs/65/SearchValues/1397/PropertyTypeID/615,parse_exception:'list' object has no attribute 'text'
Markazi,1399,https://amar.org.ir/salnameh-amari/agentType/ViewSearch/CustomFieldIDs/65/SearchValues/1399/PropertyTypeID/615,parse_exception:'list' object has no attribute 'text'
Markazi,1400,https://amar.org.ir/salnameh-amari/agentType/ViewSearch/CustomFieldIDs/65/SearchValues/1400/PropertyTypeID/615,parse_exception:'list' object has no attribute 'text'
Markazi,1398,https://amar.org.ir/salnameh-amari/agentType/ViewSearch/CustomFieldIDs/65/SearchValues/1398/PropertyTypeID/615,parse_exception:'list' object has no attribute 'text'
Markazi,1401,https://amar.org.ir/salnameh-amari/agentType/ViewSearch/CustomFieldIDs/65/SearchValues/1401/PropertyTypeID/615,parse_exception:'list' object has no attribute 'text'
Markazi,1402,https://amar.org.ir/salnameh-amari/agentType/ViewSearch/CustomFieldIDs/65/SearchValues/1402/PropertyTypeID/615,parse_exception:'list' object has no attribute 'text'
East Azerbaijan,1345,https://amar.org.ir/salnameh-amari/agentType/ViewSearch/CustomFieldIDs/65/SearchValues/1345/PropertyTypeID/615,parse_exception:'list' object has no attribute 'text'
East Azerbaijan,1347,https://amar.org.ir/salnameh-amari/agentType/ViewSearch/CustomFieldIDs/65/SearchValues/1347/PropertyTypeID/615,parse_exception:'list' object has no attribute 'text'
East Azerbaijan,1348,https://amar.org.ir/salnameh-amari/agentType/ViewSearch/CustomFieldIDs/65/SearchValues/1348/PropertyTypeID/615,parse_exception:'list' object has no attribute 'text'
East Azerbaijan,1346,https://amar.org.ir/salnameh-amari/agentType/ViewSearch/CustomFieldIDs/65/SearchValues/1346/PropertyTypeID/615,parse_exception:'list' object has no attribute 'text'
East Azerbaijan,1349,https://amar.org.ir/salnameh-amari/agentType/ViewSearch/CustomFieldIDs/65/SearchValues/1349/PropertyTypeID/615,parse_exception:'list' object has no attribute 'text'
East Azerbaijan,1350,https://amar.org.ir/salnameh-amari/agentType/ViewSearch/CustomFieldIDs/65/SearchValues/1350/PropertyTypeID/615,parse_exception:'list' object has no attribute 'text'
East Azerbaijan,1351,https://amar.org.ir/salnameh-amari/agentType/ViewSearch/CustomFieldIDs/65/SearchValues/1351/PropertyTypeID/615,parse_exception:'list' object has no attribute 'text'
East Azerbaijan,1352,https://amar.org.ir/salnameh-amari/agentType/ViewSearch/CustomFieldIDs/65/SearchValues/1352/PropertyTypeID/615,parse_exception:'list' object has no attribute 'text'
East Azerbaijan,1353,https://amar.org.ir/salnameh-amari/agentType/ViewSearch/CustomFieldIDs/65/SearchValues/1353/PropertyTypeID/615,parse_exception:'list' object has no attribute 'text'
East Azerbaijan,1354,https://amar.org.ir/salnameh-amari/agentType/ViewSearch/CustomFieldIDs/65/SearchValues/1354/PropertyTypeID/615,parse_exception:'list' object has no attribute 'text'
East Azerbaijan,1355,https://amar.org.ir/salnameh-amari/agentType/ViewSearch/CustomFieldIDs/65/SearchValues/1355/PropertyTypeID/615,parse_exception:'list' object has no attribute 'text'
East Azerbaijan,1356,https://amar.org.ir/salnameh-amari/agentType/ViewSearch/CustomFieldIDs/65/SearchValues/1356/PropertyTypeID/615,parse_exception:'list' object has no attribute 'text'
East Azerbaijan,1357,https://amar.org.ir/salnameh-amari/agentType/ViewSearch/CustomFieldIDs/65/SearchValues/1357/PropertyTypeID/615,parse_exception:'list' object has no attribute 'text'
East Azerbaijan,1358,https://amar.org.ir/salnameh-amari/agentType/ViewSearch/CustomFieldIDs/65/SearchValues/1358/PropertyTypeID/615,parse_exception:'list' object has no attribute 'text'
East Azerbaijan,1359,https://amar.org.ir/salnameh-amari/agentType/ViewSearch/CustomFieldIDs/65/SearchValues/1359/PropertyTypeID/615,parse_exception:'list' object has no attribute 'text'
East Azerbaijan,1360,https://amar.org.ir/salnameh-amari/agentType/ViewSearch/CustomFieldIDs/65/SearchValues/1360/PropertyTypeID/615,parse_exception:'list' object has no attribute 'text'
East Azerbaijan,1361,https://amar.org.ir/salnameh-amari/agentType/ViewSearch/CustomFieldIDs/65/SearchValues/1361/PropertyTypeID/615,parse_exception:'list' object has no attribute 'text'
East Azerbaijan,1362,https://amar.org.ir/salnameh-amari/agentType/ViewSearch/CustomFieldIDs/65/SearchValues/1362/PropertyTypeID/615,parse_exception:'list' object has no attribute 'text'
East Azerbaijan,1363,https://amar.org.ir/salnameh-amari/agentType/ViewSearch/CustomFieldIDs/65/SearchValues/1363/PropertyTypeID/615,parse_exception:'list' object has no attribute 'text'
East Azerbaijan,1364,https://amar.org.ir/salnameh-amari/agentType/ViewSearch/CustomFieldIDs/65/SearchValues/1364/PropertyTypeID/615,parse_exception:'list' object has no attribute 'text'
East Azerbaijan,1365,https://amar.org.ir/salnameh-amari/agentType/ViewSearch/CustomFieldIDs/65/SearchValues/1365/PropertyTypeID/615,parse_exception:'list' object has no attribute 'text'
East Azerbaijan,1366,https://amar.org.ir/salnameh-amari/agentType/ViewSearch/CustomFieldIDs/65/SearchValues/1366/PropertyTypeID/615,parse_exception:'list' object has no attribute 'text'
East Azerbaijan,1367,https://amar.org.ir/salnameh-amari/agentType/ViewSearch/CustomFieldIDs/65/SearchValues/1367/PropertyTypeID/615,parse_exception:'list' object has no attribute 'text'
East Azerbaijan,1368,https://amar.org.ir/salnameh-amari/agentType/ViewSearch/CustomFieldIDs/65/SearchValues/1368/PropertyTypeID/615,parse_exception:'list' object has no attribute 'text'
East Azerbaijan,1369,https://amar.org.ir/salnameh-amari/agentType/ViewSearch/CustomFieldIDs/65/SearchValues/1369/PropertyTypeID/615,parse_exception:'list' object has no attribute 'text'
East Azerbaijan,1370,https://amar.org.ir/salnameh-amari/agentType/ViewSearch/CustomFieldIDs/65/SearchValues/1370/PropertyTypeID/615,parse_exception:'list' object has no attribute 'text'
North Khorasan,1400,https://amar.org.ir/salnameh-amari/agentType/ViewSearch/CustomFieldIDs/65/SearchValues/1400/PropertyTypeID/615,"error:HTTPSConnectionPool(host='amar.org.ir', port=443): Read timed out. (read timeout=15)"
East Azerbaijan,1371,https://amar.org.ir/salnameh-amari/agentType/ViewSearch/CustomFieldIDs/65/SearchValues/1371/PropertyTypeID/615,parse_exception:'list' object has no attribute 'text'
East Azerbaijan,1372,https://amar.org.ir/salnameh-amari/agentType/ViewSearch/CustomFieldIDs/65/SearchValues/1372/PropertyTypeID/615,parse_exception:'list' object has no attribute 'text'
East Azerbaijan,1373,https://amar.org.ir/salnameh-amari/agentType/ViewSearch/CustomFieldIDs/65/SearchValues/1373/PropertyTypeID/615,parse_exception:'list' object has no attribute 'text'
East Azerbaijan,1374,https://amar.org.ir/salnameh-amari/agentType/ViewSearch/CustomFieldIDs/65/SearchValues/1374/PropertyTypeID/615,parse_exception:'list' object has no attribute 'text'
East Azerbaijan,1375,https://amar.org.ir/salnameh-amari/agentType/ViewSearch/CustomFieldIDs/65/SearchValues/1375/PropertyTypeID/615,parse_exception:'list' object has no attribute 'text'
East Azerbaijan,1376,https://amar.org.ir/salnameh-amari/agentType/ViewSearch/CustomFieldIDs/65/SearchValues/1376/PropertyTypeID/615,parse_exception:'list' object has no attribute 'text'
East Azerbaijan,1377,https://amar.org.ir/salnameh-amari/agentType/ViewSearch/CustomFieldIDs/65/SearchValues/1377/PropertyTypeID/615,parse_exception:'list' object has no attribute 'text'
East Azerbaijan,1378,https://amar.org.ir/salnameh-amari/agentType/ViewSearch/CustomFieldIDs/65/SearchValues/1378/PropertyTypeID/615,parse_exception:'list' object has no attribute 'text'
East Azerbaijan,1379,https://amar.org.ir/salnameh-amari/agentType/ViewSearch/CustomFieldIDs/65/SearchValues/1379/PropertyTypeID/615,parse_exception:'list' object has no attribute 'text'
East Azerbaijan,1380,https://amar.org.ir/salnameh-amari/agentType/ViewSearch/CustomFieldIDs/65/SearchValues/1380/PropertyTypeID/615,parse_exception:'list' object has no attribute 'text'
East Azerbaijan,1381,https://amar.org.ir/salnameh-amari/agentType/ViewSearch/CustomFieldIDs/65/SearchValues/1381/PropertyTypeID/615,parse_exception:'list' object has no attribute 'text'
East Azerbaijan,1382,https://amar.org.ir/salnameh-amari/agentType/ViewSearch/CustomFieldIDs/65/SearchValues/1382/PropertyTypeID/615,parse_exception:'list' object has no attribute 'text'
East Azerbaijan,1384,https://amar.org.ir/salnameh-amari/agentType/ViewSearch/CustomFieldIDs/65/SearchValues/1384/PropertyTypeID/615,parse_exception:'list' object has no attribute 'text'
East Azerbaijan,1383,https://amar.org.ir/salnameh-amari/agentType/ViewSearch/CustomFieldIDs/65/SearchValues/1383/PropertyTypeID/615,parse_exception:'list' object has no attribute 'text'
East Azerbaijan,1385,https://amar.org.ir/salnameh-amari/agentType/ViewSearch/CustomFieldIDs/65/SearchValues/1385/PropertyTypeID/615,parse_exception:'list' object has no attribute 'text'
East Azerbaijan,1387,https://amar.org.ir/salnameh-amari/agentType/ViewSearch/CustomFieldIDs/65/SearchValues/1387/PropertyTypeID/615,parse_exception:'list' object has no attribute 'text'
East Azerbaijan,1386,https://amar.org.ir/salnameh-amari/agentType/ViewSearch/CustomFieldIDs/65/SearchValues/1386/PropertyTypeID/615,parse_exception:'list' object has no attribute 'text'
East Azerbaijan,1389,https://amar.org.ir/salnameh-amari/agentType/ViewSearch/CustomFieldIDs/65/SearchValues/1389/PropertyTypeID/615,parse_exception:'list' object has no attribute 'text'
East Azerbaijan,1390,https://amar.org.ir/salnameh-amari/agentType/ViewSearch/CustomFieldIDs/65/SearchValues/1390/PropertyTypeID/615,parse_exception:'list' object has no attribute 'text'
Markazi,1394,https://amar.org.ir/salnameh-amari/agentType/ViewSearch/CustomFieldIDs/65/SearchValues/1394/PropertyTypeID/615,parse_exception:'list' object has no attribute 'text'
East Azerbaijan,1392,https://amar.org.ir/salnameh-amari/agentType/ViewSearch/CustomFieldIDs/65/SearchValues/1392/PropertyTypeID/615,parse_exception:'list' object has no attribute 'text'
East Azerbaijan,1391,https://amar.org.ir/salnameh-amari/agentType/ViewSearch/CustomFieldIDs/65/SearchValues/1391/PropertyTypeID/615,parse_exception:'list' object has no attribute 'text'
East Azerbaijan,1393,https://amar.org.ir/salnameh-amari/agentType/ViewSearch/CustomFieldIDs/65/SearchValues/1393/PropertyTypeID/615,parse_exception:'list' object has no attribute 'text'
East Azerbaijan,1394,https://amar.org.ir/salnameh-amari/agentType/ViewSearch/CustomFieldIDs/65/SearchValues/1394/PropertyTypeID/615,parse_exception:'list' object has no attribute 'text'
East Azerbaijan,1395,https://amar.org.ir/salnameh-amari/agentType/ViewSearch/CustomFieldIDs/65/SearchValues/1395/PropertyTypeID/615,parse_exception:'list' object has no attribute 'text'
East Azerbaijan,1396,https://amar.org.ir/salnameh-amari/agentType/ViewSearch/CustomFieldIDs/65/SearchValues/1396/PropertyTypeID/615,parse_exception:'list' object has no attribute 'text'
East Azerbaijan,1397,https://amar.org.ir/salnameh-amari/agentType/ViewSearch/CustomFieldIDs/65/SearchValues/1397/PropertyTypeID/615,parse_exception:'list' object has no attribute 'text'
East Azerbaijan,1398,https://amar.org.ir/salnameh-amari/agentType/ViewSearch/CustomFieldIDs/65/SearchValues/1398/PropertyTypeID/615,parse_exception:'list' object has no attribute 'text'
East Azerbaijan,1399,https://amar.org.ir/salnameh-amari/agentType/ViewSearch/CustomFieldIDs/65/SearchValues/1399/PropertyTypeID/615,parse_exception:'list' object has no attribute 'text'
East Azerbaijan,1400,https://amar.org.ir/salnameh-amari/agentType/ViewSearch/CustomFieldIDs/65/SearchValues/1400/PropertyTypeID/615,parse_exception:'list' object has no attribute 'text'
East Azerbaijan,1401,https://amar.org.ir/salnameh-amari/agentType/ViewSearch/CustomFieldIDs/65/SearchValues/1401/PropertyTypeID/615,parse_exception:'list' object has no attribute 'text'
East Azerbaijan,1402,https://amar.org.ir/salnameh-amari/agentType/ViewSearch/CustomFieldIDs/65/SearchValues/1402/PropertyTypeID/615,parse_exception:'list' object has no attribute 'text'
Chaharmahal and Bakhtiari,1345,https://amar.org.ir/salnameh-amari/agentType/ViewSearch/CustomFieldIDs/65/SearchValues/1345/PropertyTypeID/615,parse_exception:'list' object has no attribute 'text'
Chaharmahal and Bakhtiari,1347,https://amar.org.ir/salnameh-amari/agentType/ViewSearch/CustomFieldIDs/65/SearchValues/1347/PropertyTypeID/615,parse_exception:'list' object has no attribute 'text'
Chaharmahal and Bakhtiari,1346,https://amar.org.ir/salnameh-amari/agentType/ViewSearch/CustomFieldIDs/65/SearchValues/1346/PropertyTypeID/615,parse_exception:'list' object has no attribute 'text'
Chaharmahal and Bakhtiari,1348,https://amar.org.ir/salnameh-amari/agentType/ViewSearch/CustomFieldIDs/65/SearchValues/1348/PropertyTypeID/615,parse_exception:'list' object has no attribute 'text'
Chaharmahal and Bakhtiari,1350,https://amar.org.ir/salnameh-amari/agentType/ViewSearch/CustomFieldIDs/65/SearchValues/1350/PropertyTypeID/615,parse_exception:'list' object has no attribute 'text'
Chaharmahal and Bakhtiari,1349,https://amar.org.ir/salnameh-amari/agentType/ViewSearch/CustomFieldIDs/65/SearchValues/1349/PropertyTypeID/615,parse_exception:'list' object has no attribute 'text'
Chaharmahal and Bakhtiari,1351,https://amar.org.ir/salnameh-amari/agentType/ViewSearch/CustomFieldIDs/65/SearchValues/1351/PropertyTypeID/615,parse_exception:'list' object has no attribute 'text'
Chaharmahal and Bakhtiari,1352,https://amar.org.ir/salnameh-amari/agentType/ViewSearch/CustomFieldIDs/65/SearchValues/1352/PropertyTypeID/615,parse_exception:'list' object has no attribute 'text'
Chaharmahal and Bakhtiari,1353,https://amar.org.ir/salnameh-amari/agentType/ViewSearch/CustomFieldIDs/65/SearchValues/1353/PropertyTypeID/615,parse_exception:'list' object has no attribute 'text'
Chaharmahal and Bakhtiari,1356,https://amar.org.ir/salnameh-amari/agentType/ViewSearch/CustomFieldIDs/65/SearchValues/1356/PropertyTypeID/615,parse_exception:'list' object has no attribute 'text'
Chaharmahal and Bakhtiari,1355,https://amar.org.ir/salnameh-amari/agentType/ViewSearch/CustomFieldIDs/65/SearchValues/1355/PropertyTypeID/615,parse_exception:'list' object has no attribute 'text'
Chaharmahal and Bakhtiari,1354,https://amar.org.ir/salnameh-amari/agentType/ViewSearch/CustomFieldIDs/65/SearchValues/1354/PropertyTypeID/615,parse_exception:'list' object has no attribute 'text'
Chaharmahal and Bakhtiari,1357,https://amar.org.ir/salnameh-amari/agentType/ViewSearch/CustomFieldIDs/65/SearchValues/1357/PropertyTypeID/615,parse_exception:'list' object has no attribute 'text'
Chaharmahal and Bakhtiari,1358,https://amar.org.ir/salnameh-amari/agentType/ViewSearch/CustomFieldIDs/65/SearchValues/1358/PropertyTypeID/615,parse_exception:'list' object has no attribute 'text'
Chaharmahal and Bakhtiari,1359,https://amar.org.ir/salnameh-amari/agentType/ViewSearch/CustomFieldIDs/65/SearchValues/1359/PropertyTypeID/615,parse_exception:'list' object has no attribute 'text'
Chaharmahal and Bakhtiari,1360,https://amar.org.ir/salnameh-amari/agentType/ViewSearch/CustomFieldIDs/65/SearchValues/1360/PropertyTypeID/615,parse_exception:'list' object has no attribute 'text'
Chaharmahal and Bakhtiari,1361,https://amar.org.ir/salnameh-amari/agentType/ViewSearch/CustomFieldIDs/65/SearchValues/1361/PropertyTypeID/615,parse_exception:'list' object has no attribute 'text'
Chaharmahal and Bakhtiari,1362,https://amar.org.ir/salnameh-amari/agentType/ViewSearch/CustomFieldIDs/65/SearchValues/1362/PropertyTypeID/615,parse_exception:'list' object has no attribute 'text'
Chaharmahal and Bakhtiari,1363,https://amar.org.ir/salnameh-amari/agentType/ViewSearch/CustomFieldIDs/65/SearchValues/1363/PropertyTypeID/615,parse_exception:'list' object has no attribute 'text'
Chaharmahal and Bakhtiari,1364,https://amar.org.ir/salnameh-amari/agentType/ViewSearch/CustomFieldIDs/65/SearchValues/1364/PropertyTypeID/615,parse_exception:'list' object has no attribute 'text'
Chaharmahal and Bakhtiari,1365,https://amar.org.ir/salnameh-amari/agentType/ViewSearch/CustomFieldIDs/65/SearchValues/1365/PropertyTypeID/615,parse_exception:'list' object has no attribute 'text'
Chaharmahal and Bakhtiari,1366,https://amar.org.ir/salnameh-amari/agentType/ViewSearch/CustomFieldIDs/65/SearchValues/1366/PropertyTypeID/615,parse_exception:'list' object has no attribute 'text'
Chaharmahal and Bakhtiari,1367,https://amar.org.ir/salnameh-amari/agentType/ViewSearch/CustomFieldIDs/65/SearchValues/1367/PropertyTypeID/615,parse_exception:'list' object has no attribute 'text'
Chaharmahal and Bakhtiari,1368,https://amar.org.ir/salnameh-amari/agentType/ViewSearch/CustomFieldIDs/65/SearchValues/1368/PropertyTypeID/615,parse_exception:'list' object has no attribute 'text'
Chaharmahal and Bakhtiari,1369,https://amar.org.ir/salnameh-amari/agentType/ViewSearch/CustomFieldIDs/65/SearchValues/1369/PropertyTypeID/615,parse_exception:'list' object has no attribute 'text'
Chaharmahal and Bakhtiari,1370,https://amar.org.ir/salnameh-amari/agentType/ViewSearch/CustomFieldIDs/65/SearchValues/1370/PropertyTypeID/615,parse_exception:'list' object has no attribute 'text'
Chaharmahal and Bakhtiari,1371,https://amar.org.ir/salnameh-amari/agentType/ViewSearch/CustomFieldIDs/65/SearchValues/1371/PropertyTypeID/615,parse_exception:'list' object has no attribute 'text'
Chaharmahal and Bakhtiari,1373,https://amar.org.ir/salnameh-amari/agentType/ViewSearch/CustomFieldIDs/65/SearchValues/1373/PropertyTypeID/615,parse_exception:'list' object has no attribute 'text'
Chaharmahal and Bakhtiari,1372,https://amar.org.ir/salnameh-amari/agentType/ViewSearch/CustomFieldIDs/65/SearchValues/1372/PropertyTypeID/615,parse_exception:'list' object has no attribute 'text'
Chaharmahal and Bakhtiari,1374,https://amar.org.ir/salnameh-amari/agentType/ViewSearch/CustomFieldIDs/65/SearchValues/1374/PropertyTypeID/615,parse_exception:'list' object has no attribute 'text'
Chaharmahal and Bakhtiari,1376,https://amar.org.ir/salnameh-amari/agentType/ViewSearch/CustomFieldIDs/65/SearchValues/1376/PropertyTypeID/615,parse_exception:'list' object has no attribute 'text'
Chaharmahal and Bakhtiari,1375,https://amar.org.ir/salnameh-amari/agentType/ViewSearch/CustomFieldIDs/65/SearchValues/1375/PropertyTypeID/615,parse_exception:'list' object has no attribute 'text'
Chaharmahal and Bakhtiari,1377,https://amar.org.ir/salnameh-amari/agentType/ViewSearch/CustomFieldIDs/65/SearchValues/1377/PropertyTypeID/615,parse_exception:'list' object has no attribute 'text'
Chaharmahal and Bakhtiari,1378,https://amar.org.ir/salnameh-amari/agentType/ViewSearch/CustomFieldIDs/65/SearchValues/1378/PropertyTypeID/615,parse_exception:'list' object has no attribute 'text'
Chaharmahal and Bakhtiari,1379,https://amar.org.ir/salnameh-amari/agentType/ViewSearch/CustomFieldIDs/65/SearchValues/1379/PropertyTypeID/615,parse_exception:'list' object has no attribute 'text'
Chaharmahal and Bakhtiari,1380,https://amar.org.ir/salnameh-amari/agentType/ViewSearch/CustomFieldIDs/65/SearchValues/1380/PropertyTypeID/615,parse_exception:'list' object has no attribute 'text'
East Azerbaijan,1388,https://amar.org.ir/salnameh-amari/agentType/ViewSearch/CustomFieldIDs/65/SearchValues/1388/PropertyTypeID/615,parse_exception:'list' object has no attribute 'text'
Chaharmahal and Bakhtiari,1382,https://amar.org.ir/salnameh-amari/agentType/ViewSearch/CustomFieldIDs/65/SearchValues/1382/PropertyTypeID/615,parse_exception:'list' object has no attribute 'text'
Chaharmahal and Bakhtiari,1383,https://amar.org.ir/salnameh-amari/agentType/ViewSearch/CustomFieldIDs/65/SearchValues/1383/PropertyTypeID/615,parse_exception:'list' object has no attribute 'text'
Chaharmahal and Bakhtiari,1385,https://amar.org.ir/salnameh-amari/agentType/ViewSearch/CustomFieldIDs/65/SearchValues/1385/PropertyTypeID/615,parse_exception:'list' object has no attribute 'text'
Chaharmahal and Bakhtiari,1384,https://amar.org.ir/salnameh-amari/agentType/ViewSearch/CustomFieldIDs/65/SearchValues/1384/PropertyTypeID/615,parse_exception:'list' object has no attribute 'text'
Chaharmahal and Bakhtiari,1386,https://amar.org.ir/salnameh-amari/agentType/ViewSearch/CustomFieldIDs/65/SearchValues/1386/PropertyTypeID/615,parse_exception:'list' object has no attribute 'text'
Chaharmahal and Bakhtiari,1388,https://amar.org.ir/salnameh-amari/agentType/ViewSearch/CustomFieldIDs/65/SearchValues/1388/PropertyTypeID/615,parse_exception:'list' object has no attribute 'text'
Chaharmahal and Bakhtiari,1387,https://amar.org.ir/salnameh-amari/agentType/ViewSearch/CustomFieldIDs/65/SearchValues/1387/PropertyTypeID/615,parse_exception:'list' object has no attribute 'text'
Chaharmahal and Bakhtiari,1391,https://amar.org.ir/salnameh-amari/agentType/ViewSearch/CustomFieldIDs/65/SearchValues/1391/PropertyTypeID/615,parse_exception:'list' object has no attribute 'text'
Chaharmahal and Bakhtiari,1390,https://amar.org.ir/salnameh-amari/agentType/ViewSearch/CustomFieldIDs/65/SearchValues/1390/PropertyTypeID/615,parse_exception:'list' object has no attribute 'text'
Chaharmahal and Bakhtiari,1392,https://amar.org.ir/salnameh-amari/agentType/ViewSearch/CustomFieldIDs/65/SearchValues/1392/PropertyTypeID/615,parse_exception:'list' object has no attribute 'text'
Chaharmahal and Bakhtiari,1393,https://amar.org.ir/salnameh-amari/agentType/ViewSearch/CustomFieldIDs/65/SearchValues/1393/PropertyTypeID/615,parse_exception:'list' object has no attribute 'text'
Chaharmahal and Bakhtiari,1394,https://amar.org.ir/salnameh-amari/agentType/ViewSearch/CustomFieldIDs/65/SearchValues/1394/PropertyTypeID/615,parse_exception:'list' object has no attribute 'text'
Chaharmahal and Bakhtiari,1395,https://amar.org.ir/salnameh-amari/agentType/ViewSearch/CustomFieldIDs/65/SearchValues/1395/PropertyTypeID/615,parse_exception:'list' object has no attribute 'text'
Chaharmahal and Bakhtiari,1389,https://amar.org.ir/salnameh-amari/agentType/ViewSearch/CustomFieldIDs/65/SearchValues/1389/PropertyTypeID/615,parse_exception:'list' object has no attribute 'text'
Chaharmahal and Bakhtiari,1397,https://amar.org.ir/salnameh-amari/agentType/ViewSearch/CustomFieldIDs/65/SearchValues/1397/PropertyTypeID/615,parse_exception:'list' object has no attribute 'text'
Chaharmahal and Bakhtiari,1396,https://amar.org.ir/salnameh-amari/agentType/ViewSearch/CustomFieldIDs/65/SearchValues/1396/PropertyTypeID/615,parse_exception:'list' object has no attribute 'text'
Chaharmahal and Bakhtiari,1399,https://amar.org.ir/salnameh-amari/agentType/ViewSearch/CustomFieldIDs/65/SearchValues/1399/PropertyTypeID/615,parse_exception:'list' object has no attribute 'text'
Chaharmahal and Bakhtiari,1398,https://amar.org.ir/salnameh-amari/agentType/ViewSearch/CustomFieldIDs/65/SearchValues/1398/PropertyTypeID/615,parse_exception:'list' object has no attribute 'text'
Chaharmahal and Bakhtiari,1400,https://amar.org.ir/salnameh-amari/agentType/ViewSearch/CustomFieldIDs/65/SearchValues/1400/PropertyTypeID/615,parse_exception:'list' object has no attribute 'text'
Chaharmahal and Bakhtiari,1401,https://amar.org.ir/salnameh-amari/agentType/ViewSearch/CustomFieldIDs/65/SearchValues/1401/PropertyTypeID/615,parse_exception:'list' object has no attribute 'text'
Pars,1345,https://amar.org.ir/salnameh-amari/agentType/ViewSearch/CustomFieldIDs/65/SearchValues/1345/PropertyTypeID/615,parse_exception:'list' object has no attribute 'text'
Chaharmahal and Bakhtiari,1402,https://amar.org.ir/salnameh-amari/agentType/ViewSearch/CustomFieldIDs/65/SearchValues/1402/PropertyTypeID/615,parse_exception:'list' object has no attribute 'text'
Pars,1346,https://amar.org.ir/salnameh-amari/agentType/ViewSearch/CustomFieldIDs/65/SearchValues/1346/PropertyTypeID/615,parse_exception:'list' object has no attribute 'text'
Pars,1347,https://amar.org.ir/salnameh-amari/agentType/ViewSearch/CustomFieldIDs/65/SearchValues/1347/PropertyTypeID/615,parse_exception:'list' object has no attribute 'text'
Pars,1349,https://amar.org.ir/salnameh-amari/agentType/ViewSearch/CustomFieldIDs/65/SearchValues/1349/PropertyTypeID/615,parse_exception:'list' object has no attribute 'text'
Pars,1348,https://amar.org.ir/salnameh-amari/agentType/ViewSearch/CustomFieldIDs/65/SearchValues/1348/PropertyTypeID/615,parse_exception:'list' object has no attribute 'text'
Pars,1352,https://amar.org.ir/salnameh-amari/agentType/ViewSearch/CustomFieldIDs/65/SearchValues/1352/PropertyTypeID/615,parse_exception:'list' object has no attribute 'text'
Pars,1353,https://amar.org.ir/salnameh-amari/agentType/ViewSearch/CustomFieldIDs/65/SearchValues/1353/PropertyTypeID/615,parse_exception:'list' object has no attribute 'text'
Pars,1351,https://amar.org.ir/salnameh-amari/agentType/ViewSearch/CustomFieldIDs/65/SearchValues/1351/PropertyTypeID/615,parse_exception:'list' object has no attribute 'text'
Pars,1350,https://amar.org.ir/salnameh-amari/agentType/ViewSearch/CustomFieldIDs/65/SearchValues/1350/PropertyTypeID/615,parse_exception:'list' object has no attribute 'text'
Pars,1356,https://amar.org.ir/salnameh-amari/agentType/ViewSearch/CustomFieldIDs/65/SearchValues/1356/PropertyTypeID/615,parse_exception:'list' object has no attribute 'text'
Pars,1354,https://amar.org.ir/salnameh-amari/agentType/ViewSearch/CustomFieldIDs/65/SearchValues/1354/PropertyTypeID/615,parse_exception:'list' object has no attribute 'text'
Pars,1357,https://amar.org.ir/salnameh-amari/agentType/ViewSearch/CustomFieldIDs/65/SearchValues/1357/PropertyTypeID/615,parse_exception:'list' object has no attribute 'text'
Pars,1355,https://amar.org.ir/salnameh-amari/agentType/ViewSearch/CustomFieldIDs/65/SearchValues/1355/PropertyTypeID/615,parse_exception:'list' object has no attribute 'text'
Pars,1359,https://amar.org.ir/salnameh-amari/agentType/ViewSearch/CustomFieldIDs/65/SearchValues/1359/PropertyTypeID/615,parse_exception:'list' object has no attribute 'text'
Pars,1358,https://amar.org.ir/salnameh-amari/agentType/ViewSearch/CustomFieldIDs/65/SearchValues/1358/PropertyTypeID/615,parse_exception:'list' object has no attribute 'text'
Pars,1361,https://amar.org.ir/salnameh-amari/agentType/ViewSearch/CustomFieldIDs/65/SearchValues/1361/PropertyTypeID/615,parse_exception:'list' object has no attribute 'text'
Pars,1360,https://amar.org.ir/salnameh-amari/agentType/ViewSearch/CustomFieldIDs/65/SearchValues/1360/PropertyTypeID/615,parse_exception:'list' object has no attribute 'text'
Pars,1362,https://amar.org.ir/salnameh-amari/agentType/ViewSearch/CustomFieldIDs/65/SearchValues/1362/PropertyTypeID/615,parse_exception:'list' object has no attribute 'text'
Pars,1363,https://amar.org.ir/salnameh-amari/agentType/ViewSearch/CustomFieldIDs/65/SearchValues/1363/PropertyTypeID/615,parse_exception:'list' object has no attribute 'text'
Pars,1364,https://amar.org.ir/salnameh-amari/agentType/ViewSearch/CustomFieldIDs/65/SearchValues/1364/PropertyTypeID/615,parse_exception:'list' object has no attribute 'text'
Pars,1365,https://amar.org.ir/salnameh-amari/agentType/ViewSearch/CustomFieldIDs/65/SearchValues/1365/PropertyTypeID/615,parse_exception:'list' object has no attribute 'text'
Pars,1366,https://amar.org.ir/salnameh-amari/agentType/ViewSearch/CustomFieldIDs/65/SearchValues/1366/PropertyTypeID/615,parse_exception:'list' object has no attribute 'text'
Pars,1367,https://amar.org.ir/salnameh-amari/agentType/ViewSearch/CustomFieldIDs/65/SearchValues/1367/PropertyTypeID/615,parse_exception:'list' object has no attribute 'text'
Pars,1368,https://amar.org.ir/salnameh-amari/agentType/ViewSearch/CustomFieldIDs/65/SearchValues/1368/PropertyTypeID/615,parse_exception:'list' object has no attribute 'text'
Pars,1369,https://amar.org.ir/salnameh-amari/agentType/ViewSearch/CustomFieldIDs/65/SearchValues/1369/PropertyTypeID/615,parse_exception:'list' object has no attribute 'text'
Pars,1370,https://amar.org.ir/salnameh-amari/agentType/ViewSearch/CustomFieldIDs/65/SearchValues/1370/PropertyTypeID/615,parse_exception:'list' object has no attribute 'text'
Pars,1372,https://amar.org.ir/salnameh-amari/agentType/ViewSearch/CustomFieldIDs/65/SearchValues/1372/PropertyTypeID/615,parse_exception:'list' object has no attribute 'text'
Pars,1371,https://amar.org.ir/salnameh-amari/agentType/ViewSearch/CustomFieldIDs/65/SearchValues/1371/PropertyTypeID/615,parse_exception:'list' object has no attribute 'text'
Pars,1373,https://amar.org.ir/salnameh-amari/agentType/ViewSearch/CustomFieldIDs/65/SearchValues/1373/PropertyTypeID/615,parse_exception:'list' object has no attribute 'text'
Pars,1374,https://amar.org.ir/salnameh-amari/agentType/ViewSearch/CustomFieldIDs/65/SearchValues/1374/PropertyTypeID/615,parse_exception:'list' object has no attribute 'text'
Pars,1375,https://amar.org.ir/salnameh-amari/agentType/ViewSearch/CustomFieldIDs/65/SearchValues/1375/PropertyTypeID/615,parse_exception:'list' object has no attribute 'text'
Pars,1376,https://amar.org.ir/salnameh-amari/agentType/ViewSearch/CustomFieldIDs/65/SearchValues/1376/PropertyTypeID/615,parse_exception:'list' object has no attribute 'text'
Pars,1377,https://amar.org.ir/salnameh-amari/agentType/ViewSearch/CustomFieldIDs/65/SearchValues/1377/PropertyTypeID/615,parse_exception:'list' object has no attribute 'text'
Pars,1378,https://amar.org.ir/salnameh-amari/agentType/ViewSearch/CustomFieldIDs/65/SearchValues/1378/PropertyTypeID/615,parse_exception:'list' object has no attribute 'text'
Pars,1381,https://amar.org.ir/salnameh-amari/agentType/ViewSearch/CustomFieldIDs/65/SearchValues/1381/PropertyTypeID/615,parse_exception:'list' object has no attribute 'text'
Pars,1380,https://amar.org.ir/salnameh-amari/agentType/ViewSearch/CustomFieldIDs/65/SearchValues/1380/PropertyTypeID/615,parse_exception:'list' object has no attribute 'text'
Chaharmahal and Bakhtiari,1381,https://amar.org.ir/salnameh-amari/agentType/ViewSearch/CustomFieldIDs/65/SearchValues/1381/PropertyTypeID/615,parse_exception:'list' object has no attribute 'text'
Pars,1382,https://amar.org.ir/salnameh-amari/agentType/ViewSearch/CustomFieldIDs/65/SearchValues/1382/PropertyTypeID/615,parse_exception:'list' object has no attribute 'text'
Pars,1383,https://amar.org.ir/salnameh-amari/agentType/ViewSearch/CustomFieldIDs/65/SearchValues/1383/PropertyTypeID/615,parse_exception:'list' object has no attribute 'text'
Pars,1384,https://amar.org.ir/salnameh-amari/agentType/ViewSearch/CustomFieldIDs/65/SearchValues/1384/PropertyTypeID/615,parse_exception:'list' object has no attribute 'text'
Pars,1386,https://amar.org.ir/salnameh-amari/agentType/ViewSearch/CustomFieldIDs/65/SearchValues/1386/PropertyTypeID/615,parse_exception:'list' object has no attribute 'text'
Pars,1388,https://amar.org.ir/salnameh-amari/agentType/ViewSearch/CustomFieldIDs/65/SearchValues/1388/PropertyTypeID/615,parse_exception:'list' object has no attribute 'text'
Pars,1387,https://amar.org.ir/salnameh-amari/agentType/ViewSearch/CustomFieldIDs/65/SearchValues/1387/PropertyTypeID/615,parse_exception:'list' object has no attribute 'text'
Pars,1385,https://amar.org.ir/salnameh-amari/agentType/ViewSearch/CustomFieldIDs/65/SearchValues/1385/PropertyTypeID/615,parse_exception:'list' object has no attribute 'text'
Pars,1391,https://amar.org.ir/salnameh-amari/agentType/ViewSearch/CustomFieldIDs/65/SearchValues/1391/PropertyTypeID/615,parse_exception:'list' object has no attribute 'text'
Pars,1390,https://amar.org.ir/salnameh-amari/agentType/ViewSearch/CustomFieldIDs/65/SearchValues/1390/PropertyTypeID/615,parse_exception:'list' object has no attribute 'text'
Pars,1392,https://amar.org.ir/salnameh-amari/agentType/ViewSearch/CustomFieldIDs/65/SearchValues/1392/PropertyTypeID/615,parse_exception:'list' object has no attribute 'text'
Pars,1393,https://amar.org.ir/salnameh-amari/agentType/ViewSearch/CustomFieldIDs/65/SearchValues/1393/PropertyTypeID/615,parse_exception:'list' object has no attribute 'text'
Pars,1394,https://amar.org.ir/salnameh-amari/agentType/ViewSearch/CustomFieldIDs/65/SearchValues/1394/PropertyTypeID/615,parse_exception:'list' object has no attribute 'text'
Pars,1389,https://amar.org.ir/salnameh-amari/agentType/ViewSearch/CustomFieldIDs/65/SearchValues/1389/PropertyTypeID/615,parse_exception:'list' object has no attribute 'text'
Pars,1395,https://amar.org.ir/salnameh-amari/agentType/ViewSearch/CustomFieldIDs/65/SearchValues/1395/PropertyTypeID/615,parse_exception:'list' object has no attribute 'text'
Pars,1396,https://amar.org.ir/salnameh-amari/agentType/ViewSearch/CustomFieldIDs/65/SearchValues/1396/PropertyTypeID/615,parse_exception:'list' object has no attribute 'text'
Pars,1397,https://amar.org.ir/salnameh-amari/agentType/ViewSearch/CustomFieldIDs/65/SearchValues/1397/PropertyTypeID/615,parse_exception:'list' object has no attribute 'text'
Pars,1398,https://amar.org.ir/salnameh-amari/agentType/ViewSearch/CustomFieldIDs/65/SearchValues/1398/PropertyTypeID/615,parse_exception:'list' object has no attribute 'text'
Pars,1399,https://amar.org.ir/salnameh-amari/agentType/ViewSearch/CustomFieldIDs/65/SearchValues/1399/PropertyTypeID/615,parse_exception:'list' object has no attribute 'text'
Pars,1400,https://amar.org.ir/salnameh-amari/agentType/ViewSearch/CustomFieldIDs/65/SearchValues/1400/PropertyTypeID/615,parse_exception:'list' object has no attribute 'text'
Pars,1401,https://amar.org.ir/salnameh-amari/agentType/ViewSearch/CustomFieldIDs/65/SearchValues/1401/PropertyTypeID/615,parse_exception:'list' object has no attribute 'text'
Pars,1402,https://amar.org.ir/salnameh-amari/agentType/ViewSearch/CustomFieldIDs/65/SearchValues/1402/PropertyTypeID/615,parse_exception:'list' object has no attribute 'text'
Gilan,1345,https://amar.org.ir/salnameh-amari/agentType/ViewSearch/CustomFieldIDs/65/SearchValues/1345/PropertyTypeID/615,parse_exception:'list' object has no attribute 'text'
Gilan,1347,https://amar.org.ir/salnameh-amari/agentType/ViewSearch/CustomFieldIDs/65/SearchValues/1347/PropertyTypeID/615,parse_exception:'list' object has no attribute 'text'
Gilan,1346,https://amar.org.ir/salnameh-amari/agentType/ViewSearch/CustomFieldIDs/65/SearchValues/1346/PropertyTypeID/615,parse_exception:'list' object has no attribute 'text'
Gilan,1348,https://amar.org.ir/salnameh-amari/agentType/ViewSearch/CustomFieldIDs/65/SearchValues/1348/PropertyTypeID/615,parse_exception:'list' object has no attribute 'text'
Sistan and Baluchestan,1382,https://amar.org.ir/salnameh-amari/agentType/ViewSearch/CustomFieldIDs/65/SearchValues/1382/PropertyTypeID/615,"error:HTTPConnectionPool(host='amar.org.ir', port=80): Read timed out. (read timeout=15)"
Gilan,1349,https://amar.org.ir/salnameh-amari/agentType/ViewSearch/CustomFieldIDs/65/SearchValues/1349/PropertyTypeID/615,parse_exception:'list' object has no attribute 'text'
Gilan,1352,https://amar.org.ir/salnameh-amari/agentType/ViewSearch/CustomFieldIDs/65/SearchValues/1352/PropertyTypeID/615,parse_exception:'list' object has no attribute 'text'
Gilan,1350,https://amar.org.ir/salnameh-amari/agentType/ViewSearch/CustomFieldIDs/65/SearchValues/1350/PropertyTypeID/615,parse_exception:'list' object has no attribute 'text'
Gilan,1351,https://amar.org.ir/salnameh-amari/agentType/ViewSearch/CustomFieldIDs/65/SearchValues/1351/PropertyTypeID/615,parse_exception:'list' object has no attribute 'text'
Gilan,1353,https://amar.org.ir/salnameh-amari/agentType/ViewSearch/CustomFieldIDs/65/SearchValues/1353/PropertyTypeID/615,parse_exception:'list' object has no attribute 'text'
Gilan,1355,https://amar.org.ir/salnameh-amari/agentType/ViewSearch/CustomFieldIDs/65/SearchValues/1355/PropertyTypeID/615,parse_exception:'list' object has no attribute 'text'
Gilan,1354,https://amar.org.ir/salnameh-amari/agentType/ViewSearch/CustomFieldIDs/65/SearchValues/1354/PropertyTypeID/615,parse_exception:'list' object has no attribute 'text'
Gilan,1356,https://amar.org.ir/salnameh-amari/agentType/ViewSearch/CustomFieldIDs/65/SearchValues/1356/PropertyTypeID/615,parse_exception:'list' object has no attribute 'text'
Gilan,1357,https://amar.org.ir/salnameh-amari/agentType/ViewSearch/CustomFieldIDs/65/SearchValues/1357/PropertyTypeID/615,parse_exception:'list' object has no attribute 'text'
Gilan,1358,https://amar.org.ir/salnameh-amari/agentType/ViewSearch/CustomFieldIDs/65/SearchValues/1358/PropertyTypeID/615,parse_exception:'list' object has no attribute 'text'
Gilan,1359,https://amar.org.ir/salnameh-amari/agentType/ViewSearch/CustomFieldIDs/65/SearchValues/1359/PropertyTypeID/615,parse_exception:'list' object has no attribute 'text'
Gilan,1360,https://amar.org.ir/salnameh-amari/agentType/ViewSearch/CustomFieldIDs/65/SearchValues/1360/PropertyTypeID/615,parse_exception:'list' object has no attribute 'text'
Gilan,1361,https://amar.org.ir/salnameh-amari/agentType/ViewSearch/CustomFieldIDs/65/SearchValues/1361/PropertyTypeID/615,parse_exception:'list' object has no attribute 'text'
Gilan,1362,https://amar.org.ir/salnameh-amari/agentType/ViewSearch/CustomFieldIDs/65/SearchValues/1362/PropertyTypeID/615,parse_exception:'list' object has no attribute 'text'
Gilan,1363,https://amar.org.ir/salnameh-amari/agentType/ViewSearch/CustomFieldIDs/65/SearchValues/1363/PropertyTypeID/615,parse_exception:'list' object has no attribute 'text'
Gilan,1364,https://amar.org.ir/salnameh-amari/agentType/ViewSearch/CustomFieldIDs/65/SearchValues/1364/PropertyTypeID/615,parse_exception:'list' object has no attribute 'text'
Gilan,1365,https://amar.org.ir/salnameh-amari/agentType/ViewSearch/CustomFieldIDs/65/SearchValues/1365/PropertyTypeID/615,parse_exception:'list' object has no attribute 'text'
Gilan,1366,https://amar.org.ir/salnameh-amari/agentType/ViewSearch/CustomFieldIDs/65/SearchValues/1366/PropertyTypeID/615,parse_exception:'list' object has no attribute 'text'
Gilan,1367,https://amar.org.ir/salnameh-amari/agentType/ViewSearch/CustomFieldIDs/65/SearchValues/1367/PropertyTypeID/615,parse_exception:'list' object has no attribute 'text'
Gilan,1368,https://amar.org.ir/salnameh-amari/agentType/ViewSearch/CustomFieldIDs/65/SearchValues/1368/PropertyTypeID/615,parse_exception:'list' object has no attribute 'text'
Gilan,1369,https://amar.org.ir/salnameh-amari/agentType/ViewSearch/CustomFieldIDs/65/SearchValues/1369/PropertyTypeID/615,parse_exception:'list' object has no attribute 'text'
Gilan,1370,https://amar.org.ir/salnameh-amari/agentType/ViewSearch/CustomFieldIDs/65/SearchValues/1370/PropertyTypeID/615,parse_exception:'list' object has no attribute 'text'
Gilan,1371,https://amar.org.ir/salnameh-amari/agentType/ViewSearch/CustomFieldIDs/65/SearchValues/1371/PropertyTypeID/615,parse_exception:'list' object has no attribute 'text'
Gilan,1372,https://amar.org.ir/salnameh-amari/agentType/ViewSearch/CustomFieldIDs/65/SearchValues/1372/PropertyTypeID/615,parse_exception:'list' object has no attribute 'text'
Gilan,1373,https://amar.org.ir/salnameh-amari/agentType/ViewSearch/CustomFieldIDs/65/SearchValues/1373/PropertyTypeID/615,parse_exception:'list' object has no attribute 'text'
Gilan,1375,https://amar.org.ir/salnameh-amari/agentType/ViewSearch/CustomFieldIDs/65/SearchValues/1375/PropertyTypeID/615,parse_exception:'list' object has no attribute 'text'
Gilan,1374,https://amar.org.ir/salnameh-amari/agentType/ViewSearch/CustomFieldIDs/65/SearchValues/1374/PropertyTypeID/615,parse_exception:'list' object has no attribute 'text'
Gilan,1376,https://amar.org.ir/salnameh-amari/agentType/ViewSearch/CustomFieldIDs/65/SearchValues/1376/PropertyTypeID/615,parse_exception:'list' object has no attribute 'text'
Gilan,1377,https://amar.org.ir/salnameh-amari/agentType/ViewSearch/CustomFieldIDs/65/SearchValues/1377/PropertyTypeID/615,parse_exception:'list' object has no attribute 'text'
Gilan,1378,https://amar.org.ir/salnameh-amari/agentType/ViewSearch/CustomFieldIDs/65/SearchValues/1378/PropertyTypeID/615,parse_exception:'list' object has no attribute 'text'
Gilan,1379,https://amar.org.ir/salnameh-amari/agentType/ViewSearch/CustomFieldIDs/65/SearchValues/1379/PropertyTypeID/615,parse_exception:'list' object has no attribute 'text'
Gilan,1380,https://amar.org.ir/salnameh-amari/agentType/ViewSearch/CustomFieldIDs/65/SearchValues/1380/PropertyTypeID/615,parse_exception:'list' object has no attribute 'text'
Gilan,1381,https://amar.org.ir/salnameh-amari/agentType/ViewSearch/CustomFieldIDs/65/SearchValues/1381/PropertyTypeID/615,parse_exception:'list' object has no attribute 'text'
Gilan,1383,https://amar.org.ir/salnameh-amari/agentType/ViewSearch/CustomFieldIDs/65/SearchValues/1383/PropertyTypeID/615,parse_exception:'list' object has no attribute 'text'
Gilan,1382,https://amar.org.ir/salnameh-amari/agentType/ViewSearch/CustomFieldIDs/65/SearchValues/1382/PropertyTypeID/615,parse_exception:'list' object has no attribute 'text'
Pars,1379,https://amar.org.ir/salnameh-amari/agentType/ViewSearch/CustomFieldIDs/65/SearchValues/1379/PropertyTypeID/615,parse_exception:'list' object has no attribute 'text'
Gilan,1387,https://amar.org.ir/salnameh-amari/agentType/ViewSearch/CustomFieldIDs/65/SearchValues/1387/PropertyTypeID/615,parse_exception:'list' object has no attribute 'text'
Gilan,1386,https://amar.org.ir/salnameh-amari/agentType/ViewSearch/CustomFieldIDs/65/SearchValues/1386/PropertyTypeID/615,parse_exception:'list' object has no attribute 'text'
Gilan,1385,https://amar.org.ir/salnameh-amari/agentType/ViewSearch/CustomFieldIDs/65/SearchValues/1385/PropertyTypeID/615,parse_exception:'list' object has no attribute 'text'
Gilan,1388,https://amar.org.ir/salnameh-amari/agentType/ViewSearch/CustomFieldIDs/65/SearchValues/1388/PropertyTypeID/615,parse_exception:'list' object has no attribute 'text'
Gilan,1389,https://amar.org.ir/salnameh-amari/agentType/ViewSearch/CustomFieldIDs/65/SearchValues/1389/PropertyTypeID/615,parse_exception:'list' object has no attribute 'text'
Gilan,1390,https://amar.org.ir/salnameh-amari/agentType/ViewSearch/CustomFieldIDs/65/SearchValues/1390/PropertyTypeID/615,parse_exception:'list' object has no attribute 'text'
Gilan,1391,https://amar.org.ir/salnameh-amari/agentType/ViewSearch/CustomFieldIDs/65/SearchValues/1391/PropertyTypeID/615,parse_exception:'list' object has no attribute 'text'
Gilan,1392,https://amar.org.ir/salnameh-amari/agentType/ViewSearch/CustomFieldIDs/65/SearchValues/1392/PropertyTypeID/615,parse_exception:'list' object has no attribute 'text'
Gilan,1393,https://amar.org.ir/salnameh-amari/agentType/ViewSearch/CustomFieldIDs/65/SearchValues/1393/PropertyTypeID/615,parse_exception:'list' object has no attribute 'text'
Gilan,1394,https://amar.org.ir/salnameh-amari/agentType/ViewSearch/CustomFieldIDs/65/SearchValues/1394/PropertyTypeID/615,parse_exception:'list' object has no attribute 'text'
Gilan,1395,https://amar.org.ir/salnameh-amari/agentType/ViewSearch/CustomFieldIDs/65/SearchValues/1395/PropertyTypeID/615,parse_exception:'list' object has no attribute 'text'
Gilan,1396,https://amar.org.ir/salnameh-amari/agentType/ViewSearch/CustomFieldIDs/65/SearchValues/1396/PropertyTypeID/615,parse_exception:'list' object has no attribute 'text'
Gilan,1397,https://amar.org.ir/salnameh-amari/agentType/ViewSearch/CustomFieldIDs/65/SearchValues/1397/PropertyTypeID/615,parse_exception:'list' object has no attribute 'text'
Gilan,1398,https://amar.org.ir/salnameh-amari/agentType/ViewSearch/CustomFieldIDs/65/SearchValues/1398/PropertyTypeID/615,parse_exception:'list' object has no attribute 'text'
Gilan,1399,https://amar.org.ir/salnameh-amari/agentType/ViewSearch/CustomFieldIDs/65/SearchValues/1399/PropertyTypeID/615,parse_exception:'list' object has no attribute 'text'
Gilan,1400,https://amar.org.ir/salnameh-amari/agentType/ViewSearch/CustomFieldIDs/65/SearchValues/1400/PropertyTypeID/615,parse_exception:'list' object has no attribute 'text'
Gilan,1401,https://amar.org.ir/salnameh-amari/agentType/ViewSearch/CustomFieldIDs/65/SearchValues/1401/PropertyTypeID/615,parse_exception:'list' object has no attribute 'text'
Gilan,1402,https://amar.org.ir/salnameh-amari/agentType/ViewSearch/CustomFieldIDs/65/SearchValues/1402/PropertyTypeID/615,parse_exception:'list' object has no attribute 'text'
Ardabil,1345,https://amar.org.ir/salnameh-amari/agentType/ViewSearch/CustomFieldIDs/65/SearchValues/1345/PropertyTypeID/615,parse_exception:'list' object has no attribute 'text'
Ardabil,1346,https://amar.org.ir/salnameh-amari/agentType/ViewSearch/CustomFieldIDs/65/SearchValues/1346/PropertyTypeID/615,parse_exception:'list' object has no attribute 'text'
Ardabil,1347,https://amar.org.ir/salnameh-amari/agentType/ViewSearch/CustomFieldIDs/65/SearchValues/1347/PropertyTypeID/615,parse_exception:'list' object has no attribute 'text'
Ardabil,1348,https://amar.org.ir/salnameh-amari/agentType/ViewSearch/CustomFieldIDs/65/SearchValues/1348/PropertyTypeID/615,parse_exception:'list' object has no attribute 'text'
Ardabil,1349,https://amar.org.ir/salnameh-amari/agentType/ViewSearch/CustomFieldIDs/65/SearchValues/1349/PropertyTypeID/615,parse_exception:'list' object has no attribute 'text'
Ardabil,1350,https://amar.org.ir/salnameh-amari/agentType/ViewSearch/CustomFieldIDs/65/SearchValues/1350/PropertyTypeID/615,parse_exception:'list' object has no attribute 'text'
Ardabil,1353,https://amar.org.ir/salnameh-amari/agentType/ViewSearch/CustomFieldIDs/65/SearchValues/1353/PropertyTypeID/615,parse_exception:'list' object has no attribute 'text'
Ardabil,1354,https://amar.org.ir/salnameh-amari/agentType/ViewSearch/CustomFieldIDs/65/SearchValues/1354/PropertyTypeID/615,parse_exception:'list' object has no attribute 'text'
Ardabil,1352,https://amar.org.ir/salnameh-amari/agentType/ViewSearch/CustomFieldIDs/65/SearchValues/1352/PropertyTypeID/615,parse_exception:'list' object has no attribute 'text'
Ardabil,1355,https://amar.org.ir/salnameh-amari/agentType/ViewSearch/CustomFieldIDs/65/SearchValues/1355/PropertyTypeID/615,parse_exception:'list' object has no attribute 'text'
Ardabil,1356,https://amar.org.ir/salnameh-amari/agentType/ViewSearch/CustomFieldIDs/65/SearchValues/1356/PropertyTypeID/615,parse_exception:'list' object has no attribute 'text'
Ardabil,1357,https://amar.org.ir/salnameh-amari/agentType/ViewSearch/CustomFieldIDs/65/SearchValues/1357/PropertyTypeID/615,parse_exception:'list' object has no attribute 'text'
Ardabil,1351,https://amar.org.ir/salnameh-amari/agentType/ViewSearch/CustomFieldIDs/65/SearchValues/1351/PropertyTypeID/615,parse_exception:'list' object has no attribute 'text'
Ardabil,1358,https://amar.org.ir/salnameh-amari/agentType/ViewSearch/CustomFieldIDs/65/SearchValues/1358/PropertyTypeID/615,parse_exception:'list' object has no attribute 'text'
Ardabil,1359,https://amar.org.ir/salnameh-amari/agentType/ViewSearch/CustomFieldIDs/65/SearchValues/1359/PropertyTypeID/615,parse_exception:'list' object has no attribute 'text'
Ardabil,1360,https://amar.org.ir/salnameh-amari/agentType/ViewSearch/CustomFieldIDs/65/SearchValues/1360/PropertyTypeID/615,parse_exception:'list' object has no attribute 'text'
Ardabil,1361,https://amar.org.ir/salnameh-amari/agentType/ViewSearch/CustomFieldIDs/65/SearchValues/1361/PropertyTypeID/615,parse_exception:'list' object has no attribute 'text'
Ardabil,1362,https://amar.org.ir/salnameh-amari/agentType/ViewSearch/CustomFieldIDs/65/SearchValues/1362/PropertyTypeID/615,parse_exception:'list' object has no attribute 'text'
Ardabil,1363,https://amar.org.ir/salnameh-amari/agentType/ViewSearch/CustomFieldIDs/65/SearchValues/1363/PropertyTypeID/615,parse_exception:'list' object has no attribute 'text'
Ardabil,1364,https://amar.org.ir/salnameh-amari/agentType/ViewSearch/CustomFieldIDs/65/SearchValues/1364/PropertyTypeID/615,parse_exception:'list' object has no attribute 'text'
Ardabil,1366,https://amar.org.ir/salnameh-amari/agentType/ViewSearch/CustomFieldIDs/65/SearchValues/1366/PropertyTypeID/615,parse_exception:'list' object has no attribute 'text'
Ardabil,1365,https://amar.org.ir/salnameh-amari/agentType/ViewSearch/CustomFieldIDs/65/SearchValues/1365/PropertyTypeID/615,parse_exception:'list' object has no attribute 'text'
Ardabil,1367,https://amar.org.ir/salnameh-amari/agentType/ViewSearch/CustomFieldIDs/65/SearchValues/1367/PropertyTypeID/615,parse_exception:'list' object has no attribute 'text'
Ardabil,1368,https://amar.org.ir/salnameh-amari/agentType/ViewSearch/CustomFieldIDs/65/SearchValues/1368/PropertyTypeID/615,parse_exception:'list' object has no attribute 'text'
Ardabil,1369,https://amar.org.ir/salnameh-amari/agentType/ViewSearch/CustomFieldIDs/65/SearchValues/1369/PropertyTypeID/615,parse_exception:'list' object has no attribute 'text'
Ardabil,1370,https://amar.org.ir/salnameh-amari/agentType/ViewSearch/CustomFieldIDs/65/SearchValues/1370/PropertyTypeID/615,parse_exception:'list' object has no attribute 'text'
Ardabil,1372,https://amar.org.ir/salnameh-amari/agentType/ViewSearch/CustomFieldIDs/65/SearchValues/1372/PropertyTypeID/615,parse_exception:'list' object has no attribute 'text'
Ardabil,1371,https://amar.org.ir/salnameh-amari/agentType/ViewSearch/CustomFieldIDs/65/SearchValues/1371/PropertyTypeID/615,parse_exception:'list' object has no attribute 'text'
Ardabil,1373,https://amar.org.ir/salnameh-amari/agentType/ViewSearch/CustomFieldIDs/65/SearchValues/1373/PropertyTypeID/615,parse_exception:'list' object has no attribute 'text'
Ardabil,1374,https://amar.org.ir/salnameh-amari/agentType/ViewSearch/CustomFieldIDs/65/SearchValues/1374/PropertyTypeID/615,parse_exception:'list' object has no attribute 'text'
Ardabil,1375,https://amar.org.ir/salnameh-amari/agentType/ViewSearch/CustomFieldIDs/65/SearchValues/1375/PropertyTypeID/615,parse_exception:'list' object has no attribute 'text'
Ardabil,1376,https://amar.org.ir/salnameh-amari/agentType/ViewSearch/CustomFieldIDs/65/SearchValues/1376/PropertyTypeID/615,parse_exception:'list' object has no attribute 'text'
Ardabil,1377,https://amar.org.ir/salnameh-amari/agentType/ViewSearch/CustomFieldIDs/65/SearchValues/1377/PropertyTypeID/615,parse_exception:'list' object has no attribute 'text'
Ardabil,1378,https://amar.org.ir/salnameh-amari/agentType/ViewSearch/CustomFieldIDs/65/SearchValues/1378/PropertyTypeID/615,parse_exception:'list' object has no attribute 'text'
Ardabil,1379,https://amar.org.ir/salnameh-amari/agentType/ViewSearch/CustomFieldIDs/65/SearchValues/1379/PropertyTypeID/615,parse_exception:'list' object has no attribute 'text'
Ardabil,1380,https://amar.org.ir/salnameh-amari/agentType/ViewSearch/CustomFieldIDs/65/SearchValues/1380/PropertyTypeID/615,parse_exception:'list' object has no attribute 'text'
Ardabil,1382,https://amar.org.ir/salnameh-amari/agentType/ViewSearch/CustomFieldIDs/65/SearchValues/1382/PropertyTypeID/615,parse_exception:'list' object has no attribute 'text'
Ardabil,1381,https://amar.org.ir/salnameh-amari/agentType/ViewSearch/CustomFieldIDs/65/SearchValues/1381/PropertyTypeID/615,parse_exception:'list' object has no attribute 'text'
Ardabil,1383,https://amar.org.ir/salnameh-amari/agentType/ViewSearch/CustomFieldIDs/65/SearchValues/1383/PropertyTypeID/615,parse_exception:'list' object has no attribute 'text'
Ardabil,1384,https://amar.org.ir/salnameh-amari/agentType/ViewSearch/CustomFieldIDs/65/SearchValues/1384/PropertyTypeID/615,parse_exception:'list' object has no attribute 'text'
Ardabil,1386,https://amar.org.ir/salnameh-amari/agentType/ViewSearch/CustomFieldIDs/65/SearchValues/1386/PropertyTypeID/615,parse_exception:'list' object has no attribute 'text'
Ardabil,1385,https://amar.org.ir/salnameh-amari/agentType/ViewSearch/CustomFieldIDs/65/SearchValues/1385/PropertyTypeID/615,parse_exception:'list' object has no attribute 'text'
Ardabil,1388,https://amar.org.ir/salnameh-amari/agentType/ViewSearch/CustomFieldIDs/65/SearchValues/1388/PropertyTypeID/615,parse_exception:'list' object has no attribute 'text'
Ardabil,1387,https://amar.org.ir/salnameh-amari/agentType/ViewSearch/CustomFieldIDs/65/SearchValues/1387/PropertyTypeID/615,parse_exception:'list' object has no attribute 'text'
Ardabil,1389,https://amar.org.ir/salnameh-amari/agentType/ViewSearch/CustomFieldIDs/65/SearchValues/1389/PropertyTypeID/615,parse_exception:'list' object has no attribute 'text'
Ardabil,1390,https://amar.org.ir/salnameh-amari/agentType/ViewSearch/CustomFieldIDs/65/SearchValues/1390/PropertyTypeID/615,parse_exception:'list' object has no attribute 'text'
Ardabil,1391,https://amar.org.ir/salnameh-amari/agentType/ViewSearch/CustomFieldIDs/65/SearchValues/1391/PropertyTypeID/615,parse_exception:'list' object has no attribute 'text'
Gilan,1384,https://amar.org.ir/salnameh-amari/agentType/ViewSearch/CustomFieldIDs/65/SearchValues/1384/PropertyTypeID/615,parse_exception:'list' object has no attribute 'text'
Ardabil,1395,https://amar.org.ir/salnameh-amari/agentType/ViewSearch/CustomFieldIDs/65/SearchValues/1395/PropertyTypeID/615,parse_exception:'list' object has no attribute 'text'
Ardabil,1394,https://amar.org.ir/salnameh-amari/agentType/ViewSearch/CustomFieldIDs/65/SearchValues/1394/PropertyTypeID/615,parse_exception:'list' object has no attribute 'text'
Ardabil,1396,https://amar.org.ir/salnameh-amari/agentType/ViewSearch/CustomFieldIDs/65/SearchValues/1396/PropertyTypeID/615,parse_exception:'list' object has no attribute 'text'
Ardabil,1393,https://amar.org.ir/salnameh-amari/agentType/ViewSearch/CustomFieldIDs/65/SearchValues/1393/PropertyTypeID/615,parse_exception:'list' object has no attribute 'text'
Ardabil,1397,https://amar.org.ir/salnameh-amari/agentType/ViewSearch/CustomFieldIDs/65/SearchValues/1397/PropertyTypeID/615,parse_exception:'list' object has no attribute 'text'
Ardabil,1398,https://amar.org.ir/salnameh-amari/agentType/ViewSearch/CustomFieldIDs/65/SearchValues/1398/PropertyTypeID/615,parse_exception:'list' object has no attribute 'text'
Ardabil,1400,https://amar.org.ir/salnameh-amari/agentType/ViewSearch/CustomFieldIDs/65/SearchValues/1400/PropertyTypeID/615,parse_exception:'list' object has no attribute 'text'
Ardabil,1399,https://amar.org.ir/salnameh-amari/agentType/ViewSearch/CustomFieldIDs/65/SearchValues/1399/PropertyTypeID/615,parse_exception:'list' object has no attribute 'text'
Ardabil,1401,https://amar.org.ir/salnameh-amari/agentType/ViewSearch/CustomFieldIDs/65/SearchValues/1401/PropertyTypeID/615,parse_exception:'list' object has no attribute 'text'
Ardabil,1402,https://amar.org.ir/salnameh-amari/agentType/ViewSearch/CustomFieldIDs/65/SearchValues/1402/PropertyTypeID/615,parse_exception:'list' object has no attribute 'text'
Qom,1345,https://amar.org.ir/salnameh-amari/agentType/ViewSearch/CustomFieldIDs/65/SearchValues/1345/PropertyTypeID/615,parse_exception:'list' object has no attribute 'text'
Qom,1346,https://amar.org.ir/salnameh-amari/agentType/ViewSearch/CustomFieldIDs/65/SearchValues/1346/PropertyTypeID/615,parse_exception:'list' object has no attribute 'text'
Qom,1348,https://amar.org.ir/salnameh-amari/agentType/ViewSearch/CustomFieldIDs/65/SearchValues/1348/PropertyTypeID/615,parse_exception:'list' object has no attribute 'text'
Qom,1347,https://amar.org.ir/salnameh-amari/agentType/ViewSearch/CustomFieldIDs/65/SearchValues/1347/PropertyTypeID/615,parse_exception:'list' object has no attribute 'text'
Qom,1350,https://amar.org.ir/salnameh-amari/agentType/ViewSearch/CustomFieldIDs/65/SearchValues/1350/PropertyTypeID/615,parse_exception:'list' object has no attribute 'text'
Qom,1349,https://amar.org.ir/salnameh-amari/agentType/ViewSearch/CustomFieldIDs/65/SearchValues/1349/PropertyTypeID/615,parse_exception:'list' object has no attribute 'text'
Qom,1351,https://amar.org.ir/salnameh-amari/agentType/ViewSearch/CustomFieldIDs/65/SearchValues/1351/PropertyTypeID/615,parse_exception:'list' object has no attribute 'text'
Qom,1352,https://amar.org.ir/salnameh-amari/agentType/ViewSearch/CustomFieldIDs/65/SearchValues/1352/PropertyTypeID/615,parse_exception:'list' object has no attribute 'text'
Qom,1354,https://amar.org.ir/salnameh-amari/agentType/ViewSearch/CustomFieldIDs/65/SearchValues/1354/PropertyTypeID/615,parse_exception:'list' object has no attribute 'text'
Qom,1353,https://amar.org.ir/salnameh-amari/agentType/ViewSearch/CustomFieldIDs/65/SearchValues/1353/PropertyTypeID/615,parse_exception:'list' object has no attribute 'text'
Qom,1356,https://amar.org.ir/salnameh-amari/agentType/ViewSearch/CustomFieldIDs/65/SearchValues/1356/PropertyTypeID/615,parse_exception:'list' object has no attribute 'text'
Qom,1355,https://amar.org.ir/salnameh-amari/agentType/ViewSearch/CustomFieldIDs/65/SearchValues/1355/PropertyTypeID/615,parse_exception:'list' object has no attribute 'text'
Qom,1357,https://amar.org.ir/salnameh-amari/agentType/ViewSearch/CustomFieldIDs/65/SearchValues/1357/PropertyTypeID/615,parse_exception:'list' object has no attribute 'text'
Qom,1358,https://amar.org.ir/salnameh-amari/agentType/ViewSearch/CustomFieldIDs/65/SearchValues/1358/PropertyTypeID/615,parse_exception:'list' object has no attribute 'text'
Qom,1359,https://amar.org.ir/salnameh-amari/agentType/ViewSearch/CustomFieldIDs/65/SearchValues/1359/PropertyTypeID/615,parse_exception:'list' object has no attribute 'text'
Qom,1360,https://amar.org.ir/salnameh-amari/agentType/ViewSearch/CustomFieldIDs/65/SearchValues/1360/PropertyTypeID/615,parse_exception:'list' object has no attribute 'text'
Qom,1361,https://amar.org.ir/salnameh-amari/agentType/ViewSearch/CustomFieldIDs/65/SearchValues/1361/PropertyTypeID/615,parse_exception:'list' object has no attribute 'text'
Qom,1362,https://amar.org.ir/salnameh-amari/agentType/ViewSearch/CustomFieldIDs/65/SearchValues/1362/PropertyTypeID/615,parse_exception:'list' object has no attribute 'text'
Qom,1363,https://amar.org.ir/salnameh-amari/agentType/ViewSearch/CustomFieldIDs/65/SearchValues/1363/PropertyTypeID/615,parse_exception:'list' object has no attribute 'text'
Qom,1364,https://amar.org.ir/salnameh-amari/agentType/ViewSearch/CustomFieldIDs/65/SearchValues/1364/PropertyTypeID/615,parse_exception:'list' object has no attribute 'text'
Qom,1365,https://amar.org.ir/salnameh-amari/agentType/ViewSearch/CustomFieldIDs/65/SearchValues/1365/PropertyTypeID/615,parse_exception:'list' object has no attribute 'text'
Qom,1366,https://amar.org.ir/salnameh-amari/agentType/ViewSearch/CustomFieldIDs/65/SearchValues/1366/PropertyTypeID/615,parse_exception:'list' object has no attribute 'text'
Qom,1367,https://amar.org.ir/salnameh-amari/agentType/ViewSearch/CustomFieldIDs/65/SearchValues/1367/PropertyTypeID/615,parse_exception:'list' object has no attribute 'text'
Qom,1369,https://amar.org.ir/salnameh-amari/agentType/ViewSearch/CustomFieldIDs/65/SearchValues/1369/PropertyTypeID/615,parse_exception:'list' object has no attribute 'text'
Qom,1368,https://amar.org.ir/salnameh-amari/agentType/ViewSearch/CustomFieldIDs/65/SearchValues/1368/PropertyTypeID/615,parse_exception:'list' object has no attribute 'text'
Qom,1370,https://amar.org.ir/salnameh-amari/agentType/ViewSearch/CustomFieldIDs/65/SearchValues/1370/PropertyTypeID/615,parse_exception:'list' object has no attribute 'text'
Qom,1371,https://amar.org.ir/salnameh-amari/agentType/ViewSearch/CustomFieldIDs/65/SearchValues/1371/PropertyTypeID/615,parse_exception:'list' object has no attribute 'text'
Qom,1372,https://amar.org.ir/salnameh-amari/agentType/ViewSearch/CustomFieldIDs/65/SearchValues/1372/PropertyTypeID/615,parse_exception:'list' object has no attribute 'text'
Qom,1373,https://amar.org.ir/salnameh-amari/agentType/ViewSearch/CustomFieldIDs/65/SearchValues/1373/PropertyTypeID/615,parse_exception:'list' object has no attribute 'text'
Qom,1374,https://amar.org.ir/salnameh-amari/agentType/ViewSearch/CustomFieldIDs/65/SearchValues/1374/PropertyTypeID/615,parse_exception:'list' object has no attribute 'text'
Qom,1377,https://amar.org.ir/salnameh-amari/agentType/ViewSearch/CustomFieldIDs/65/SearchValues/1377/PropertyTypeID/615,parse_exception:'list' object has no attribute 'text'
Qom,1375,https://amar.org.ir/salnameh-amari/agentType/ViewSearch/CustomFieldIDs/65/SearchValues/1375/PropertyTypeID/615,parse_exception:'list' object has no attribute 'text'
Qom,1376,https://amar.org.ir/salnameh-amari/agentType/ViewSearch/CustomFieldIDs/65/SearchValues/1376/PropertyTypeID/615,parse_exception:'list' object has no attribute 'text'
Qom,1378,https://amar.org.ir/salnameh-amari/agentType/ViewSearch/CustomFieldIDs/65/SearchValues/1378/PropertyTypeID/615,parse_exception:'list' object has no attribute 'text'
Qom,1379,https://amar.org.ir/salnameh-amari/agentType/ViewSearch/CustomFieldIDs/65/SearchValues/1379/PropertyTypeID/615,parse_exception:'list' object has no attribute 'text'
Qom,1380,https://amar.org.ir/salnameh-amari/agentType/ViewSearch/CustomFieldIDs/65/SearchValues/1380/PropertyTypeID/615,parse_exception:'list' object has no attribute 'text'
Qom,1381,https://amar.org.ir/salnameh-amari/agentType/ViewSearch/CustomFieldIDs/65/SearchValues/1381/PropertyTypeID/615,parse_exception:'list' object has no attribute 'text'
Qom,1383,https://amar.org.ir/salnameh-amari/agentType/ViewSearch/CustomFieldIDs/65/SearchValues/1383/PropertyTypeID/615,parse_exception:'list' object has no attribute 'text'
Qom,1384,https://amar.org.ir/salnameh-amari/agentType/ViewSearch/CustomFieldIDs/65/SearchValues/1384/PropertyTypeID/615,parse_exception:'list' object has no attribute 'text'
Qom,1382,https://amar.org.ir/salnameh-amari/agentType/ViewSearch/CustomFieldIDs/65/SearchValues/1382/PropertyTypeID/615,parse_exception:'list' object has no attribute 'text'
Qom,1385,https://amar.org.ir/salnameh-amari/agentType/ViewSearch/CustomFieldIDs/65/SearchValues/1385/PropertyTypeID/615,parse_exception:'list' object has no attribute 'text'
Qom,1386,https://amar.org.ir/salnameh-amari/agentType/ViewSearch/CustomFieldIDs/65/SearchValues/1386/PropertyTypeID/615,parse_exception:'list' object has no attribute 'text'
Qom,1387,https://amar.org.ir/salnameh-amari/agentType/ViewSearch/CustomFieldIDs/65/SearchValues/1387/PropertyTypeID/615,parse_exception:'list' object has no attribute 'text'
Qom,1388,https://amar.org.ir/salnameh-amari/agentType/ViewSearch/CustomFieldIDs/65/SearchValues/1388/PropertyTypeID/615,parse_exception:'list' object has no attribute 'text'
Qom,1389,https://amar.org.ir/salnameh-amari/agentType/ViewSearch/CustomFieldIDs/65/SearchValues/1389/PropertyTypeID/615,parse_exception:'list' object has no attribute 'text'
Qom,1390,https://amar.org.ir/salnameh-amari/agentType/ViewSearch/CustomFieldIDs/65/SearchValues/1390/PropertyTypeID/615,parse_exception:'list' object has no attribute 'text'
Qom,1392,https://amar.org.ir/salnameh-amari/agentType/ViewSearch/CustomFieldIDs/65/SearchValues/1392/PropertyTypeID/615,parse_exception:'list' object has no attribute 'text'
Qom,1393,https://amar.org.ir/salnameh-amari/agentType/ViewSearch/CustomFieldIDs/65/SearchValues/1393/PropertyTypeID/615,parse_exception:'list' object has no attribute 'text'
Qom,1391,https://amar.org.ir/salnameh-amari/agentType/ViewSearch/CustomFieldIDs/65/SearchValues/1391/PropertyTypeID/615,parse_exception:'list' object has no attribute 'text'
Qom,1395,https://amar.org.ir/salnameh-amari/agentType/ViewSearch/CustomFieldIDs/65/SearchValues/1395/PropertyTypeID/615,parse_exception:'list' object has no attribute 'text'
Qom,1394,https://amar.org.ir/salnameh-amari/agentType/ViewSearch/CustomFieldIDs/65/SearchValues/1394/PropertyTypeID/615,parse_exception:'list' object has no attribute 'text'
Qom,1396,https://amar.org.ir/salnameh-amari/agentType/ViewSearch/CustomFieldIDs/65/SearchValues/1396/PropertyTypeID/615,parse_exception:'list' object has no attribute 'text'
Qom,1397,https://amar.org.ir/salnameh-amari/agentType/ViewSearch/CustomFieldIDs/65/SearchValues/1397/PropertyTypeID/615,parse_exception:'list' object has no attribute 'text'
Qom,1398,https://amar.org.ir/salnameh-amari/agentType/ViewSearch/CustomFieldIDs/65/SearchValues/1398/PropertyTypeID/615,parse_exception:'list' object has no attribute 'text'
Qom,1399,https://amar.org.ir/salnameh-amari/agentType/ViewSearch/CustomFieldIDs/65/SearchValues/1399/PropertyTypeID/615,parse_exception:'list' object has no attribute 'text'
Qom,1401,https://amar.org.ir/salnameh-amari/agentType/ViewSearch/CustomFieldIDs/65/SearchValues/1401/PropertyTypeID/615,parse_exception:'list' object has no attribute 'text'
Qom,1400,https://amar.org.ir/salnameh-amari/agentType/ViewSearch/CustomFieldIDs/65/SearchValues/1400/PropertyTypeID/615,parse_exception:'list' object has no attribute 'text'
Bushehr,1345,https://amar.org.ir/salnameh-amari/agentType/ViewSearch/CustomFieldIDs/65/SearchValues/1345/PropertyTypeID/615,parse_exception:'list' object has no attribute 'text'
Bushehr,1346,https://amar.org.ir/salnameh-amari/agentType/ViewSearch/CustomFieldIDs/65/SearchValues/1346/PropertyTypeID/615,parse_exception:'list' object has no attribute 'text'
Bushehr,1347,https://amar.org.ir/salnameh-amari/agentType/ViewSearch/CustomFieldIDs/65/SearchValues/1347/PropertyTypeID/615,parse_exception:'list' object has no attribute 'text'
Qom,1402,https://amar.org.ir/salnameh-amari/agentType/ViewSearch/CustomFieldIDs/65/SearchValues/1402/PropertyTypeID/615,parse_exception:'list' object has no attribute 'text'
Bushehr,1350,https://amar.org.ir/salnameh-amari/agentType/ViewSearch/CustomFieldIDs/65/SearchValues/1350/PropertyTypeID/615,parse_exception:'list' object has no attribute 'text'
Bushehr,1349,https://amar.org.ir/salnameh-amari/agentType/ViewSearch/CustomFieldIDs/65/SearchValues/1349/PropertyTypeID/615,parse_exception:'list' object has no attribute 'text'
Bushehr,1348,https://amar.org.ir/salnameh-amari/agentType/ViewSearch/CustomFieldIDs/65/SearchValues/1348/PropertyTypeID/615,parse_exception:'list' object has no attribute 'text'
Bushehr,1351,https://amar.org.ir/salnameh-amari/agentType/ViewSearch/CustomFieldIDs/65/SearchValues/1351/PropertyTypeID/615,parse_exception:'list' object has no attribute 'text'
Bushehr,1353,https://amar.org.ir/salnameh-amari/agentType/ViewSearch/CustomFieldIDs/65/SearchValues/1353/PropertyTypeID/615,parse_exception:'list' object has no attribute 'text'
Bushehr,1354,https://amar.org.ir/salnameh-amari/agentType/ViewSearch/CustomFieldIDs/65/SearchValues/1354/PropertyTypeID/615,parse_exception:'list' object has no attribute 'text'
Bushehr,1355,https://amar.org.ir/salnameh-amari/agentType/ViewSearch/CustomFieldIDs/65/SearchValues/1355/PropertyTypeID/615,parse_exception:'list' object has no attribute 'text'
Ardabil,1392,https://amar.org.ir/salnameh-amari/agentType/ViewSearch/CustomFieldIDs/65/SearchValues/1392/PropertyTypeID/615,parse_exception:'list' object has no attribute 'text'
Bushehr,1357,https://amar.org.ir/salnameh-amari/agentType/ViewSearch/CustomFieldIDs/65/SearchValues/1357/PropertyTypeID/615,parse_exception:'list' object has no attribute 'text'
Bushehr,1356,https://amar.org.ir/salnameh-amari/agentType/ViewSearch/CustomFieldIDs/65/SearchValues/1356/PropertyTypeID/615,parse_exception:'list' object has no attribute 'text'
Bushehr,1359,https://amar.org.ir/salnameh-amari/agentType/ViewSearch/CustomFieldIDs/65/SearchValues/1359/PropertyTypeID/615,parse_exception:'list' object has no attribute 'text'
Bushehr,1358,https://amar.org.ir/salnameh-amari/agentType/ViewSearch/CustomFieldIDs/65/SearchValues/1358/PropertyTypeID/615,parse_exception:'list' object has no attribute 'text'
Bushehr,1361,https://amar.org.ir/salnameh-amari/agentType/ViewSearch/CustomFieldIDs/65/SearchValues/1361/PropertyTypeID/615,parse_exception:'list' object has no attribute 'text'
Bushehr,1360,https://amar.org.ir/salnameh-amari/agentType/ViewSearch/CustomFieldIDs/65/SearchValues/1360/PropertyTypeID/615,parse_exception:'list' object has no attribute 'text'
Bushehr,1362,https://amar.org.ir/salnameh-amari/agentType/ViewSearch/CustomFieldIDs/65/SearchValues/1362/PropertyTypeID/615,parse_exception:'list' object has no attribute 'text'
Bushehr,1363,https://amar.org.ir/salnameh-amari/agentType/ViewSearch/CustomFieldIDs/65/SearchValues/1363/PropertyTypeID/615,parse_exception:'list' object has no attribute 'text'
Bushehr,1365,https://amar.org.ir/salnameh-amari/agentType/ViewSearch/CustomFieldIDs/65/SearchValues/1365/PropertyTypeID/615,parse_exception:'list' object has no attribute 'text'
Bushehr,1364,https://amar.org.ir/salnameh-amari/agentType/ViewSearch/CustomFieldIDs/65/SearchValues/1364/PropertyTypeID/615,parse_exception:'list' object has no attribute 'text'
Bushehr,1367,https://amar.org.ir/salnameh-amari/agentType/ViewSearch/CustomFieldIDs/65/SearchValues/1367/PropertyTypeID/615,parse_exception:'list' object has no attribute 'text'
Bushehr,1366,https://amar.org.ir/salnameh-amari/agentType/ViewSearch/CustomFieldIDs/65/SearchValues/1366/PropertyTypeID/615,parse_exception:'list' object has no attribute 'text'
Bushehr,1369,https://amar.org.ir/salnameh-amari/agentType/ViewSearch/CustomFieldIDs/65/SearchValues/1369/PropertyTypeID/615,parse_exception:'list' object has no attribute 'text'
Bushehr,1368,https://amar.org.ir/salnameh-amari/agentType/ViewSearch/CustomFieldIDs/65/SearchValues/1368/PropertyTypeID/615,parse_exception:'list' object has no attribute 'text'
Bushehr,1371,https://amar.org.ir/salnameh-amari/agentType/ViewSearch/CustomFieldIDs/65/SearchValues/1371/PropertyTypeID/615,parse_exception:'list' object has no attribute 'text'
Bushehr,1370,https://amar.org.ir/salnameh-amari/agentType/ViewSearch/CustomFieldIDs/65/SearchValues/1370/PropertyTypeID/615,parse_exception:'list' object has no attribute 'text'
Bushehr,1372,https://amar.org.ir/salnameh-amari/agentType/ViewSearch/CustomFieldIDs/65/SearchValues/1372/PropertyTypeID/615,parse_exception:'list' object has no attribute 'text'
Bushehr,1373,https://amar.org.ir/salnameh-amari/agentType/ViewSearch/CustomFieldIDs/65/SearchValues/1373/PropertyTypeID/615,parse_exception:'list' object has no attribute 'text'
Bushehr,1374,https://amar.org.ir/salnameh-amari/agentType/ViewSearch/CustomFieldIDs/65/SearchValues/1374/PropertyTypeID/615,parse_exception:'list' object has no attribute 'text'
Bushehr,1375,https://amar.org.ir/salnameh-amari/agentType/ViewSearch/CustomFieldIDs/65/SearchValues/1375/PropertyTypeID/615,parse_exception:'list' object has no attribute 'text'
Bushehr,1376,https://amar.org.ir/salnameh-amari/agentType/ViewSearch/CustomFieldIDs/65/SearchValues/1376/PropertyTypeID/615,parse_exception:'list' object has no attribute 'text'
Bushehr,1379,https://amar.org.ir/salnameh-amari/agentType/ViewSearch/CustomFieldIDs/65/SearchValues/1379/PropertyTypeID/615,parse_exception:'list' object has no attribute 'text'
Bushehr,1377,https://amar.org.ir/salnameh-amari/agentType/ViewSearch/CustomFieldIDs/65/SearchValues/1377/PropertyTypeID/615,parse_exception:'list' object has no attribute 'text'
Bushehr,1378,https://amar.org.ir/salnameh-amari/agentType/ViewSearch/CustomFieldIDs/65/SearchValues/1378/PropertyTypeID/615,parse_exception:'list' object has no attribute 'text'
Bushehr,1380,https://amar.org.ir/salnameh-amari/agentType/ViewSearch/CustomFieldIDs/65/SearchValues/1380/PropertyTypeID/615,parse_exception:'list' object has no attribute 'text'
Bushehr,1383,https://amar.org.ir/salnameh-amari/agentType/ViewSearch/CustomFieldIDs/65/SearchValues/1383/PropertyTypeID/615,parse_exception:'list' object has no attribute 'text'
Bushehr,1382,https://amar.org.ir/salnameh-amari/agentType/ViewSearch/CustomFieldIDs/65/SearchValues/1382/PropertyTypeID/615,parse_exception:'list' object has no attribute 'text'
Bushehr,1381,https://amar.org.ir/salnameh-amari/agentType/ViewSearch/CustomFieldIDs/65/SearchValues/1381/PropertyTypeID/615,parse_exception:'list' object has no attribute 'text'
Bushehr,1385,https://amar.org.ir/salnameh-amari/agentType/ViewSearch/CustomFieldIDs/65/SearchValues/1385/PropertyTypeID/615,parse_exception:'list' object has no attribute 'text'
Bushehr,1384,https://amar.org.ir/salnameh-amari/agentType/ViewSearch/CustomFieldIDs/65/SearchValues/1384/PropertyTypeID/615,parse_exception:'list' object has no attribute 'text'
Bushehr,1386,https://amar.org.ir/salnameh-amari/agentType/ViewSearch/CustomFieldIDs/65/SearchValues/1386/PropertyTypeID/615,parse_exception:'list' object has no attribute 'text'
Bushehr,1387,https://amar.org.ir/salnameh-amari/agentType/ViewSearch/CustomFieldIDs/65/SearchValues/1387/PropertyTypeID/615,parse_exception:'list' object has no attribute 'text'
Bushehr,1388,https://amar.org.ir/salnameh-amari/agentType/ViewSearch/CustomFieldIDs/65/SearchValues/1388/PropertyTypeID/615,parse_exception:'list' object has no attribute 'text'
Bushehr,1389,https://amar.org.ir/salnameh-amari/agentType/ViewSearch/CustomFieldIDs/65/SearchValues/1389/PropertyTypeID/615,parse_exception:'list' object has no attribute 'text'
Bushehr,1390,https://amar.org.ir/salnameh-amari/agentType/ViewSearch/CustomFieldIDs/65/SearchValues/1390/PropertyTypeID/615,parse_exception:'list' object has no attribute 'text'
Bushehr,1391,https://amar.org.ir/salnameh-amari/agentType/ViewSearch/CustomFieldIDs/65/SearchValues/1391/PropertyTypeID/615,parse_exception:'list' object has no attribute 'text'
Bushehr,1394,https://amar.org.ir/salnameh-amari/agentType/ViewSearch/CustomFieldIDs/65/SearchValues/1394/PropertyTypeID/615,parse_exception:'list' object has no attribute 'text'
Bushehr,1395,https://amar.org.ir/salnameh-amari/agentType/ViewSearch/CustomFieldIDs/65/SearchValues/1395/PropertyTypeID/615,parse_exception:'list' object has no attribute 'text'
Bushehr,1392,https://amar.org.ir/salnameh-amari/agentType/ViewSearch/CustomFieldIDs/65/SearchValues/1392/PropertyTypeID/615,parse_exception:'list' object has no attribute 'text'
Bushehr,1393,https://amar.org.ir/salnameh-amari/agentType/ViewSearch/CustomFieldIDs/65/SearchValues/1393/PropertyTypeID/615,parse_exception:'list' object has no attribute 'text'
Bushehr,1397,https://amar.org.ir/salnameh-amari/agentType/ViewSearch/CustomFieldIDs/65/SearchValues/1397/PropertyTypeID/615,parse_exception:'list' object has no attribute 'text'
Bushehr,1396,https://amar.org.ir/salnameh-amari/agentType/ViewSearch/CustomFieldIDs/65/SearchValues/1396/PropertyTypeID/615,parse_exception:'list' object has no attribute 'text'
Bushehr,1398,https://amar.org.ir/salnameh-amari/agentType/ViewSearch/CustomFieldIDs/65/SearchValues/1398/PropertyTypeID/615,parse_exception:'list' object has no attribute 'text'
Bushehr,1399,https://amar.org.ir/salnameh-amari/agentType/ViewSearch/CustomFieldIDs/65/SearchValues/1399/PropertyTypeID/615,parse_exception:'list' object has no attribute 'text'
Bushehr,1401,https://amar.org.ir/salnameh-amari/agentType/ViewSearch/CustomFieldIDs/65/SearchValues/1401/PropertyTypeID/615,parse_exception:'list' object has no attribute 'text'
Bushehr,1402,https://amar.org.ir/salnameh-amari/agentType/ViewSearch/CustomFieldIDs/65/SearchValues/1402/PropertyTypeID/615,parse_exception:'list' object has no attribute 'text'
Semnan,1345,https://amar.org.ir/salnameh-amari/agentType/ViewSearch/CustomFieldIDs/65/SearchValues/1345/PropertyTypeID/615,parse_exception:'list' object has no attribute 'text'
Semnan,1346,https://amar.org.ir/salnameh-amari/agentType/ViewSearch/CustomFieldIDs/65/SearchValues/1346/PropertyTypeID/615,parse_exception:'list' object has no attribute 'text'
Bushehr,1400,https://amar.org.ir/salnameh-amari/agentType/ViewSearch/CustomFieldIDs/65/SearchValues/1400/PropertyTypeID/615,parse_exception:'list' object has no attribute 'text'
Semnan,1347,https://amar.org.ir/salnameh-amari/agentType/ViewSearch/CustomFieldIDs/65/SearchValues/1347/PropertyTypeID/615,parse_exception:'list' object has no attribute 'text'
Semnan,1348,https://amar.org.ir/salnameh-amari/agentType/ViewSearch/CustomFieldIDs/65/SearchValues/1348/PropertyTypeID/615,parse_exception:'list' object has no attribute 'text'
Semnan,1349,https://amar.org.ir/salnameh-amari/agentType/ViewSearch/CustomFieldIDs/65/SearchValues/1349/PropertyTypeID/615,parse_exception:'list' object has no attribute 'text'
Semnan,1351,https://amar.org.ir/salnameh-amari/agentType/ViewSearch/CustomFieldIDs/65/SearchValues/1351/PropertyTypeID/615,parse_exception:'list' object has no attribute 'text'
Semnan,1350,https://amar.org.ir/salnameh-amari/agentType/ViewSearch/CustomFieldIDs/65/SearchValues/1350/PropertyTypeID/615,parse_exception:'list' object has no attribute 'text'
Semnan,1353,https://amar.org.ir/salnameh-amari/agentType/ViewSearch/CustomFieldIDs/65/SearchValues/1353/PropertyTypeID/615,parse_exception:'list' object has no attribute 'text'
Semnan,1352,https://amar.org.ir/salnameh-amari/agentType/ViewSearch/CustomFieldIDs/65/SearchValues/1352/PropertyTypeID/615,parse_exception:'list' object has no attribute 'text'
Semnan,1354,https://amar.org.ir/salnameh-amari/agentType/ViewSearch/CustomFieldIDs/65/SearchValues/1354/PropertyTypeID/615,parse_exception:'list' object has no attribute 'text'
Semnan,1356,https://amar.org.ir/salnameh-amari/agentType/ViewSearch/CustomFieldIDs/65/SearchValues/1356/PropertyTypeID/615,parse_exception:'list' object has no attribute 'text'
Semnan,1355,https://amar.org.ir/salnameh-amari/agentType/ViewSearch/CustomFieldIDs/65/SearchValues/1355/PropertyTypeID/615,parse_exception:'list' object has no attribute 'text'
Semnan,1357,https://amar.org.ir/salnameh-amari/agentType/ViewSearch/CustomFieldIDs/65/SearchValues/1357/PropertyTypeID/615,parse_exception:'list' object has no attribute 'text'
Semnan,1358,https://amar.org.ir/salnameh-amari/agentType/ViewSearch/CustomFieldIDs/65/SearchValues/1358/PropertyTypeID/615,parse_exception:'list' object has no attribute 'text'
Semnan,1359,https://amar.org.ir/salnameh-amari/agentType/ViewSearch/CustomFieldIDs/65/SearchValues/1359/PropertyTypeID/615,parse_exception:'list' object has no attribute 'text'
Semnan,1360,https://amar.org.ir/salnameh-amari/agentType/ViewSearch/CustomFieldIDs/65/SearchValues/1360/PropertyTypeID/615,parse_exception:'list' object has no attribute 'text'
Semnan,1361,https://amar.org.ir/salnameh-amari/agentType/ViewSearch/CustomFieldIDs/65/SearchValues/1361/PropertyTypeID/615,parse_exception:'list' object has no attribute 'text'
Semnan,1364,https://amar.org.ir/salnameh-amari/agentType/ViewSearch/CustomFieldIDs/65/SearchValues/1364/PropertyTypeID/615,parse_exception:'list' object has no attribute 'text'
Semnan,1363,https://amar.org.ir/salnameh-amari/agentType/ViewSearch/CustomFieldIDs/65/SearchValues/1363/PropertyTypeID/615,parse_exception:'list' object has no attribute 'text'
Semnan,1365,https://amar.org.ir/salnameh-amari/agentType/ViewSearch/CustomFieldIDs/65/SearchValues/1365/PropertyTypeID/615,parse_exception:'list' object has no attribute 'text'
Semnan,1366,https://amar.org.ir/salnameh-amari/agentType/ViewSearch/CustomFieldIDs/65/SearchValues/1366/PropertyTypeID/615,parse_exception:'list' object has no attribute 'text'
Bushehr,1352,https://amar.org.ir/salnameh-amari/agentType/ViewSearch/CustomFieldIDs/65/SearchValues/1352/PropertyTypeID/615,parse_exception:'list' object has no attribute 'text'
Semnan,1367,https://amar.org.ir/salnameh-amari/agentType/ViewSearch/CustomFieldIDs/65/SearchValues/1367/PropertyTypeID/615,parse_exception:'list' object has no attribute 'text'
Semnan,1368,https://amar.org.ir/salnameh-amari/agentType/ViewSearch/CustomFieldIDs/65/SearchValues/1368/PropertyTypeID/615,parse_exception:'list' object has no attribute 'text'
Semnan,1369,https://amar.org.ir/salnameh-amari/agentType/ViewSearch/CustomFieldIDs/65/SearchValues/1369/PropertyTypeID/615,parse_exception:'list' object has no attribute 'text'
Semnan,1370,https://amar.org.ir/salnameh-amari/agentType/ViewSearch/CustomFieldIDs/65/SearchValues/1370/PropertyTypeID/615,parse_exception:'list' object has no attribute 'text'
Semnan,1371,https://amar.org.ir/salnameh-amari/agentType/ViewSearch/CustomFieldIDs/65/SearchValues/1371/PropertyTypeID/615,parse_exception:'list' object has no attribute 'text'
Semnan,1372,https://amar.org.ir/salnameh-amari/agentType/ViewSearch/CustomFieldIDs/65/SearchValues/1372/PropertyTypeID/615,parse_exception:'list' object has no attribute 'text'
Semnan,1375,https://amar.org.ir/salnameh-amari/agentType/ViewSearch/CustomFieldIDs/65/SearchValues/1375/PropertyTypeID/615,parse_exception:'list' object has no attribute 'text'
Semnan,1374,https://amar.org.ir/salnameh-amari/agentType/ViewSearch/CustomFieldIDs/65/SearchValues/1374/PropertyTypeID/615,parse_exception:'list' object has no attribute 'text'
Semnan,1373,https://amar.org.ir/salnameh-amari/agentType/ViewSearch/CustomFieldIDs/65/SearchValues/1373/PropertyTypeID/615,parse_exception:'list' object has no attribute 'text'
Semnan,1376,https://amar.org.ir/salnameh-amari/agentType/ViewSearch/CustomFieldIDs/65/SearchValues/1376/PropertyTypeID/615,parse_exception:'list' object has no attribute 'text'
Semnan,1377,https://amar.org.ir/salnameh-amari/agentType/ViewSearch/CustomFieldIDs/65/SearchValues/1377/PropertyTypeID/615,parse_exception:'list' object has no attribute 'text'
Semnan,1379,https://amar.org.ir/salnameh-amari/agentType/ViewSearch/CustomFieldIDs/65/SearchValues/1379/PropertyTypeID/615,parse_exception:'list' object has no attribute 'text'
Semnan,1378,https://amar.org.ir/salnameh-amari/agentType/ViewSearch/CustomFieldIDs/65/SearchValues/1378/PropertyTypeID/615,parse_exception:'list' object has no attribute 'text'
Semnan,1380,https://amar.org.ir/salnameh-amari/agentType/ViewSearch/CustomFieldIDs/65/SearchValues/1380/PropertyTypeID/615,parse_exception:'list' object has no attribute 'text'
Semnan,1381,https://amar.org.ir/salnameh-amari/agentType/ViewSearch/CustomFieldIDs/65/SearchValues/1381/PropertyTypeID/615,parse_exception:'list' object has no attribute 'text'
Semnan,1382,https://amar.org.ir/salnameh-amari/agentType/ViewSearch/CustomFieldIDs/65/SearchValues/1382/PropertyTypeID/615,parse_exception:'list' object has no attribute 'text'
Semnan,1383,https://amar.org.ir/salnameh-amari/agentType/ViewSearch/CustomFieldIDs/65/SearchValues/1383/PropertyTypeID/615,parse_exception:'list' object has no attribute 'text'
Semnan,1385,https://amar.org.ir/salnameh-amari/agentType/ViewSearch/CustomFieldIDs/65/SearchValues/1385/PropertyTypeID/615,parse_exception:'list' object has no attribute 'text'
Semnan,1384,https://amar.org.ir/salnameh-amari/agentType/ViewSearch/CustomFieldIDs/65/SearchValues/1384/PropertyTypeID/615,parse_exception:'list' object has no attribute 'text'
Semnan,1386,https://amar.org.ir/salnameh-amari/agentType/ViewSearch/CustomFieldIDs/65/SearchValues/1386/PropertyTypeID/615,parse_exception:'list' object has no attribute 'text'
Semnan,1387,https://amar.org.ir/salnameh-amari/agentType/ViewSearch/CustomFieldIDs/65/SearchValues/1387/PropertyTypeID/615,parse_exception:'list' object has no attribute 'text'
Semnan,1388,https://amar.org.ir/salnameh-amari/agentType/ViewSearch/CustomFieldIDs/65/SearchValues/1388/PropertyTypeID/615,parse_exception:'list' object has no attribute 'text'
Semnan,1389,https://amar.org.ir/salnameh-amari/agentType/ViewSearch/CustomFieldIDs/65/SearchValues/1389/PropertyTypeID/615,parse_exception:'list' object has no attribute 'text'
Semnan,1390,https://amar.org.ir/salnameh-amari/agentType/ViewSearch/CustomFieldIDs/65/SearchValues/1390/PropertyTypeID/615,parse_exception:'list' object has no attribute 'text'
Semnan,1391,https://amar.org.ir/salnameh-amari/agentType/ViewSearch/CustomFieldIDs/65/SearchValues/1391/PropertyTypeID/615,parse_exception:'list' object has no attribute 'text'
Semnan,1392,https://amar.org.ir/salnameh-amari/agentType/ViewSearch/CustomFieldIDs/65/SearchValues/1392/PropertyTypeID/615,parse_exception:'list' object has no attribute 'text'
Semnan,1393,https://amar.org.ir/salnameh-amari/agentType/ViewSearch/CustomFieldIDs/65/SearchValues/1393/PropertyTypeID/615,parse_exception:'list' object has no attribute 'text'
Semnan,1394,https://amar.org.ir/salnameh-amari/agentType/ViewSearch/CustomFieldIDs/65/SearchValues/1394/PropertyTypeID/615,parse_exception:'list' object has no attribute 'text'
Semnan,1395,https://amar.org.ir/salnameh-amari/agentType/ViewSearch/CustomFieldIDs/65/SearchValues/1395/PropertyTypeID/615,parse_exception:'list' object has no attribute 'text'
Semnan,1396,https://amar.org.ir/salnameh-amari/agentType/ViewSearch/CustomFieldIDs/65/SearchValues/1396/PropertyTypeID/615,parse_exception:'list' object has no attribute 'text'
Semnan,1397,https://amar.org.ir/salnameh-amari/agentType/ViewSearch/CustomFieldIDs/65/SearchValues/1397/PropertyTypeID/615,parse_exception:'list' object has no attribute 'text'
Semnan,1398,https://amar.org.ir/salnameh-amari/agentType/ViewSearch/CustomFieldIDs/65/SearchValues/1398/PropertyTypeID/615,parse_exception:'list' object has no attribute 'text'
Semnan,1399,https://amar.org.ir/salnameh-amari/agentType/ViewSearch/CustomFieldIDs/65/SearchValues/1399/PropertyTypeID/615,parse_exception:'list' object has no attribute 'text'
Semnan,1400,https://amar.org.ir/salnameh-amari/agentType/ViewSearch/CustomFieldIDs/65/SearchValues/1400/PropertyTypeID/615,parse_exception:'list' object has no attribute 'text'
Semnan,1401,https://amar.org.ir/salnameh-amari/agentType/ViewSearch/CustomFieldIDs/65/SearchValues/1401/PropertyTypeID/615,parse_exception:'list' object has no attribute 'text'
Semnan,1402,https://amar.org.ir/salnameh-amari/agentType/ViewSearch/CustomFieldIDs/65/SearchValues/1402/PropertyTypeID/615,parse_exception:'list' object has no attribute 'text'
West Azerbaijan,1345,https://amar.org.ir/salnameh-amari/agentType/ViewSearch/CustomFieldIDs/65/SearchValues/1345/PropertyTypeID/616,parse_exception:'list' object has no attribute 'text'
West Azerbaijan,1346,https://amar.org.ir/salnameh-amari/agentType/ViewSearch/CustomFieldIDs/65/SearchValues/1346/PropertyTypeID/616,parse_exception:'list' object has no attribute 'text'
West Azerbaijan,1349,https://amar.org.ir/salnameh-amari/agentType/ViewSearch/CustomFieldIDs/65/SearchValues/1349/PropertyTypeID/616,parse_exception:'list' object has no attribute 'text'
West Azerbaijan,1348,https://amar.org.ir/salnameh-amari/agentType/ViewSearch/CustomFieldIDs/65/SearchValues/1348/PropertyTypeID/616,parse_exception:'list' object has no attribute 'text'
West Azerbaijan,1347,https://amar.org.ir/salnameh-amari/agentType/ViewSearch/CustomFieldIDs/65/SearchValues/1347/PropertyTypeID/616,parse_exception:'list' object has no attribute 'text'
West Azerbaijan,1350,https://amar.org.ir/salnameh-amari/agentType/ViewSearch/CustomFieldIDs/65/SearchValues/1350/PropertyTypeID/616,parse_exception:'list' object has no attribute 'text'
West Azerbaijan,1351,https://amar.org.ir/salnameh-amari/agentType/ViewSearch/CustomFieldIDs/65/SearchValues/1351/PropertyTypeID/616,parse_exception:'list' object has no attribute 'text'
West Azerbaijan,1354,https://amar.org.ir/salnameh-amari/agentType/ViewSearch/CustomFieldIDs/65/SearchValues/1354/PropertyTypeID/616,parse_exception:'list' object has no attribute 'text'
Kurdistan,1370,https://amar.org.ir/salnameh-amari/agentType/ViewSearch/CustomFieldIDs/65/SearchValues/1370/PropertyTypeID/615,"error:HTTPConnectionPool(host='amar.org.ir', port=80): Read timed out. (read timeout=15)"
Semnan,1362,https://amar.org.ir/salnameh-amari/agentType/ViewSearch/CustomFieldIDs/65/SearchValues/1362/PropertyTypeID/615,parse_exception:'list' object has no attribute 'text'
West Azerbaijan,1352,https://amar.org.ir/salnameh-amari/agentType/ViewSearch/CustomFieldIDs/65/SearchValues/1352/PropertyTypeID/616,"error:('Connection aborted.', RemoteDisconnected('Remote end closed connection without response'))"
West Azerbaijan,1353,https://amar.org.ir/salnameh-amari/agentType/ViewSearch/CustomFieldIDs/65/SearchValues/1353/PropertyTypeID/616,"error:('Connection aborted.', RemoteDisconnected('Remote end closed connection without response'))"
West Azerbaijan,1358,https://amar.org.ir/salnameh-amari/agentType/ViewSearch/CustomFieldIDs/65/SearchValues/1358/PropertyTypeID/616,"error:('Connection aborted.', RemoteDisconnected('Remote end closed connection without response'))"
West Azerbaijan,1355,https://amar.org.ir/salnameh-amari/agentType/ViewSearch/CustomFieldIDs/65/SearchValues/1355/PropertyTypeID/616,"error:('Connection aborted.', RemoteDisconnected('Remote end closed connection without response'))"
West Azerbaijan,1357,https://amar.org.ir/salnameh-amari/agentType/ViewSearch/CustomFieldIDs/65/SearchValues/1357/PropertyTypeID/616,"error:('Connection aborted.', ConnectionResetError(54, 'Connection reset by peer'))"
West Azerbaijan,1359,https://amar.org.ir/salnameh-amari/agentType/ViewSearch/CustomFieldIDs/65/SearchValues/1359/PropertyTypeID/616,"error:('Connection aborted.', ConnectionResetError(54, 'Connection reset by peer'))"
West Azerbaijan,1363,https://amar.org.ir/salnameh-amari/agentType/ViewSearch/CustomFieldIDs/65/SearchValues/1363/PropertyTypeID/616,"error:('Connection aborted.', RemoteDisconnected('Remote end closed connection without response'))"
West Azerbaijan,1360,https://amar.org.ir/salnameh-amari/agentType/ViewSearch/CustomFieldIDs/65/SearchValues/1360/PropertyTypeID/616,"error:('Connection aborted.', ConnectionResetError(54, 'Connection reset by peer'))"
West Azerbaijan,1362,https://amar.org.ir/salnameh-amari/agentType/ViewSearch/CustomFieldIDs/65/SearchValues/1362/PropertyTypeID/616,"error:('Connection aborted.', ConnectionResetError(54, 'Connection reset by peer'))"
West Azerbaijan,1364,https://amar.org.ir/salnameh-amari/agentType/ViewSearch/CustomFieldIDs/65/SearchValues/1364/PropertyTypeID/616,"error:('Connection aborted.', ConnectionResetError(54, 'Connection reset by peer'))"
West Azerbaijan,1361,https://amar.org.ir/salnameh-amari/agentType/ViewSearch/CustomFieldIDs/65/SearchValues/1361/PropertyTypeID/616,"error:('Connection aborted.', ConnectionResetError(54, 'Connection reset by peer'))"
West Azerbaijan,1356,https://amar.org.ir/salnameh-amari/agentType/ViewSearch/CustomFieldIDs/65/SearchValues/1356/PropertyTypeID/616,"error:('Connection aborted.', ConnectionResetError(54, 'Connection reset by peer'))"
West Azerbaijan,1365,https://amar.org.ir/salnameh-amari/agentType/ViewSearch/CustomFieldIDs/65/SearchValues/1365/PropertyTypeID/616,"error:('Connection aborted.', ConnectionResetError(54, 'Connection reset by peer'))"
Kurdistan,1392,https://amar.org.ir/salnameh-amari/agentType/ViewSearch/CustomFieldIDs/65/SearchValues/1392/PropertyTypeID/615,"error:HTTPSConnectionPool(host='amar.org.ir', port=443): Read timed out. (read timeout=15)"
Kurdistan,1401,https://amar.org.ir/salnameh-amari/agentType/ViewSearch/CustomFieldIDs/65/SearchValues/1401/PropertyTypeID/615,"error:HTTPConnectionPool(host='amar.org.ir', port=80): Read timed out. (read timeout=15)"
West Azerbaijan,1367,https://amar.org.ir/salnameh-amari/agentType/ViewSearch/CustomFieldIDs/65/SearchValues/1367/PropertyTypeID/616,"error:('Connection aborted.', ConnectionResetError(54, 'Connection reset by peer'))"
West Azerbaijan,1369,https://amar.org.ir/salnameh-amari/agentType/ViewSearch/CustomFieldIDs/65/SearchValues/1369/PropertyTypeID/616,"error:('Connection aborted.', ConnectionResetError(54, 'Connection reset by peer'))"
West Azerbaijan,1368,https://amar.org.ir/salnameh-amari/agentType/ViewSearch/CustomFieldIDs/65/SearchValues/1368/PropertyTypeID/616,"error:('Connection aborted.', ConnectionResetError(54, 'Connection reset by peer'))"
West Azerbaijan,1372,https://amar.org.ir/salnameh-amari/agentType/ViewSearch/CustomFieldIDs/65/SearchValues/1372/PropertyTypeID/616,"error:('Connection aborted.', ConnectionResetError(54, 'Connection reset by peer'))"
West Azerbaijan,1370,https://amar.org.ir/salnameh-amari/agentType/ViewSearch/CustomFieldIDs/65/SearchValues/1370/PropertyTypeID/616,"error:('Connection aborted.', ConnectionResetError(54, 'Connection reset by peer'))"
West Azerbaijan,1371,https://amar.org.ir/salnameh-amari/agentType/ViewSearch/CustomFieldIDs/65/SearchValues/1371/PropertyTypeID/616,"error:('Connection aborted.', ConnectionResetError(54, 'Connection reset by peer'))"
West Azerbaijan,1374,https://amar.org.ir/salnameh-amari/agentType/ViewSearch/CustomFieldIDs/65/SearchValues/1374/PropertyTypeID/616,"error:('Connection aborted.', ConnectionResetError(54, 'Connection reset by peer'))"
West Azerbaijan,1375,https://amar.org.ir/salnameh-amari/agentType/ViewSearch/CustomFieldIDs/65/SearchValues/1375/PropertyTypeID/616,"error:('Connection aborted.', ConnectionResetError(54, 'Connection reset by peer'))"
West Azerbaijan,1377,https://amar.org.ir/salnameh-amari/agentType/ViewSearch/CustomFieldIDs/65/SearchValues/1377/PropertyTypeID/616,"error:('Connection aborted.', ConnectionResetError(54, 'Connection reset by peer'))"
West Azerbaijan,1373,https://amar.org.ir/salnameh-amari/agentType/ViewSearch/CustomFieldIDs/65/SearchValues/1373/PropertyTypeID/616,"error:('Connection aborted.', ConnectionResetError(54, 'Connection reset by peer'))"
West Azerbaijan,1379,https://amar.org.ir/salnameh-amari/agentType/ViewSearch/CustomFieldIDs/65/SearchValues/1379/PropertyTypeID/616,"error:('Connection aborted.', ConnectionResetError(54, 'Connection reset by peer'))"
West Azerbaijan,1380,https://amar.org.ir/salnameh-amari/agentType/ViewSearch/CustomFieldIDs/65/SearchValues/1380/PropertyTypeID/616,"error:('Connection aborted.', ConnectionResetError(54, 'Connection reset by peer'))"
West Azerbaijan,1381,https://amar.org.ir/salnameh-amari/agentType/ViewSearch/CustomFieldIDs/65/SearchValues/1381/PropertyTypeID/616,"error:('Connection aborted.', ConnectionResetError(54, 'Connection reset by peer'))"
West Azerbaijan,1382,https://amar.org.ir/salnameh-amari/agentType/ViewSearch/CustomFieldIDs/65/SearchValues/1382/PropertyTypeID/616,"error:('Connection aborted.', ConnectionResetError(54, 'Connection reset by peer'))"
West Azerbaijan,1383,https://amar.org.ir/salnameh-amari/agentType/ViewSearch/CustomFieldIDs/65/SearchValues/1383/PropertyTypeID/616,"error:('Connection aborted.', ConnectionResetError(54, 'Connection reset by peer'))"
West Azerbaijan,1386,https://amar.org.ir/salnameh-amari/agentType/ViewSearch/CustomFieldIDs/65/SearchValues/1386/PropertyTypeID/616,"error:('Connection aborted.', ConnectionResetError(54, 'Connection reset by peer'))"
West Azerbaijan,1385,https://amar.org.ir/salnameh-amari/agentType/ViewSearch/CustomFieldIDs/65/SearchValues/1385/PropertyTypeID/616,"error:('Connection aborted.', ConnectionResetError(54, 'Connection reset by peer'))"
West Azerbaijan,1387,https://amar.org.ir/salnameh-amari/agentType/ViewSearch/CustomFieldIDs/65/SearchValues/1387/PropertyTypeID/616,"error:('Connection aborted.', ConnectionResetError(54, 'Connection reset by peer'))"
West Azerbaijan,1389,https://amar.org.ir/salnameh-amari/agentType/ViewSearch/CustomFieldIDs/65/SearchValues/1389/PropertyTypeID/616,"error:('Connection aborted.', ConnectionResetError(54, 'Connection reset by peer'))"
West Azerbaijan,1388,https://amar.org.ir/salnameh-amari/agentType/ViewSearch/CustomFieldIDs/65/SearchValues/1388/PropertyTypeID/616,"error:('Connection aborted.', ConnectionResetError(54, 'Connection reset by peer'))"
West Azerbaijan,1390,https://amar.org.ir/salnameh-amari/agentType/ViewSearch/CustomFieldIDs/65/SearchValues/1390/PropertyTypeID/616,"error:('Connection aborted.', ConnectionResetError(54, 'Connection reset by peer'))"
West Azerbaijan,1391,https://amar.org.ir/salnameh-amari/agentType/ViewSearch/CustomFieldIDs/65/SearchValues/1391/PropertyTypeID/616,"error:('Connection aborted.', ConnectionResetError(54, 'Connection reset by peer'))"
West Azerbaijan,1392,https://amar.org.ir/salnameh-amari/agentType/ViewSearch/CustomFieldIDs/65/SearchValues/1392/PropertyTypeID/616,"error:('Connection aborted.', ConnectionResetError(54, 'Connection reset by peer'))"
West Azerbaijan,1393,https://amar.org.ir/salnameh-amari/agentType/ViewSearch/CustomFieldIDs/65/SearchValues/1393/PropertyTypeID/616,"error:('Connection aborted.', ConnectionResetError(54, 'Connection reset by peer'))"
West Azerbaijan,1394,https://amar.org.ir/salnameh-amari/agentType/ViewSearch/CustomFieldIDs/65/SearchValues/1394/PropertyTypeID/616,"error:('Connection aborted.', ConnectionResetError(54, 'Connection reset by peer'))"
West Azerbaijan,1384,https://amar.org.ir/salnameh-amari/agentType/ViewSearch/CustomFieldIDs/65/SearchValues/1384/PropertyTypeID/616,parse_exception:'list' object has no attribute 'text'
West Azerbaijan,1378,https://amar.org.ir/salnameh-amari/agentType/ViewSearch/CustomFieldIDs/65/SearchValues/1378/PropertyTypeID/616,"error:('Connection aborted.', RemoteDisconnected('Remote end closed connection without response'))"
West Azerbaijan,1376,https://amar.org.ir/salnameh-amari/agentType/ViewSearch/CustomFieldIDs/65/SearchValues/1376/PropertyTypeID/616,"error:('Connection aborted.', RemoteDisconnected('Remote end closed connection without response'))"
West Azerbaijan,1396,https://amar.org.ir/salnameh-amari/agentType/ViewSearch/CustomFieldIDs/65/SearchValues/1396/PropertyTypeID/616,"error:('Connection aborted.', ConnectionResetError(54, 'Connection reset by peer'))"
West Azerbaijan,1395,https://amar.org.ir/salnameh-amari/agentType/ViewSearch/CustomFieldIDs/65/SearchValues/1395/PropertyTypeID/616,"error:('Connection aborted.', ConnectionResetError(54, 'Connection reset by peer'))"
West Azerbaijan,1397,https://amar.org.ir/salnameh-amari/agentType/ViewSearch/CustomFieldIDs/65/SearchValues/1397/PropertyTypeID/616,"error:('Connection aborted.', ConnectionResetError(54, 'Connection reset by peer'))"
West Azerbaijan,1398,https://amar.org.ir/salnameh-amari/agentType/ViewSearch/CustomFieldIDs/65/SearchValues/1398/PropertyTypeID/616,"error:('Connection aborted.', ConnectionResetError(54, 'Connection reset by peer'))"
West Azerbaijan,1399,https://amar.org.ir/salnameh-amari/agentType/ViewSearch/CustomFieldIDs/65/SearchValues/1399/PropertyTypeID/616,"error:('Connection aborted.', ConnectionResetError(54, 'Connection reset by peer'))"
West Azerbaijan,1400,https://amar.org.ir/salnameh-amari/agentType/ViewSearch/CustomFieldIDs/65/SearchValues/1400/PropertyTypeID/616,"error:('Connection aborted.', ConnectionResetError(54, 'Connection reset by peer'))"
West Azerbaijan,1402,https://amar.org.ir/salnameh-amari/agentType/ViewSearch/CustomFieldIDs/65/SearchValues/1402/PropertyTypeID/616,"error:('Connection aborted.', ConnectionResetError(54, 'Connection reset by peer'))"
South Khorasan,1345,https://amar.org.ir/salnameh-amari/agentType/ViewSearch/CustomFieldIDs/65/SearchValues/1345/PropertyTypeID/616,"error:('Connection aborted.', ConnectionResetError(54, 'Connection reset by peer'))"
West Azerbaijan,1401,https://amar.org.ir/salnameh-amari/agentType/ViewSearch/CustomFieldIDs/65/SearchValues/1401/PropertyTypeID/616,"error:('Connection aborted.', ConnectionResetError(54, 'Connection reset by peer'))"
South Khorasan,1346,https://amar.org.ir/salnameh-amari/agentType/ViewSearch/CustomFieldIDs/65/SearchValues/1346/PropertyTypeID/616,"error:('Connection aborted.', ConnectionResetError(54, 'Connection reset by peer'))"
South Khorasan,1347,https://amar.org.ir/salnameh-amari/agentType/ViewSearch/CustomFieldIDs/65/SearchValues/1347/PropertyTypeID/616,"error:('Connection aborted.', ConnectionResetError(54, 'Connection reset by peer'))"
Golestan,1355,https://amar.org.ir/salnameh-amari/agentType/ViewSearch/CustomFieldIDs/65/SearchValues/1355/PropertyTypeID/615,"error:HTTPSConnectionPool(host='amar.org.ir', port=443): Read timed out. (read timeout=15)"
South Khorasan,1348,https://amar.org.ir/salnameh-amari/agentType/ViewSearch/CustomFieldIDs/65/SearchValues/1348/PropertyTypeID/616,"error:('Connection aborted.', ConnectionResetError(54, 'Connection reset by peer'))"
South Khorasan,1351,https://amar.org.ir/salnameh-amari/agentType/ViewSearch/CustomFieldIDs/65/SearchValues/1351/PropertyTypeID/616,"error:('Connection aborted.', ConnectionResetError(54, 'Connection reset by peer'))"
South Khorasan,1350,https://amar.org.ir/salnameh-amari/agentType/ViewSearch/CustomFieldIDs/65/SearchValues/1350/PropertyTypeID/616,"error:('Connection aborted.', ConnectionResetError(54, 'Connection reset by peer'))"
South Khorasan,1353,https://amar.org.ir/salnameh-amari/agentType/ViewSearch/CustomFieldIDs/65/SearchValues/1353/PropertyTypeID/616,"error:('Connection aborted.', ConnectionResetError(54, 'Connection reset by peer'))"
South Khorasan,1352,https://amar.org.ir/salnameh-amari/agentType/ViewSearch/CustomFieldIDs/65/SearchValues/1352/PropertyTypeID/616,"error:('Connection aborted.', ConnectionResetError(54, 'Connection reset by peer'))"
South Khorasan,1354,https://amar.org.ir/salnameh-amari/agentType/ViewSearch/CustomFieldIDs/65/SearchValues/1354/PropertyTypeID/616,"error:('Connection aborted.', ConnectionResetError(54, 'Connection reset by peer'))"
South Khorasan,1355,https://amar.org.ir/salnameh-amari/agentType/ViewSearch/CustomFieldIDs/65/SearchValues/1355/PropertyTypeID/616,"error:('Connection aborted.', ConnectionResetError(54, 'Connection reset by peer'))"
South Khorasan,1357,https://amar.org.ir/salnameh-amari/agentType/ViewSearch/CustomFieldIDs/65/SearchValues/1357/PropertyTypeID/616,"error:('Connection aborted.', ConnectionResetError(54, 'Connection reset by peer'))"
South Khorasan,1356,https://amar.org.ir/salnameh-amari/agentType/ViewSearch/CustomFieldIDs/65/SearchValues/1356/PropertyTypeID/616,"error:('Connection aborted.', ConnectionResetError(54, 'Connection reset by peer'))"
South Khorasan,1358,https://amar.org.ir/salnameh-amari/agentType/ViewSearch/CustomFieldIDs/65/SearchValues/1358/PropertyTypeID/616,"error:('Connection aborted.', ConnectionResetError(54, 'Connection reset by peer'))"
South Khorasan,1360,https://amar.org.ir/salnameh-amari/agentType/ViewSearch/CustomFieldIDs/65/SearchValues/1360/PropertyTypeID/616,"error:('Connection aborted.', ConnectionResetError(54, 'Connection reset by peer'))"
South Khorasan,1359,https://amar.org.ir/salnameh-amari/agentType/ViewSearch/CustomFieldIDs/65/SearchValues/1359/PropertyTypeID/616,"error:('Connection aborted.', ConnectionResetError(54, 'Connection reset by peer'))"
Golestan,1356,https://amar.org.ir/salnameh-amari/agentType/ViewSearch/CustomFieldIDs/65/SearchValues/1356/PropertyTypeID/615,"error:HTTPSConnectionPool(host='amar.org.ir', port=443): Read timed out. (read timeout=15)"
South Khorasan,1363,https://amar.org.ir/salnameh-amari/agentType/ViewSearch/CustomFieldIDs/65/SearchValues/1363/PropertyTypeID/616,"error:('Connection aborted.', ConnectionResetError(54, 'Connection reset by peer'))"
South Khorasan,1366,https://amar.org.ir/salnameh-amari/agentType/ViewSearch/CustomFieldIDs/65/SearchValues/1366/PropertyTypeID/616,"error:('Connection aborted.', ConnectionResetError(54, 'Connection reset by peer'))"
South Khorasan,1365,https://amar.org.ir/salnameh-amari/agentType/ViewSearch/CustomFieldIDs/65/SearchValues/1365/PropertyTypeID/616,"error:('Connection aborted.', ConnectionResetError(54, 'Connection reset by peer'))"
South Khorasan,1368,https://amar.org.ir/salnameh-amari/agentType/ViewSearch/CustomFieldIDs/65/SearchValues/1368/PropertyTypeID/616,"error:('Connection aborted.', ConnectionResetError(54, 'Connection reset by peer'))"
South Khorasan,1367,https://amar.org.ir/salnameh-amari/agentType/ViewSearch/CustomFieldIDs/65/SearchValues/1367/PropertyTypeID/616,"error:('Connection aborted.', ConnectionResetError(54, 'Connection reset by peer'))"
South Khorasan,1369,https://amar.org.ir/salnameh-amari/agentType/ViewSearch/CustomFieldIDs/65/SearchValues/1369/PropertyTypeID/616,"error:('Connection aborted.', ConnectionResetError(54, 'Connection reset by peer'))"
South Khorasan,1371,https://amar.org.ir/salnameh-amari/agentType/ViewSearch/CustomFieldIDs/65/SearchValues/1371/PropertyTypeID/616,"error:('Connection aborted.', ConnectionResetError(54, 'Connection reset by peer'))"
South Khorasan,1370,https://amar.org.ir/salnameh-amari/agentType/ViewSearch/CustomFieldIDs/65/SearchValues/1370/PropertyTypeID/616,"error:('Connection aborted.', ConnectionResetError(54, 'Connection reset by peer'))"
South Khorasan,1375,https://amar.org.ir/salnameh-amari/agentType/ViewSearch/CustomFieldIDs/65/SearchValues/1375/PropertyTypeID/616,"error:('Connection aborted.', ConnectionResetError(54, 'Connection reset by peer'))"
South Khorasan,1374,https://amar.org.ir/salnameh-amari/agentType/ViewSearch/CustomFieldIDs/65/SearchValues/1374/PropertyTypeID/616,"error:('Connection aborted.', ConnectionResetError(54, 'Connection reset by peer'))"
South Khorasan,1372,https://amar.org.ir/salnameh-amari/agentType/ViewSearch/CustomFieldIDs/65/SearchValues/1372/PropertyTypeID/616,"error:('Connection aborted.', ConnectionResetError(54, 'Connection reset by peer'))"
South Khorasan,1373,https://amar.org.ir/salnameh-amari/agentType/ViewSearch/CustomFieldIDs/65/SearchValues/1373/PropertyTypeID/616,"error:('Connection aborted.', ConnectionResetError(54, 'Connection reset by peer'))"
West Azerbaijan,1366,https://amar.org.ir/salnameh-amari/agentType/ViewSearch/CustomFieldIDs/65/SearchValues/1366/PropertyTypeID/616,parse_exception:'list' object has no attribute 'text'
South Khorasan,1376,https://amar.org.ir/salnameh-amari/agentType/ViewSearch/CustomFieldIDs/65/SearchValues/1376/PropertyTypeID/616,"error:('Connection aborted.', ConnectionResetError(54, 'Connection reset by peer'))"
South Khorasan,1377,https://amar.org.ir/salnameh-amari/agentType/ViewSearch/CustomFieldIDs/65/SearchValues/1377/PropertyTypeID/616,"error:('Connection aborted.', ConnectionResetError(54, 'Connection reset by peer'))"
South Khorasan,1378,https://amar.org.ir/salnameh-amari/agentType/ViewSearch/CustomFieldIDs/65/SearchValues/1378/PropertyTypeID/616,"error:('Connection aborted.', ConnectionResetError(54, 'Connection reset by peer'))"
South Khorasan,1379,https://amar.org.ir/salnameh-amari/agentType/ViewSearch/CustomFieldIDs/65/SearchValues/1379/PropertyTypeID/616,"error:('Connection aborted.', ConnectionResetError(54, 'Connection reset by peer'))"
South Khorasan,1383,https://amar.org.ir/salnameh-amari/agentType/ViewSearch/CustomFieldIDs/65/SearchValues/1383/PropertyTypeID/616,"error:('Connection aborted.', ConnectionResetError(54, 'Connection reset by peer'))"
South Khorasan,1381,https://amar.org.ir/salnameh-amari/agentType/ViewSearch/CustomFieldIDs/65/SearchValues/1381/PropertyTypeID/616,"error:('Connection aborted.', ConnectionResetError(54, 'Connection reset by peer'))"
South Khorasan,1380,https://amar.org.ir/salnameh-amari/agentType/ViewSearch/CustomFieldIDs/65/SearchValues/1380/PropertyTypeID/616,"error:('Connection aborted.', ConnectionResetError(54, 'Connection reset by peer'))"
South Khorasan,1382,https://amar.org.ir/salnameh-amari/agentType/ViewSearch/CustomFieldIDs/65/SearchValues/1382/PropertyTypeID/616,"error:('Connection aborted.', ConnectionResetError(54, 'Connection reset by peer'))"
South Khorasan,1384,https://amar.org.ir/salnameh-amari/agentType/ViewSearch/CustomFieldIDs/65/SearchValues/1384/PropertyTypeID/616,"error:('Connection aborted.', ConnectionResetError(54, 'Connection reset by peer'))"
South Khorasan,1386,https://amar.org.ir/salnameh-amari/agentType/ViewSearch/CustomFieldIDs/65/SearchValues/1386/PropertyTypeID/616,"error:('Connection aborted.', ConnectionResetError(54, 'Connection reset by peer'))"
South Khorasan,1385,https://amar.org.ir/salnameh-amari/agentType/ViewSearch/CustomFieldIDs/65/SearchValues/1385/PropertyTypeID/616,"error:('Connection aborted.', ConnectionResetError(54, 'Connection reset by peer'))"
South Khorasan,1387,https://amar.org.ir/salnameh-amari/agentType/ViewSearch/CustomFieldIDs/65/SearchValues/1387/PropertyTypeID/616,"error:('Connection aborted.', ConnectionResetError(54, 'Connection reset by peer'))"
South Khorasan,1388,https://amar.org.ir/salnameh-amari/agentType/ViewSearch/CustomFieldIDs/65/SearchValues/1388/PropertyTypeID/616,"error:('Connection aborted.', ConnectionResetError(54, 'Connection reset by peer'))"
Golestan,1375,https://amar.org.ir/salnameh-amari/agentType/ViewSearch/CustomFieldIDs/65/SearchValues/1375/PropertyTypeID/615,"error:HTTPConnectionPool(host='amar.org.ir', port=80): Read timed out. (read timeout=15)"
South Khorasan,1361,https://amar.org.ir/salnameh-amari/agentType/ViewSearch/CustomFieldIDs/65/SearchValues/1361/PropertyTypeID/616,"error:('Connection aborted.', RemoteDisconnected('Remote end closed connection without response'))"
South Khorasan,1390,https://amar.org.ir/salnameh-amari/agentType/ViewSearch/CustomFieldIDs/65/SearchValues/1390/PropertyTypeID/616,"error:('Connection aborted.', ConnectionResetError(54, 'Connection reset by peer'))"
South Khorasan,1362,https://amar.org.ir/salnameh-amari/agentType/ViewSearch/CustomFieldIDs/65/SearchValues/1362/PropertyTypeID/616,"error:('Connection aborted.', RemoteDisconnected('Remote end closed connection without response'))"
South Khorasan,1391,https://amar.org.ir/salnameh-amari/agentType/ViewSearch/CustomFieldIDs/65/SearchValues/1391/PropertyTypeID/616,"error:('Connection aborted.', ConnectionResetError(54, 'Connection reset by peer'))"
South Khorasan,1364,https://amar.org.ir/salnameh-amari/agentType/ViewSearch/CustomFieldIDs/65/SearchValues/1364/PropertyTypeID/616,"error:('Connection aborted.', RemoteDisconnected('Remote end closed connection without response'))"
South Khorasan,1394,https://amar.org.ir/salnameh-amari/agentType/ViewSearch/CustomFieldIDs/65/SearchValues/1394/PropertyTypeID/616,"error:('Connection aborted.', ConnectionResetError(54, 'Connection reset by peer'))"
South Khorasan,1395,https://amar.org.ir/salnameh-amari/agentType/ViewSearch/CustomFieldIDs/65/SearchValues/1395/PropertyTypeID/616,"error:('Connection aborted.', ConnectionResetError(54, 'Connection reset by peer'))"
South Khorasan,1397,https://amar.org.ir/salnameh-amari/agentType/ViewSearch/CustomFieldIDs/65/SearchValues/1397/PropertyTypeID/616,"error:('Connection aborted.', ConnectionResetError(54, 'Connection reset by peer'))"
South Khorasan,1396,https://amar.org.ir/salnameh-amari/agentType/ViewSearch/CustomFieldIDs/65/SearchValues/1396/PropertyTypeID/616,"error:('Connection aborted.', ConnectionResetError(54, 'Connection reset by peer'))"
Golestan,1396,https://amar.org.ir/salnameh-amari/agentType/ViewSearch/CustomFieldIDs/65/SearchValues/1396/PropertyTypeID/615,"error:HTTPConnectionPool(host='amar.org.ir', port=80): Read timed out. (read timeout=15)"
South Khorasan,1400,https://amar.org.ir/salnameh-amari/agentType/ViewSearch/CustomFieldIDs/65/SearchValues/1400/PropertyTypeID/616,"error:('Connection aborted.', ConnectionResetError(54, 'Connection reset by peer'))"
South Khorasan,1399,https://amar.org.ir/salnameh-amari/agentType/ViewSearch/CustomFieldIDs/65/SearchValues/1399/PropertyTypeID/616,"error:('Connection aborted.', ConnectionResetError(54, 'Connection reset by peer'))"
South Khorasan,1402,https://amar.org.ir/salnameh-amari/agentType/ViewSearch/CustomFieldIDs/65/SearchValues/1402/PropertyTypeID/616,"error:('Connection aborted.', ConnectionResetError(54, 'Connection reset by peer'))"
South Khorasan,1401,https://amar.org.ir/salnameh-amari/agentType/ViewSearch/CustomFieldIDs/65/SearchValues/1401/PropertyTypeID/616,"error:('Connection aborted.', ConnectionResetError(54, 'Connection reset by peer'))"
Qazvin,1346,https://amar.org.ir/salnameh-amari/agentType/ViewSearch/CustomFieldIDs/65/SearchValues/1346/PropertyTypeID/616,"error:('Connection aborted.', ConnectionResetError(54, 'Connection reset by peer'))"
Qazvin,1347,https://amar.org.ir/salnameh-amari/agentType/ViewSearch/CustomFieldIDs/65/SearchValues/1347/PropertyTypeID/616,"error:('Connection aborted.', ConnectionResetError(54, 'Connection reset by peer'))"
Qazvin,1348,https://amar.org.ir/salnameh-amari/agentType/ViewSearch/CustomFieldIDs/65/SearchValues/1348/PropertyTypeID/616,"error:('Connection aborted.', ConnectionResetError(54, 'Connection reset by peer'))"
Qazvin,1349,https://amar.org.ir/salnameh-amari/agentType/ViewSearch/CustomFieldIDs/65/SearchValues/1349/PropertyTypeID/616,"error:('Connection aborted.', ConnectionResetError(54, 'Connection reset by peer'))"
Qazvin,1350,https://amar.org.ir/salnameh-amari/agentType/ViewSearch/CustomFieldIDs/65/SearchValues/1350/PropertyTypeID/616,"error:('Connection aborted.', ConnectionResetError(54, 'Connection reset by peer'))"
Qazvin,1353,https://amar.org.ir/salnameh-amari/agentType/ViewSearch/CustomFieldIDs/65/SearchValues/1353/PropertyTypeID/616,"error:('Connection aborted.', ConnectionResetError(54, 'Connection reset by peer'))"
Qazvin,1351,https://amar.org.ir/salnameh-amari/agentType/ViewSearch/CustomFieldIDs/65/SearchValues/1351/PropertyTypeID/616,"error:('Connection aborted.', ConnectionResetError(54, 'Connection reset by peer'))"
Qazvin,1352,https://amar.org.ir/salnameh-amari/agentType/ViewSearch/CustomFieldIDs/65/SearchValues/1352/PropertyTypeID/616,"error:('Connection aborted.', ConnectionResetError(54, 'Connection reset by peer'))"
Qazvin,1354,https://amar.org.ir/salnameh-amari/agentType/ViewSearch/CustomFieldIDs/65/SearchValues/1354/PropertyTypeID/616,"error:('Connection aborted.', ConnectionResetError(54, 'Connection reset by peer'))"
Qazvin,1357,https://amar.org.ir/salnameh-amari/agentType/ViewSearch/CustomFieldIDs/65/SearchValues/1357/PropertyTypeID/616,"error:('Connection aborted.', ConnectionResetError(54, 'Connection reset by peer'))"
Qazvin,1358,https://amar.org.ir/salnameh-amari/agentType/ViewSearch/CustomFieldIDs/65/SearchValues/1358/PropertyTypeID/616,"error:('Connection aborted.', ConnectionResetError(54, 'Connection reset by peer'))"
Qazvin,1359,https://amar.org.ir/salnameh-amari/agentType/ViewSearch/CustomFieldIDs/65/SearchValues/1359/PropertyTypeID/616,"error:('Connection aborted.', ConnectionResetError(54, 'Connection reset by peer'))"
Qazvin,1360,https://amar.org.ir/salnameh-amari/agentType/ViewSearch/CustomFieldIDs/65/SearchValues/1360/PropertyTypeID/616,"error:('Connection aborted.', ConnectionResetError(54, 'Connection reset by peer'))"
Qazvin,1361,https://amar.org.ir/salnameh-amari/agentType/ViewSearch/CustomFieldIDs/65/SearchValues/1361/PropertyTypeID/616,"error:('Connection aborted.', ConnectionResetError(54, 'Connection reset by peer'))"
Qazvin,1362,https://amar.org.ir/salnameh-amari/agentType/ViewSearch/CustomFieldIDs/65/SearchValues/1362/PropertyTypeID/616,"error:('Connection aborted.', ConnectionResetError(54, 'Connection reset by peer'))"
Qazvin,1363,https://amar.org.ir/salnameh-amari/agentType/ViewSearch/CustomFieldIDs/65/SearchValues/1363/PropertyTypeID/616,"error:('Connection aborted.', ConnectionResetError(54, 'Connection reset by peer'))"
South Khorasan,1389,https://amar.org.ir/salnameh-amari/agentType/ViewSearch/CustomFieldIDs/65/SearchValues/1389/PropertyTypeID/616,parse_exception:'list' object has no attribute 'text'
South Khorasan,1392,https://amar.org.ir/salnameh-amari/agentType/ViewSearch/CustomFieldIDs/65/SearchValues/1392/PropertyTypeID/616,"error:('Connection aborted.', RemoteDisconnected('Remote end closed connection without response'))"
South Khorasan,1393,https://amar.org.ir/salnameh-amari/agentType/ViewSearch/CustomFieldIDs/65/SearchValues/1393/PropertyTypeID/616,"error:('Connection aborted.', RemoteDisconnected('Remote end closed connection without response'))"
South Khorasan,1398,https://amar.org.ir/salnameh-amari/agentType/ViewSearch/CustomFieldIDs/65/SearchValues/1398/PropertyTypeID/616,"error:('Connection aborted.', RemoteDisconnected('Remote end closed connection without response'))"
Qazvin,1368,https://amar.org.ir/salnameh-amari/agentType/ViewSearch/CustomFieldIDs/65/SearchValues/1368/PropertyTypeID/616,"error:('Connection aborted.', ConnectionResetError(54, 'Connection reset by peer'))"
Qazvin,1366,https://amar.org.ir/salnameh-amari/agentType/ViewSearch/CustomFieldIDs/65/SearchValues/1366/PropertyTypeID/616,"error:('Connection aborted.', ConnectionResetError(54, 'Connection reset by peer'))"
Qazvin,1365,https://amar.org.ir/salnameh-amari/agentType/ViewSearch/CustomFieldIDs/65/SearchValues/1365/PropertyTypeID/616,"error:('Connection aborted.', ConnectionResetError(54, 'Connection reset by peer'))"
Qazvin,1367,https://amar.org.ir/salnameh-amari/agentType/ViewSearch/CustomFieldIDs/65/SearchValues/1367/PropertyTypeID/616,"error:('Connection aborted.', ConnectionResetError(54, 'Connection reset by peer'))"
Qazvin,1370,https://amar.org.ir/salnameh-amari/agentType/ViewSearch/CustomFieldIDs/65/SearchValues/1370/PropertyTypeID/616,"error:('Connection aborted.', ConnectionResetError(54, 'Connection reset by peer'))"
Qazvin,1369,https://amar.org.ir/salnameh-amari/agentType/ViewSearch/CustomFieldIDs/65/SearchValues/1369/PropertyTypeID/616,"error:('Connection aborted.', ConnectionResetError(54, 'Connection reset by peer'))"
Qazvin,1371,https://amar.org.ir/salnameh-amari/agentType/ViewSearch/CustomFieldIDs/65/SearchValues/1371/PropertyTypeID/616,"error:('Connection aborted.', ConnectionResetError(54, 'Connection reset by peer'))"
Qazvin,1345,https://amar.org.ir/salnameh-amari/agentType/ViewSearch/CustomFieldIDs/65/SearchValues/1345/PropertyTypeID/616,"error:('Connection aborted.', RemoteDisconnected('Remote end closed connection without response'))"
Qazvin,1373,https://amar.org.ir/salnameh-amari/agentType/ViewSearch/CustomFieldIDs/65/SearchValues/1373/PropertyTypeID/616,"error:('Connection aborted.', ConnectionResetError(54, 'Connection reset by peer'))"
Qazvin,1372,https://amar.org.ir/salnameh-amari/agentType/ViewSearch/CustomFieldIDs/65/SearchValues/1372/PropertyTypeID/616,"error:('Connection aborted.', ConnectionResetError(54, 'Connection reset by peer'))"
Qazvin,1377,https://amar.org.ir/salnameh-amari/agentType/ViewSearch/CustomFieldIDs/65/SearchValues/1377/PropertyTypeID/616,"error:('Connection aborted.', ConnectionResetError(54, 'Connection reset by peer'))"
Qazvin,1376,https://amar.org.ir/salnameh-amari/agentType/ViewSearch/CustomFieldIDs/65/SearchValues/1376/PropertyTypeID/616,"error:('Connection aborted.', ConnectionResetError(54, 'Connection reset by peer'))"
Qazvin,1379,https://amar.org.ir/salnameh-amari/agentType/ViewSearch/CustomFieldIDs/65/SearchValues/1379/PropertyTypeID/616,"error:('Connection aborted.', ConnectionResetError(54, 'Connection reset by peer'))"
Qazvin,1383,https://amar.org.ir/salnameh-amari/agentType/ViewSearch/CustomFieldIDs/65/SearchValues/1383/PropertyTypeID/616,"error:('Connection aborted.', ConnectionResetError(54, 'Connection reset by peer'))"
Qazvin,1381,https://amar.org.ir/salnameh-amari/agentType/ViewSearch/CustomFieldIDs/65/SearchValues/1381/PropertyTypeID/616,"error:('Connection aborted.', ConnectionResetError(54, 'Connection reset by peer'))"
Qazvin,1382,https://amar.org.ir/salnameh-amari/agentType/ViewSearch/CustomFieldIDs/65/SearchValues/1382/PropertyTypeID/616,"error:('Connection aborted.', ConnectionResetError(54, 'Connection reset by peer'))"
Qazvin,1380,https://amar.org.ir/salnameh-amari/agentType/ViewSearch/CustomFieldIDs/65/SearchValues/1380/PropertyTypeID/616,"error:('Connection aborted.', ConnectionResetError(54, 'Connection reset by peer'))"
Qazvin,1384,https://amar.org.ir/salnameh-amari/agentType/ViewSearch/CustomFieldIDs/65/SearchValues/1384/PropertyTypeID/616,"error:('Connection aborted.', ConnectionResetError(54, 'Connection reset by peer'))"
Qazvin,1386,https://amar.org.ir/salnameh-amari/agentType/ViewSearch/CustomFieldIDs/65/SearchValues/1386/PropertyTypeID/616,"error:('Connection aborted.', ConnectionResetError(54, 'Connection reset by peer'))"
Qazvin,1385,https://amar.org.ir/salnameh-amari/agentType/ViewSearch/CustomFieldIDs/65/SearchValues/1385/PropertyTypeID/616,"error:('Connection aborted.', ConnectionResetError(54, 'Connection reset by peer'))"
Qazvin,1387,https://amar.org.ir/salnameh-amari/agentType/ViewSearch/CustomFieldIDs/65/SearchValues/1387/PropertyTypeID/616,"error:('Connection aborted.', ConnectionResetError(54, 'Connection reset by peer'))"
Qazvin,1388,https://amar.org.ir/salnameh-amari/agentType/ViewSearch/CustomFieldIDs/65/SearchValues/1388/PropertyTypeID/616,"error:('Connection aborted.', ConnectionResetError(54, 'Connection reset by peer'))"
Qazvin,1364,https://amar.org.ir/salnameh-amari/agentType/ViewSearch/CustomFieldIDs/65/SearchValues/1364/PropertyTypeID/616,"error:('Connection aborted.', RemoteDisconnected('Remote end closed connection without response'))"
Qazvin,1391,https://amar.org.ir/salnameh-amari/agentType/ViewSearch/CustomFieldIDs/65/SearchValues/1391/PropertyTypeID/616,"error:('Connection aborted.', ConnectionResetError(54, 'Connection reset by peer'))"
Qazvin,1390,https://amar.org.ir/salnameh-amari/agentType/ViewSearch/CustomFieldIDs/65/SearchValues/1390/PropertyTypeID/616,"error:('Connection aborted.', ConnectionResetError(54, 'Connection reset by peer'))"
Qazvin,1392,https://amar.org.ir/salnameh-amari/agentType/ViewSearch/CustomFieldIDs/65/SearchValues/1392/PropertyTypeID/616,"error:('Connection aborted.', ConnectionResetError(54, 'Connection reset by peer'))"
Qazvin,1396,https://amar.org.ir/salnameh-amari/agentType/ViewSearch/CustomFieldIDs/65/SearchValues/1396/PropertyTypeID/616,"error:('Connection aborted.', ConnectionResetError(54, 'Connection reset by peer'))"
Qazvin,1393,https://amar.org.ir/salnameh-amari/agentType/ViewSearch/CustomFieldIDs/65/SearchValues/1393/PropertyTypeID/616,"error:('Connection aborted.', ConnectionResetError(54, 'Connection reset by peer'))"
Qazvin,1397,https://amar.org.ir/salnameh-amari/agentType/ViewSearch/CustomFieldIDs/65/SearchValues/1397/PropertyTypeID/616,"error:('Connection aborted.', ConnectionResetError(54, 'Connection reset by peer'))"
Qazvin,1394,https://amar.org.ir/salnameh-amari/agentType/ViewSearch/CustomFieldIDs/65/SearchValues/1394/PropertyTypeID/616,"error:('Connection aborted.', ConnectionResetError(54, 'Connection reset by peer'))"
Qazvin,1395,https://amar.org.ir/salnameh-amari/agentType/ViewSearch/CustomFieldIDs/65/SearchValues/1395/PropertyTypeID/616,"error:('Connection aborted.', ConnectionResetError(54, 'Connection reset by peer'))"
Qazvin,1398,https://amar.org.ir/salnameh-amari/agentType/ViewSearch/CustomFieldIDs/65/SearchValues/1398/PropertyTypeID/616,"error:('Connection aborted.', ConnectionResetError(54, 'Connection reset by peer'))"
Qazvin,1399,https://amar.org.ir/salnameh-amari/agentType/ViewSearch/CustomFieldIDs/65/SearchValues/1399/PropertyTypeID/616,"error:('Connection aborted.', ConnectionResetError(54, 'Connection reset by peer'))"
Qazvin,1378,https://amar.org.ir/salnameh-amari/agentType/ViewSearch/CustomFieldIDs/65/SearchValues/1378/PropertyTypeID/616,parse_exception:'list' object has no attribute 'text'
Qazvin,1400,https://amar.org.ir/salnameh-amari/agentType/ViewSearch/CustomFieldIDs/65/SearchValues/1400/PropertyTypeID/616,"error:('Connection aborted.', ConnectionResetError(54, 'Connection reset by peer'))"
Qazvin,1401,https://amar.org.ir/salnameh-amari/agentType/ViewSearch/CustomFieldIDs/65/SearchValues/1401/PropertyTypeID/616,"error:('Connection aborted.', ConnectionResetError(54, 'Connection reset by peer'))"
Qazvin,1374,https://amar.org.ir/salnameh-amari/agentType/ViewSearch/CustomFieldIDs/65/SearchValues/1374/PropertyTypeID/616,"error:('Connection aborted.', RemoteDisconnected('Remote end closed connection without response'))"
Qazvin,1375,https://amar.org.ir/salnameh-amari/agentType/ViewSearch/CustomFieldIDs/65/SearchValues/1375/PropertyTypeID/616,"error:('Connection aborted.', RemoteDisconnected('Remote end closed connection without response'))"
Qazvin,1402,https://amar.org.ir/salnameh-amari/agentType/ViewSearch/CustomFieldIDs/65/SearchValues/1402/PropertyTypeID/616,"error:('Connection aborted.', ConnectionResetError(54, 'Connection reset by peer'))"
Lorestan,1345,https://amar.org.ir/salnameh-amari/agentType/ViewSearch/CustomFieldIDs/65/SearchValues/1345/PropertyTypeID/616,"error:('Connection aborted.', ConnectionResetError(54, 'Connection reset by peer'))"
Lorestan,1347,https://amar.org.ir/salnameh-amari/agentType/ViewSearch/CustomFieldIDs/65/SearchValues/1347/PropertyTypeID/616,"error:('Connection aborted.', ConnectionResetError(54, 'Connection reset by peer'))"
Lorestan,1346,https://amar.org.ir/salnameh-amari/agentType/ViewSearch/CustomFieldIDs/65/SearchValues/1346/PropertyTypeID/616,"error:('Connection aborted.', ConnectionResetError(54, 'Connection reset by peer'))"
Lorestan,1352,https://amar.org.ir/salnameh-amari/agentType/ViewSearch/CustomFieldIDs/65/SearchValues/1352/PropertyTypeID/616,"error:('Connection aborted.', ConnectionResetError(54, 'Connection reset by peer'))"
Lorestan,1349,https://amar.org.ir/salnameh-amari/agentType/ViewSearch/CustomFieldIDs/65/SearchValues/1349/PropertyTypeID/616,"error:('Connection aborted.', ConnectionResetError(54, 'Connection reset by peer'))"
Lorestan,1351,https://amar.org.ir/salnameh-amari/agentType/ViewSearch/CustomFieldIDs/65/SearchValues/1351/PropertyTypeID/616,"error:('Connection aborted.', ConnectionResetError(54, 'Connection reset by peer'))"
Lorestan,1350,https://amar.org.ir/salnameh-amari/agentType/ViewSearch/CustomFieldIDs/65/SearchValues/1350/PropertyTypeID/616,"error:('Connection aborted.', ConnectionResetError(54, 'Connection reset by peer'))"
Lorestan,1348,https://amar.org.ir/salnameh-amari/agentType/ViewSearch/CustomFieldIDs/65/SearchValues/1348/PropertyTypeID/616,"error:('Connection aborted.', ConnectionResetError(54, 'Connection reset by peer'))"
Lorestan,1353,https://amar.org.ir/salnameh-amari/agentType/ViewSearch/CustomFieldIDs/65/SearchValues/1353/PropertyTypeID/616,"error:('Connection aborted.', ConnectionResetError(54, 'Connection reset by peer'))"
South Khorasan,1349,https://amar.org.ir/salnameh-amari/agentType/ViewSearch/CustomFieldIDs/65/SearchValues/1349/PropertyTypeID/616,parse_exception:'list' object has no attribute 'text'
Qazvin,1389,https://amar.org.ir/salnameh-amari/agentType/ViewSearch/CustomFieldIDs/65/SearchValues/1389/PropertyTypeID/616,"error:('Connection aborted.', RemoteDisconnected('Remote end closed connection without response'))"
Lorestan,1355,https://amar.org.ir/salnameh-amari/agentType/ViewSearch/CustomFieldIDs/65/SearchValues/1355/PropertyTypeID/616,"error:('Connection aborted.', ConnectionResetError(54, 'Connection reset by peer'))"
Lorestan,1357,https://amar.org.ir/salnameh-amari/agentType/ViewSearch/CustomFieldIDs/65/SearchValues/1357/PropertyTypeID/616,"error:('Connection aborted.', ConnectionResetError(54, 'Connection reset by peer'))"
Lorestan,1358,https://amar.org.ir/salnameh-amari/agentType/ViewSearch/CustomFieldIDs/65/SearchValues/1358/PropertyTypeID/616,"error:('Connection aborted.', ConnectionResetError(54, 'Connection reset by peer'))"
Lorestan,1359,https://amar.org.ir/salnameh-amari/agentType/ViewSearch/CustomFieldIDs/65/SearchValues/1359/PropertyTypeID/616,"error:('Connection aborted.', ConnectionResetError(54, 'Connection reset by peer'))"
Lorestan,1363,https://amar.org.ir/salnameh-amari/agentType/ViewSearch/CustomFieldIDs/65/SearchValues/1363/PropertyTypeID/616,"error:('Connection aborted.', ConnectionResetError(54, 'Connection reset by peer'))"
Lorestan,1362,https://amar.org.ir/salnameh-amari/agentType/ViewSearch/CustomFieldIDs/65/SearchValues/1362/PropertyTypeID/616,"error:('Connection aborted.', ConnectionResetError(54, 'Connection reset by peer'))"
Lorestan,1361,https://amar.org.ir/salnameh-amari/agentType/ViewSearch/CustomFieldIDs/65/SearchValues/1361/PropertyTypeID/616,"error:('Connection aborted.', ConnectionResetError(54, 'Connection reset by peer'))"
Lorestan,1367,https://amar.org.ir/salnameh-amari/agentType/ViewSearch/CustomFieldIDs/65/SearchValues/1367/PropertyTypeID/616,"error:('Connection aborted.', ConnectionResetError(54, 'Connection reset by peer'))"
Lorestan,1366,https://amar.org.ir/salnameh-amari/agentType/ViewSearch/CustomFieldIDs/65/SearchValues/1366/PropertyTypeID/616,"error:('Connection aborted.', ConnectionResetError(54, 'Connection reset by peer'))"
Lorestan,1368,https://amar.org.ir/salnameh-amari/agentType/ViewSearch/CustomFieldIDs/65/SearchValues/1368/PropertyTypeID/616,"error:('Connection aborted.', ConnectionResetError(54, 'Connection reset by peer'))"
Lorestan,1365,https://amar.org.ir/salnameh-amari/agentType/ViewSearch/CustomFieldIDs/65/SearchValues/1365/PropertyTypeID/616,"error:('Connection aborted.', ConnectionResetError(54, 'Connection reset by peer'))"
Lorestan,1364,https://amar.org.ir/salnameh-amari/agentType/ViewSearch/CustomFieldIDs/65/SearchValues/1364/PropertyTypeID/616,"error:('Connection aborted.', ConnectionResetError(54, 'Connection reset by peer'))"
Lorestan,1369,https://amar.org.ir/salnameh-amari/agentType/ViewSearch/CustomFieldIDs/65/SearchValues/1369/PropertyTypeID/616,"error:('Connection aborted.', ConnectionResetError(54, 'Connection reset by peer'))"
Lorestan,1371,https://amar.org.ir/salnameh-amari/agentType/ViewSearch/CustomFieldIDs/65/SearchValues/1371/PropertyTypeID/616,"error:('Connection aborted.', ConnectionResetError(54, 'Connection reset by peer'))"
Lorestan,1372,https://amar.org.ir/salnameh-amari/agentType/ViewSearch/CustomFieldIDs/65/SearchValues/1372/PropertyTypeID/616,"error:('Connection aborted.', ConnectionResetError(54, 'Connection reset by peer'))"
Lorestan,1373,https://amar.org.ir/salnameh-amari/agentType/ViewSearch/CustomFieldIDs/65/SearchValues/1373/PropertyTypeID/616,"error:('Connection aborted.', ConnectionResetError(54, 'Connection reset by peer'))"
Lorestan,1374,https://amar.org.ir/salnameh-amari/agentType/ViewSearch/CustomFieldIDs/65/SearchValues/1374/PropertyTypeID/616,"error:('Connection aborted.', ConnectionResetError(54, 'Connection reset by peer'))"
Lorestan,1375,https://amar.org.ir/salnameh-amari/agentType/ViewSearch/CustomFieldIDs/65/SearchValues/1375/PropertyTypeID/616,"error:('Connection aborted.', ConnectionResetError(54, 'Connection reset by peer'))"
Lorestan,1356,https://amar.org.ir/salnameh-amari/agentType/ViewSearch/CustomFieldIDs/65/SearchValues/1356/PropertyTypeID/616,parse_exception:'list' object has no attribute 'text'
Lorestan,1354,https://amar.org.ir/salnameh-amari/agentType/ViewSearch/CustomFieldIDs/65/SearchValues/1354/PropertyTypeID/616,"error:('Connection aborted.', RemoteDisconnected('Remote end closed connection without response'))"
Lorestan,1377,https://amar.org.ir/salnameh-amari/agentType/ViewSearch/CustomFieldIDs/65/SearchValues/1377/PropertyTypeID/616,"error:('Connection aborted.', ConnectionResetError(54, 'Connection reset by peer'))"
Lorestan,1378,https://amar.org.ir/salnameh-amari/agentType/ViewSearch/CustomFieldIDs/65/SearchValues/1378/PropertyTypeID/616,"error:('Connection aborted.', ConnectionResetError(54, 'Connection reset by peer'))"
Lorestan,1376,https://amar.org.ir/salnameh-amari/agentType/ViewSearch/CustomFieldIDs/65/SearchValues/1376/PropertyTypeID/616,"error:('Connection aborted.', ConnectionResetError(54, 'Connection reset by peer'))"
Lorestan,1381,https://amar.org.ir/salnameh-amari/agentType/ViewSearch/CustomFieldIDs/65/SearchValues/1381/PropertyTypeID/616,"error:('Connection aborted.', ConnectionResetError(54, 'Connection reset by peer'))"
Lorestan,1379,https://amar.org.ir/salnameh-amari/agentType/ViewSearch/CustomFieldIDs/65/SearchValues/1379/PropertyTypeID/616,"error:('Connection aborted.', ConnectionResetError(54, 'Connection reset by peer'))"
Lorestan,1380,https://amar.org.ir/salnameh-amari/agentType/ViewSearch/CustomFieldIDs/65/SearchValues/1380/PropertyTypeID/616,"error:('Connection aborted.', ConnectionResetError(54, 'Connection reset by peer'))"
Lorestan,1382,https://amar.org.ir/salnameh-amari/agentType/ViewSearch/CustomFieldIDs/65/SearchValues/1382/PropertyTypeID/616,"error:('Connection aborted.', ConnectionResetError(54, 'Connection reset by peer'))"
Lorestan,1384,https://amar.org.ir/salnameh-amari/agentType/ViewSearch/CustomFieldIDs/65/SearchValues/1384/PropertyTypeID/616,"error:('Connection aborted.', ConnectionResetError(54, 'Connection reset by peer'))"
Lorestan,1383,https://amar.org.ir/salnameh-amari/agentType/ViewSearch/CustomFieldIDs/65/SearchValues/1383/PropertyTypeID/616,"error:('Connection aborted.', ConnectionResetError(54, 'Connection reset by peer'))"
Lorestan,1387,https://amar.org.ir/salnameh-amari/agentType/ViewSearch/CustomFieldIDs/65/SearchValues/1387/PropertyTypeID/616,"error:('Connection aborted.', ConnectionResetError(54, 'Connection reset by peer'))"
Lorestan,1385,https://amar.org.ir/salnameh-amari/agentType/ViewSearch/CustomFieldIDs/65/SearchValues/1385/PropertyTypeID/616,"error:('Connection aborted.', ConnectionResetError(54, 'Connection reset by peer'))"
Lorestan,1386,https://amar.org.ir/salnameh-amari/agentType/ViewSearch/CustomFieldIDs/65/SearchValues/1386/PropertyTypeID/616,"error:('Connection aborted.', ConnectionResetError(54, 'Connection reset by peer'))"
Lorestan,1388,https://amar.org.ir/salnameh-amari/agentType/ViewSearch/CustomFieldIDs/65/SearchValues/1388/PropertyTypeID/616,"error:('Connection aborted.', ConnectionResetError(54, 'Connection reset by peer'))"
Lorestan,1360,https://amar.org.ir/salnameh-amari/agentType/ViewSearch/CustomFieldIDs/65/SearchValues/1360/PropertyTypeID/616,"error:('Connection aborted.', RemoteDisconnected('Remote end closed connection without response'))"
Lorestan,1390,https://amar.org.ir/salnameh-amari/agentType/ViewSearch/CustomFieldIDs/65/SearchValues/1390/PropertyTypeID/616,"error:('Connection aborted.', ConnectionResetError(54, 'Connection reset by peer'))"
Lorestan,1391,https://amar.org.ir/salnameh-amari/agentType/ViewSearch/CustomFieldIDs/65/SearchValues/1391/PropertyTypeID/616,"error:('Connection aborted.', ConnectionResetError(54, 'Connection reset by peer'))"
Lorestan,1394,https://amar.org.ir/salnameh-amari/agentType/ViewSearch/CustomFieldIDs/65/SearchValues/1394/PropertyTypeID/616,"error:('Connection aborted.', ConnectionResetError(54, 'Connection reset by peer'))"
Lorestan,1392,https://amar.org.ir/salnameh-amari/agentType/ViewSearch/CustomFieldIDs/65/SearchValues/1392/PropertyTypeID/616,"error:('Connection aborted.', ConnectionResetError(54, 'Connection reset by peer'))"
Lorestan,1397,https://amar.org.ir/salnameh-amari/agentType/ViewSearch/CustomFieldIDs/65/SearchValues/1397/PropertyTypeID/616,"error:('Connection aborted.', ConnectionResetError(54, 'Connection reset by peer'))"
Lorestan,1399,https://amar.org.ir/salnameh-amari/agentType/ViewSearch/CustomFieldIDs/65/SearchValues/1399/PropertyTypeID/616,"error:('Connection aborted.', ConnectionResetError(54, 'Connection reset by peer'))"
Lorestan,1396,https://amar.org.ir/salnameh-amari/agentType/ViewSearch/CustomFieldIDs/65/SearchValues/1396/PropertyTypeID/616,"error:('Connection aborted.', ConnectionResetError(54, 'Connection reset by peer'))"
Lorestan,1395,https://amar.org.ir/salnameh-amari/agentType/ViewSearch/CustomFieldIDs/65/SearchValues/1395/PropertyTypeID/616,"error:('Connection aborted.', ConnectionResetError(54, 'Connection reset by peer'))"
Lorestan,1398,https://amar.org.ir/salnameh-amari/agentType/ViewSearch/CustomFieldIDs/65/SearchValues/1398/PropertyTypeID/616,"error:('Connection aborted.', ConnectionResetError(54, 'Connection reset by peer'))"
Lorestan,1400,https://amar.org.ir/salnameh-amari/agentType/ViewSearch/CustomFieldIDs/65/SearchValues/1400/PropertyTypeID/616,"error:('Connection aborted.', ConnectionResetError(54, 'Connection reset by peer'))"
Qazvin,1355,https://amar.org.ir/salnameh-amari/agentType/ViewSearch/CustomFieldIDs/65/SearchValues/1355/PropertyTypeID/616,parse_exception:'list' object has no attribute 'text'
Lorestan,1401,https://amar.org.ir/salnameh-amari/agentType/ViewSearch/CustomFieldIDs/65/SearchValues/1401/PropertyTypeID/616,"error:('Connection aborted.', ConnectionResetError(54, 'Connection reset by peer'))"
Alborz,1346,https://amar.org.ir/salnameh-amari/agentType/ViewSearch/CustomFieldIDs/65/SearchValues/1346/PropertyTypeID/616,"error:('Connection aborted.', ConnectionResetError(54, 'Connection reset by peer'))"
Alborz,1345,https://amar.org.ir/salnameh-amari/agentType/ViewSearch/CustomFieldIDs/65/SearchValues/1345/PropertyTypeID/616,"error:('Connection aborted.', ConnectionResetError(54, 'Connection reset by peer'))"
Alborz,1347,https://amar.org.ir/salnameh-amari/agentType/ViewSearch/CustomFieldIDs/65/SearchValues/1347/PropertyTypeID/616,"error:('Connection aborted.', ConnectionResetError(54, 'Connection reset by peer'))"
Alborz,1348,https://amar.org.ir/salnameh-amari/agentType/ViewSearch/CustomFieldIDs/65/SearchValues/1348/PropertyTypeID/616,"error:('Connection aborted.', ConnectionResetError(54, 'Connection reset by peer'))"
Alborz,1349,https://amar.org.ir/salnameh-amari/agentType/ViewSearch/CustomFieldIDs/65/SearchValues/1349/PropertyTypeID/616,"error:('Connection aborted.', ConnectionResetError(54, 'Connection reset by peer'))"
Alborz,1352,https://amar.org.ir/salnameh-amari/agentType/ViewSearch/CustomFieldIDs/65/SearchValues/1352/PropertyTypeID/616,"error:('Connection aborted.', ConnectionResetError(54, 'Connection reset by peer'))"
Alborz,1351,https://amar.org.ir/salnameh-amari/agentType/ViewSearch/CustomFieldIDs/65/SearchValues/1351/PropertyTypeID/616,"error:('Connection aborted.', ConnectionResetError(54, 'Connection reset by peer'))"
Alborz,1353,https://amar.org.ir/salnameh-amari/agentType/ViewSearch/CustomFieldIDs/65/SearchValues/1353/PropertyTypeID/616,"error:('Connection aborted.', ConnectionResetError(54, 'Connection reset by peer'))"
Alborz,1354,https://amar.org.ir/salnameh-amari/agentType/ViewSearch/CustomFieldIDs/65/SearchValues/1354/PropertyTypeID/616,"error:('Connection aborted.', ConnectionResetError(54, 'Connection reset by peer'))"
Alborz,1350,https://amar.org.ir/salnameh-amari/agentType/ViewSearch/CustomFieldIDs/65/SearchValues/1350/PropertyTypeID/616,"error:('Connection aborted.', ConnectionResetError(54, 'Connection reset by peer'))"
Alborz,1355,https://amar.org.ir/salnameh-amari/agentType/ViewSearch/CustomFieldIDs/65/SearchValues/1355/PropertyTypeID/616,"error:('Connection aborted.', ConnectionResetError(54, 'Connection reset by peer'))"
Alborz,1357,https://amar.org.ir/salnameh-amari/agentType/ViewSearch/CustomFieldIDs/65/SearchValues/1357/PropertyTypeID/616,"error:('Connection aborted.', ConnectionResetError(54, 'Connection reset by peer'))"
Alborz,1356,https://amar.org.ir/salnameh-amari/agentType/ViewSearch/CustomFieldIDs/65/SearchValues/1356/PropertyTypeID/616,"error:('Connection aborted.', ConnectionResetError(54, 'Connection reset by peer'))"
Alborz,1361,https://amar.org.ir/salnameh-amari/agentType/ViewSearch/CustomFieldIDs/65/SearchValues/1361/PropertyTypeID/616,"error:('Connection aborted.', ConnectionResetError(54, 'Connection reset by peer'))"
Alborz,1358,https://amar.org.ir/salnameh-amari/agentType/ViewSearch/CustomFieldIDs/65/SearchValues/1358/PropertyTypeID/616,"error:('Connection aborted.', ConnectionResetError(54, 'Connection reset by peer'))"
Alborz,1360,https://amar.org.ir/salnameh-amari/agentType/ViewSearch/CustomFieldIDs/65/SearchValues/1360/PropertyTypeID/616,"error:('Connection aborted.', ConnectionResetError(54, 'Connection reset by peer'))"
Lorestan,1389,https://amar.org.ir/salnameh-amari/agentType/ViewSearch/CustomFieldIDs/65/SearchValues/1389/PropertyTypeID/616,"error:('Connection aborted.', RemoteDisconnected('Remote end closed connection without response'))"
Alborz,1362,https://amar.org.ir/salnameh-amari/agentType/ViewSearch/CustomFieldIDs/65/SearchValues/1362/PropertyTypeID/616,"error:('Connection aborted.', ConnectionResetError(54, 'Connection reset by peer'))"
Alborz,1363,https://amar.org.ir/salnameh-amari/agentType/ViewSearch/CustomFieldIDs/65/SearchValues/1363/PropertyTypeID/616,"error:('Connection aborted.', ConnectionResetError(54, 'Connection reset by peer'))"
Lorestan,1370,https://amar.org.ir/salnameh-amari/agentType/ViewSearch/CustomFieldIDs/65/SearchValues/1370/PropertyTypeID/616,parse_exception:'list' object has no attribute 'text'
Alborz,1364,https://amar.org.ir/salnameh-amari/agentType/ViewSearch/CustomFieldIDs/65/SearchValues/1364/PropertyTypeID/616,"error:('Connection aborted.', ConnectionResetError(54, 'Connection reset by peer'))"
Alborz,1365,https://amar.org.ir/salnameh-amari/agentType/ViewSearch/CustomFieldIDs/65/SearchValues/1365/PropertyTypeID/616,"error:('Connection aborted.', ConnectionResetError(54, 'Connection reset by peer'))"
Alborz,1367,https://amar.org.ir/salnameh-amari/agentType/ViewSearch/CustomFieldIDs/65/SearchValues/1367/PropertyTypeID/616,"error:('Connection aborted.', ConnectionResetError(54, 'Connection reset by peer'))"
Alborz,1369,https://amar.org.ir/salnameh-amari/agentType/ViewSearch/CustomFieldIDs/65/SearchValues/1369/PropertyTypeID/616,"error:('Connection aborted.', ConnectionResetError(54, 'Connection reset by peer'))"
Alborz,1368,https://amar.org.ir/salnameh-amari/agentType/ViewSearch/CustomFieldIDs/65/SearchValues/1368/PropertyTypeID/616,"error:('Connection aborted.', ConnectionResetError(54, 'Connection reset by peer'))"
Alborz,1366,https://amar.org.ir/salnameh-amari/agentType/ViewSearch/CustomFieldIDs/65/SearchValues/1366/PropertyTypeID/616,"error:('Connection aborted.', ConnectionResetError(54, 'Connection reset by peer'))"
Alborz,1370,https://amar.org.ir/salnameh-amari/agentType/ViewSearch/CustomFieldIDs/65/SearchValues/1370/PropertyTypeID/616,"error:('Connection aborted.', ConnectionResetError(54, 'Connection reset by peer'))"
Alborz,1371,https://amar.org.ir/salnameh-amari/agentType/ViewSearch/CustomFieldIDs/65/SearchValues/1371/PropertyTypeID/616,"error:('Connection aborted.', ConnectionResetError(54, 'Connection reset by peer'))"
Alborz,1372,https://amar.org.ir/salnameh-amari/agentType/ViewSearch/CustomFieldIDs/65/SearchValues/1372/PropertyTypeID/616,"error:('Connection aborted.', ConnectionResetError(54, 'Connection reset by peer'))"
Lorestan,1402,https://amar.org.ir/salnameh-amari/agentType/ViewSearch/CustomFieldIDs/65/SearchValues/1402/PropertyTypeID/616,"error:('Connection aborted.', RemoteDisconnected('Remote end closed connection without response'))"
Alborz,1375,https://amar.org.ir/salnameh-amari/agentType/ViewSearch/CustomFieldIDs/65/SearchValues/1375/PropertyTypeID/616,"error:('Connection aborted.', ConnectionResetError(54, 'Connection reset by peer'))"
Alborz,1373,https://amar.org.ir/salnameh-amari/agentType/ViewSearch/CustomFieldIDs/65/SearchValues/1373/PropertyTypeID/616,"error:('Connection aborted.', ConnectionResetError(54, 'Connection reset by peer'))"
Alborz,1374,https://amar.org.ir/salnameh-amari/agentType/ViewSearch/CustomFieldIDs/65/SearchValues/1374/PropertyTypeID/616,"error:('Connection aborted.', ConnectionResetError(54, 'Connection reset by peer'))"
Alborz,1377,https://amar.org.ir/salnameh-amari/agentType/ViewSearch/CustomFieldIDs/65/SearchValues/1377/PropertyTypeID/616,"error:('Connection aborted.', ConnectionResetError(54, 'Connection reset by peer'))"
Alborz,1378,https://amar.org.ir/salnameh-amari/agentType/ViewSearch/CustomFieldIDs/65/SearchValues/1378/PropertyTypeID/616,"error:('Connection aborted.', ConnectionResetError(54, 'Connection reset by peer'))"
Alborz,1386,https://amar.org.ir/salnameh-amari/agentType/ViewSearch/CustomFieldIDs/65/SearchValues/1386/PropertyTypeID/616,"error:('Connection aborted.', ConnectionResetError(54, 'Connection reset by peer'))"
Alborz,1380,https://amar.org.ir/salnameh-amari/agentType/ViewSearch/CustomFieldIDs/65/SearchValues/1380/PropertyTypeID/616,"error:('Connection aborted.', ConnectionResetError(54, 'Connection reset by peer'))"
Alborz,1383,https://amar.org.ir/salnameh-amari/agentType/ViewSearch/CustomFieldIDs/65/SearchValues/1383/PropertyTypeID/616,"error:('Connection aborted.', ConnectionResetError(54, 'Connection reset by peer'))"
Alborz,1385,https://amar.org.ir/salnameh-amari/agentType/ViewSearch/CustomFieldIDs/65/SearchValues/1385/PropertyTypeID/616,"error:('Connection aborted.', ConnectionResetError(54, 'Connection reset by peer'))"
Alborz,1381,https://amar.org.ir/salnameh-amari/agentType/ViewSearch/CustomFieldIDs/65/SearchValues/1381/PropertyTypeID/616,"error:('Connection aborted.', ConnectionResetError(54, 'Connection reset by peer'))"
Alborz,1379,https://amar.org.ir/salnameh-amari/agentType/ViewSearch/CustomFieldIDs/65/SearchValues/1379/PropertyTypeID/616,"error:('Connection aborted.', ConnectionResetError(54, 'Connection reset by peer'))"
Alborz,1388,https://amar.org.ir/salnameh-amari/agentType/ViewSearch/CustomFieldIDs/65/SearchValues/1388/PropertyTypeID/616,"error:('Connection aborted.', ConnectionResetError(54, 'Connection reset by peer'))"
Alborz,1387,https://amar.org.ir/salnameh-amari/agentType/ViewSearch/CustomFieldIDs/65/SearchValues/1387/PropertyTypeID/616,"error:('Connection aborted.', ConnectionResetError(54, 'Connection reset by peer'))"
Lorestan,1393,https://amar.org.ir/salnameh-amari/agentType/ViewSearch/CustomFieldIDs/65/SearchValues/1393/PropertyTypeID/616,parse_exception:'list' object has no attribute 'text'
Alborz,1389,https://amar.org.ir/salnameh-amari/agentType/ViewSearch/CustomFieldIDs/65/SearchValues/1389/PropertyTypeID/616,"error:('Connection aborted.', ConnectionResetError(54, 'Connection reset by peer'))"
Alborz,1391,https://amar.org.ir/salnameh-amari/agentType/ViewSearch/CustomFieldIDs/65/SearchValues/1391/PropertyTypeID/616,"error:('Connection aborted.', ConnectionResetError(54, 'Connection reset by peer'))"
Alborz,1392,https://amar.org.ir/salnameh-amari/agentType/ViewSearch/CustomFieldIDs/65/SearchValues/1392/PropertyTypeID/616,"error:('Connection aborted.', ConnectionResetError(54, 'Connection reset by peer'))"
Alborz,1390,https://amar.org.ir/salnameh-amari/agentType/ViewSearch/CustomFieldIDs/65/SearchValues/1390/PropertyTypeID/616,"error:('Connection aborted.', ConnectionResetError(54, 'Connection reset by peer'))"
Alborz,1393,https://amar.org.ir/salnameh-amari/agentType/ViewSearch/CustomFieldIDs/65/SearchValues/1393/PropertyTypeID/616,"error:('Connection aborted.', ConnectionResetError(54, 'Connection reset by peer'))"
Alborz,1394,https://amar.org.ir/salnameh-amari/agentType/ViewSearch/CustomFieldIDs/65/SearchValues/1394/PropertyTypeID/616,"error:('Connection aborted.', ConnectionResetError(54, 'Connection reset by peer'))"
Alborz,1382,https://amar.org.ir/salnameh-amari/agentType/ViewSearch/CustomFieldIDs/65/SearchValues/1382/PropertyTypeID/616,parse_exception:'list' object has no attribute 'text'
Alborz,1395,https://amar.org.ir/salnameh-amari/agentType/ViewSearch/CustomFieldIDs/65/SearchValues/1395/PropertyTypeID/616,"error:('Connection aborted.', ConnectionResetError(54, 'Connection reset by peer'))"
Alborz,1397,https://amar.org.ir/salnameh-amari/agentType/ViewSearch/CustomFieldIDs/65/SearchValues/1397/PropertyTypeID/616,"error:('Connection aborted.', ConnectionResetError(54, 'Connection reset by peer'))"
Alborz,1398,https://amar.org.ir/salnameh-amari/agentType/ViewSearch/CustomFieldIDs/65/SearchValues/1398/PropertyTypeID/616,"error:('Connection aborted.', ConnectionResetError(54, 'Connection reset by peer'))"
Alborz,1399,https://amar.org.ir/salnameh-amari/agentType/ViewSearch/CustomFieldIDs/65/SearchValues/1399/PropertyTypeID/616,"error:('Connection aborted.', ConnectionResetError(54, 'Connection reset by peer'))"
Alborz,1400,https://amar.org.ir/salnameh-amari/agentType/ViewSearch/CustomFieldIDs/65/SearchValues/1400/PropertyTypeID/616,"error:('Connection aborted.', ConnectionResetError(54, 'Connection reset by peer'))"
Alborz,1396,https://amar.org.ir/salnameh-amari/agentType/ViewSearch/CustomFieldIDs/65/SearchValues/1396/PropertyTypeID/616,"error:('Connection aborted.', ConnectionResetError(54, 'Connection reset by peer'))"
Alborz,1401,https://amar.org.ir/salnameh-amari/agentType/ViewSearch/CustomFieldIDs/65/SearchValues/1401/PropertyTypeID/616,"error:('Connection aborted.', ConnectionResetError(54, 'Connection reset by peer'))"
Alborz,1402,https://amar.org.ir/salnameh-amari/agentType/ViewSearch/CustomFieldIDs/65/SearchValues/1402/PropertyTypeID/616,"error:('Connection aborted.', ConnectionResetError(54, 'Connection reset by peer'))"
Kerman,1346,https://amar.org.ir/salnameh-amari/agentType/ViewSearch/CustomFieldIDs/65/SearchValues/1346/PropertyTypeID/616,"error:('Connection aborted.', ConnectionResetError(54, 'Connection reset by peer'))"
Alborz,1376,https://amar.org.ir/salnameh-amari/agentType/ViewSearch/CustomFieldIDs/65/SearchValues/1376/PropertyTypeID/616,"error:('Connection aborted.', RemoteDisconnected('Remote end closed connection without response'))"
Kerman,1347,https://amar.org.ir/salnameh-amari/agentType/ViewSearch/CustomFieldIDs/65/SearchValues/1347/PropertyTypeID/616,"error:('Connection aborted.', ConnectionResetError(54, 'Connection reset by peer'))"
Kerman,1348,https://amar.org.ir/salnameh-amari/agentType/ViewSearch/CustomFieldIDs/65/SearchValues/1348/PropertyTypeID/616,"error:('Connection aborted.', ConnectionResetError(54, 'Connection reset by peer'))"
Kerman,1349,https://amar.org.ir/salnameh-amari/agentType/ViewSearch/CustomFieldIDs/65/SearchValues/1349/PropertyTypeID/616,"error:('Connection aborted.', ConnectionResetError(54, 'Connection reset by peer'))"
Kerman,1350,https://amar.org.ir/salnameh-amari/agentType/ViewSearch/CustomFieldIDs/65/SearchValues/1350/PropertyTypeID/616,"error:('Connection aborted.', ConnectionResetError(54, 'Connection reset by peer'))"
Kerman,1351,https://amar.org.ir/salnameh-amari/agentType/ViewSearch/CustomFieldIDs/65/SearchValues/1351/PropertyTypeID/616,"error:('Connection aborted.', ConnectionResetError(54, 'Connection reset by peer'))"
Alborz,1384,https://amar.org.ir/salnameh-amari/agentType/ViewSearch/CustomFieldIDs/65/SearchValues/1384/PropertyTypeID/616,"error:('Connection aborted.', RemoteDisconnected('Remote end closed connection without response'))"
Kerman,1354,https://amar.org.ir/salnameh-amari/agentType/ViewSearch/CustomFieldIDs/65/SearchValues/1354/PropertyTypeID/616,"error:('Connection aborted.', ConnectionResetError(54, 'Connection reset by peer'))"
Kerman,1353,https://amar.org.ir/salnameh-amari/agentType/ViewSearch/CustomFieldIDs/65/SearchValues/1353/PropertyTypeID/616,"error:('Connection aborted.', ConnectionResetError(54, 'Connection reset by peer'))"
Kerman,1355,https://amar.org.ir/salnameh-amari/agentType/ViewSearch/CustomFieldIDs/65/SearchValues/1355/PropertyTypeID/616,"error:('Connection aborted.', ConnectionResetError(54, 'Connection reset by peer'))"
Kerman,1356,https://amar.org.ir/salnameh-amari/agentType/ViewSearch/CustomFieldIDs/65/SearchValues/1356/PropertyTypeID/616,"error:('Connection aborted.', ConnectionResetError(54, 'Connection reset by peer'))"
Kerman,1358,https://amar.org.ir/salnameh-amari/agentType/ViewSearch/CustomFieldIDs/65/SearchValues/1358/PropertyTypeID/616,"error:('Connection aborted.', ConnectionResetError(54, 'Connection reset by peer'))"
Kerman,1357,https://amar.org.ir/salnameh-amari/agentType/ViewSearch/CustomFieldIDs/65/SearchValues/1357/PropertyTypeID/616,"error:('Connection aborted.', ConnectionResetError(54, 'Connection reset by peer'))"
Kerman,1360,https://amar.org.ir/salnameh-amari/agentType/ViewSearch/CustomFieldIDs/65/SearchValues/1360/PropertyTypeID/616,"error:('Connection aborted.', ConnectionResetError(54, 'Connection reset by peer'))"
Kerman,1359,https://amar.org.ir/salnameh-amari/agentType/ViewSearch/CustomFieldIDs/65/SearchValues/1359/PropertyTypeID/616,"error:('Connection aborted.', ConnectionResetError(54, 'Connection reset by peer'))"
Kerman,1352,https://amar.org.ir/salnameh-amari/agentType/ViewSearch/CustomFieldIDs/65/SearchValues/1352/PropertyTypeID/616,parse_exception:'list' object has no attribute 'text'
Kerman,1361,https://amar.org.ir/salnameh-amari/agentType/ViewSearch/CustomFieldIDs/65/SearchValues/1361/PropertyTypeID/616,"error:('Connection aborted.', ConnectionResetError(54, 'Connection reset by peer'))"
Kerman,1362,https://amar.org.ir/salnameh-amari/agentType/ViewSearch/CustomFieldIDs/65/SearchValues/1362/PropertyTypeID/616,"error:('Connection aborted.', ConnectionResetError(54, 'Connection reset by peer'))"
Kerman,1364,https://amar.org.ir/salnameh-amari/agentType/ViewSearch/CustomFieldIDs/65/SearchValues/1364/PropertyTypeID/616,"error:('Connection aborted.', ConnectionResetError(54, 'Connection reset by peer'))"
Kerman,1363,https://amar.org.ir/salnameh-amari/agentType/ViewSearch/CustomFieldIDs/65/SearchValues/1363/PropertyTypeID/616,"error:('Connection aborted.', ConnectionResetError(54, 'Connection reset by peer'))"
Kerman,1365,https://amar.org.ir/salnameh-amari/agentType/ViewSearch/CustomFieldIDs/65/SearchValues/1365/PropertyTypeID/616,"error:('Connection aborted.', ConnectionResetError(54, 'Connection reset by peer'))"
Kerman,1366,https://amar.org.ir/salnameh-amari/agentType/ViewSearch/CustomFieldIDs/65/SearchValues/1366/PropertyTypeID/616,"error:('Connection aborted.', ConnectionResetError(54, 'Connection reset by peer'))"
Kerman,1367,https://amar.org.ir/salnameh-amari/agentType/ViewSearch/CustomFieldIDs/65/SearchValues/1367/PropertyTypeID/616,"error:('Connection aborted.', ConnectionResetError(54, 'Connection reset by peer'))"
Kerman,1371,https://amar.org.ir/salnameh-amari/agentType/ViewSearch/CustomFieldIDs/65/SearchValues/1371/PropertyTypeID/616,"error:('Connection aborted.', ConnectionResetError(54, 'Connection reset by peer'))"
Kerman,1369,https://amar.org.ir/salnameh-amari/agentType/ViewSearch/CustomFieldIDs/65/SearchValues/1369/PropertyTypeID/616,"error:('Connection aborted.', ConnectionResetError(54, 'Connection reset by peer'))"
Kerman,1372,https://amar.org.ir/salnameh-amari/agentType/ViewSearch/CustomFieldIDs/65/SearchValues/1372/PropertyTypeID/616,"error:('Connection aborted.', ConnectionResetError(54, 'Connection reset by peer'))"
Kerman,1370,https://amar.org.ir/salnameh-amari/agentType/ViewSearch/CustomFieldIDs/65/SearchValues/1370/PropertyTypeID/616,"error:('Connection aborted.', ConnectionResetError(54, 'Connection reset by peer'))"
Kerman,1374,https://amar.org.ir/salnameh-amari/agentType/ViewSearch/CustomFieldIDs/65/SearchValues/1374/PropertyTypeID/616,"error:('Connection aborted.', ConnectionResetError(54, 'Connection reset by peer'))"
Kerman,1373,https://amar.org.ir/salnameh-amari/agentType/ViewSearch/CustomFieldIDs/65/SearchValues/1373/PropertyTypeID/616,"error:('Connection aborted.', ConnectionResetError(54, 'Connection reset by peer'))"
Kerman,1375,https://amar.org.ir/salnameh-amari/agentType/ViewSearch/CustomFieldIDs/65/SearchValues/1375/PropertyTypeID/616,"error:('Connection aborted.', ConnectionResetError(54, 'Connection reset by peer'))"
Kerman,1376,https://amar.org.ir/salnameh-amari/agentType/ViewSearch/CustomFieldIDs/65/SearchValues/1376/PropertyTypeID/616,"error:('Connection aborted.', ConnectionResetError(54, 'Connection reset by peer'))"
Kerman,1378,https://amar.org.ir/salnameh-amari/agentType/ViewSearch/CustomFieldIDs/65/SearchValues/1378/PropertyTypeID/616,"error:('Connection aborted.', ConnectionResetError(54, 'Connection reset by peer'))"
Kerman,1379,https://amar.org.ir/salnameh-amari/agentType/ViewSearch/CustomFieldIDs/65/SearchValues/1379/PropertyTypeID/616,"error:('Connection aborted.', ConnectionResetError(54, 'Connection reset by peer'))"
Kerman,1381,https://amar.org.ir/salnameh-amari/agentType/ViewSearch/CustomFieldIDs/65/SearchValues/1381/PropertyTypeID/616,"error:('Connection aborted.', ConnectionResetError(54, 'Connection reset by peer'))"
Kerman,1380,https://amar.org.ir/salnameh-amari/agentType/ViewSearch/CustomFieldIDs/65/SearchValues/1380/PropertyTypeID/616,"error:('Connection aborted.', ConnectionResetError(54, 'Connection reset by peer'))"
Kerman,1382,https://amar.org.ir/salnameh-amari/agentType/ViewSearch/CustomFieldIDs/65/SearchValues/1382/PropertyTypeID/616,"error:('Connection aborted.', ConnectionResetError(54, 'Connection reset by peer'))"
Kerman,1383,https://amar.org.ir/salnameh-amari/agentType/ViewSearch/CustomFieldIDs/65/SearchValues/1383/PropertyTypeID/616,"error:('Connection aborted.', ConnectionResetError(54, 'Connection reset by peer'))"
Kerman,1384,https://amar.org.ir/salnameh-amari/agentType/ViewSearch/CustomFieldIDs/65/SearchValues/1384/PropertyTypeID/616,"error:('Connection aborted.', ConnectionResetError(54, 'Connection reset by peer'))"
Kerman,1388,https://amar.org.ir/salnameh-amari/agentType/ViewSearch/CustomFieldIDs/65/SearchValues/1388/PropertyTypeID/616,"error:('Connection aborted.', ConnectionResetError(54, 'Connection reset by peer'))"
Kerman,1386,https://amar.org.ir/salnameh-amari/agentType/ViewSearch/CustomFieldIDs/65/SearchValues/1386/PropertyTypeID/616,"error:('Connection aborted.', ConnectionResetError(54, 'Connection reset by peer'))"
Kerman,1389,https://amar.org.ir/salnameh-amari/agentType/ViewSearch/CustomFieldIDs/65/SearchValues/1389/PropertyTypeID/616,"error:('Connection aborted.', ConnectionResetError(54, 'Connection reset by peer'))"
Kerman,1387,https://amar.org.ir/salnameh-amari/agentType/ViewSearch/CustomFieldIDs/65/SearchValues/1387/PropertyTypeID/616,"error:('Connection aborted.', ConnectionResetError(54, 'Connection reset by peer'))"
Kerman,1390,https://amar.org.ir/salnameh-amari/agentType/ViewSearch/CustomFieldIDs/65/SearchValues/1390/PropertyTypeID/616,"error:('Connection aborted.', ConnectionResetError(54, 'Connection reset by peer'))"
Kerman,1385,https://amar.org.ir/salnameh-amari/agentType/ViewSearch/CustomFieldIDs/65/SearchValues/1385/PropertyTypeID/616,"error:('Connection aborted.', ConnectionResetError(54, 'Connection reset by peer'))"
Kerman,1391,https://amar.org.ir/salnameh-amari/agentType/ViewSearch/CustomFieldIDs/65/SearchValues/1391/PropertyTypeID/616,"error:('Connection aborted.', ConnectionResetError(54, 'Connection reset by peer'))"
Kerman,1392,https://amar.org.ir/salnameh-amari/agentType/ViewSearch/CustomFieldIDs/65/SearchValues/1392/PropertyTypeID/616,"error:('Connection aborted.', ConnectionResetError(54, 'Connection reset by peer'))"
Kerman,1394,https://amar.org.ir/salnameh-amari/agentType/ViewSearch/CustomFieldIDs/65/SearchValues/1394/PropertyTypeID/616,"error:('Connection aborted.', ConnectionResetError(54, 'Connection reset by peer'))"
Kerman,1397,https://amar.org.ir/salnameh-amari/agentType/ViewSearch/CustomFieldIDs/65/SearchValues/1397/PropertyTypeID/616,"error:('Connection aborted.', ConnectionResetError(54, 'Connection reset by peer'))"
Kerman,1395,https://amar.org.ir/salnameh-amari/agentType/ViewSearch/CustomFieldIDs/65/SearchValues/1395/PropertyTypeID/616,"error:('Connection aborted.', ConnectionResetError(54, 'Connection reset by peer'))"
Kerman,1396,https://amar.org.ir/salnameh-amari/agentType/ViewSearch/CustomFieldIDs/65/SearchValues/1396/PropertyTypeID/616,"error:('Connection aborted.', ConnectionResetError(54, 'Connection reset by peer'))"
Qazvin,1356,https://amar.org.ir/salnameh-amari/agentType/ViewSearch/CustomFieldIDs/65/SearchValues/1356/PropertyTypeID/616,"error:HTTPSConnectionPool(host='amar.org.ir', port=443): Read timed out. (read timeout=15)"
Kerman,1399,https://amar.org.ir/salnameh-amari/agentType/ViewSearch/CustomFieldIDs/65/SearchValues/1399/PropertyTypeID/616,"error:('Connection aborted.', ConnectionResetError(54, 'Connection reset by peer'))"
Kerman,1398,https://amar.org.ir/salnameh-amari/agentType/ViewSearch/CustomFieldIDs/65/SearchValues/1398/PropertyTypeID/616,"error:('Connection aborted.', ConnectionResetError(54, 'Connection reset by peer'))"
Kerman,1368,https://amar.org.ir/salnameh-amari/agentType/ViewSearch/CustomFieldIDs/65/SearchValues/1368/PropertyTypeID/616,"error:('Connection aborted.', RemoteDisconnected('Remote end closed connection without response'))"
Razavi Khorasan,1347,https://amar.org.ir/salnameh-amari/agentType/ViewSearch/CustomFieldIDs/65/SearchValues/1347/PropertyTypeID/616,"error:('Connection aborted.', ConnectionResetError(54, 'Connection reset by peer'))"
Razavi Khorasan,1346,https://amar.org.ir/salnameh-amari/agentType/ViewSearch/CustomFieldIDs/65/SearchValues/1346/PropertyTypeID/616,"error:('Connection aborted.', ConnectionResetError(54, 'Connection reset by peer'))"
Kerman,1400,https://amar.org.ir/salnameh-amari/agentType/ViewSearch/CustomFieldIDs/65/SearchValues/1400/PropertyTypeID/616,"error:('Connection aborted.', ConnectionResetError(54, 'Connection reset by peer'))"
Razavi Khorasan,1348,https://amar.org.ir/salnameh-amari/agentType/ViewSearch/CustomFieldIDs/65/SearchValues/1348/PropertyTypeID/616,"error:('Connection aborted.', ConnectionResetError(54, 'Connection reset by peer'))"
Razavi Khorasan,1345,https://amar.org.ir/salnameh-amari/agentType/ViewSearch/CustomFieldIDs/65/SearchValues/1345/PropertyTypeID/616,"error:('Connection aborted.', ConnectionResetError(54, 'Connection reset by peer'))"
Kerman,1401,https://amar.org.ir/salnameh-amari/agentType/ViewSearch/CustomFieldIDs/65/SearchValues/1401/PropertyTypeID/616,"error:('Connection aborted.', ConnectionResetError(54, 'Connection reset by peer'))"
Kerman,1402,https://amar.org.ir/salnameh-amari/agentType/ViewSearch/CustomFieldIDs/65/SearchValues/1402/PropertyTypeID/616,"error:('Connection aborted.', ConnectionResetError(54, 'Connection reset by peer'))"
Razavi Khorasan,1349,https://amar.org.ir/salnameh-amari/agentType/ViewSearch/CustomFieldIDs/65/SearchValues/1349/PropertyTypeID/616,"error:('Connection aborted.', ConnectionResetError(54, 'Connection reset by peer'))"
Razavi Khorasan,1352,https://amar.org.ir/salnameh-amari/agentType/ViewSearch/CustomFieldIDs/65/SearchValues/1352/PropertyTypeID/616,"error:('Connection aborted.', ConnectionResetError(54, 'Connection reset by peer'))"
Razavi Khorasan,1353,https://amar.org.ir/salnameh-amari/agentType/ViewSearch/CustomFieldIDs/65/SearchValues/1353/PropertyTypeID/616,"error:('Connection aborted.', ConnectionResetError(54, 'Connection reset by peer'))"
Razavi Khorasan,1351,https://amar.org.ir/salnameh-amari/agentType/ViewSearch/CustomFieldIDs/65/SearchValues/1351/PropertyTypeID/616,"error:('Connection aborted.', ConnectionResetError(54, 'Connection reset by peer'))"
Razavi Khorasan,1354,https://amar.org.ir/salnameh-amari/agentType/ViewSearch/CustomFieldIDs/65/SearchValues/1354/PropertyTypeID/616,"error:('Connection aborted.', ConnectionResetError(54, 'Connection reset by peer'))"
Razavi Khorasan,1355,https://amar.org.ir/salnameh-amari/agentType/ViewSearch/CustomFieldIDs/65/SearchValues/1355/PropertyTypeID/616,"error:('Connection aborted.', ConnectionResetError(54, 'Connection reset by peer'))"
Razavi Khorasan,1356,https://amar.org.ir/salnameh-amari/agentType/ViewSearch/CustomFieldIDs/65/SearchValues/1356/PropertyTypeID/616,"error:('Connection aborted.', ConnectionResetError(54, 'Connection reset by peer'))"
Razavi Khorasan,1357,https://amar.org.ir/salnameh-amari/agentType/ViewSearch/CustomFieldIDs/65/SearchValues/1357/PropertyTypeID/616,"error:('Connection aborted.', ConnectionResetError(54, 'Connection reset by peer'))"
Razavi Khorasan,1362,https://amar.org.ir/salnameh-amari/agentType/ViewSearch/CustomFieldIDs/65/SearchValues/1362/PropertyTypeID/616,"error:('Connection aborted.', ConnectionResetError(54, 'Connection reset by peer'))"
Razavi Khorasan,1360,https://amar.org.ir/salnameh-amari/agentType/ViewSearch/CustomFieldIDs/65/SearchValues/1360/PropertyTypeID/616,"error:('Connection aborted.', ConnectionResetError(54, 'Connection reset by peer'))"
Razavi Khorasan,1358,https://amar.org.ir/salnameh-amari/agentType/ViewSearch/CustomFieldIDs/65/SearchValues/1358/PropertyTypeID/616,"error:('Connection aborted.', ConnectionResetError(54, 'Connection reset by peer'))"
Razavi Khorasan,1359,https://amar.org.ir/salnameh-amari/agentType/ViewSearch/CustomFieldIDs/65/SearchValues/1359/PropertyTypeID/616,"error:('Connection aborted.', ConnectionResetError(54, 'Connection reset by peer'))"
Razavi Khorasan,1364,https://amar.org.ir/salnameh-amari/agentType/ViewSearch/CustomFieldIDs/65/SearchValues/1364/PropertyTypeID/616,"error:('Connection aborted.', ConnectionResetError(54, 'Connection reset by peer'))"
Razavi Khorasan,1363,https://amar.org.ir/salnameh-amari/agentType/ViewSearch/CustomFieldIDs/65/SearchValues/1363/PropertyTypeID/616,"error:('Connection aborted.', ConnectionResetError(54, 'Connection reset by peer'))"
Razavi Khorasan,1361,https://amar.org.ir/salnameh-amari/agentType/ViewSearch/CustomFieldIDs/65/SearchValues/1361/PropertyTypeID/616,"error:('Connection aborted.', ConnectionResetError(54, 'Connection reset by peer'))"
Razavi Khorasan,1365,https://amar.org.ir/salnameh-amari/agentType/ViewSearch/CustomFieldIDs/65/SearchValues/1365/PropertyTypeID/616,"error:('Connection aborted.', ConnectionResetError(54, 'Connection reset by peer'))"
Kerman,1393,https://amar.org.ir/salnameh-amari/agentType/ViewSearch/CustomFieldIDs/65/SearchValues/1393/PropertyTypeID/616,"error:('Connection aborted.', RemoteDisconnected('Remote end closed connection without response'))"
Razavi Khorasan,1367,https://amar.org.ir/salnameh-amari/agentType/ViewSearch/CustomFieldIDs/65/SearchValues/1367/PropertyTypeID/616,"error:('Connection aborted.', ConnectionResetError(54, 'Connection reset by peer'))"
Razavi Khorasan,1368,https://amar.org.ir/salnameh-amari/agentType/ViewSearch/CustomFieldIDs/65/SearchValues/1368/PropertyTypeID/616,"error:('Connection aborted.', ConnectionResetError(54, 'Connection reset by peer'))"
Razavi Khorasan,1366,https://amar.org.ir/salnameh-amari/agentType/ViewSearch/CustomFieldIDs/65/SearchValues/1366/PropertyTypeID/616,"error:('Connection aborted.', ConnectionResetError(54, 'Connection reset by peer'))"
Razavi Khorasan,1369,https://amar.org.ir/salnameh-amari/agentType/ViewSearch/CustomFieldIDs/65/SearchValues/1369/PropertyTypeID/616,"error:('Connection aborted.', ConnectionResetError(54, 'Connection reset by peer'))"
Razavi Khorasan,1370,https://amar.org.ir/salnameh-amari/agentType/ViewSearch/CustomFieldIDs/65/SearchValues/1370/PropertyTypeID/616,"error:('Connection aborted.', ConnectionResetError(54, 'Connection reset by peer'))"
Razavi Khorasan,1371,https://amar.org.ir/salnameh-amari/agentType/ViewSearch/CustomFieldIDs/65/SearchValues/1371/PropertyTypeID/616,"error:('Connection aborted.', ConnectionResetError(54, 'Connection reset by peer'))"
Razavi Khorasan,1372,https://amar.org.ir/salnameh-amari/agentType/ViewSearch/CustomFieldIDs/65/SearchValues/1372/PropertyTypeID/616,"error:('Connection aborted.', ConnectionResetError(54, 'Connection reset by peer'))"
Razavi Khorasan,1374,https://amar.org.ir/salnameh-amari/agentType/ViewSearch/CustomFieldIDs/65/SearchValues/1374/PropertyTypeID/616,"error:('Connection aborted.', ConnectionResetError(54, 'Connection reset by peer'))"
Razavi Khorasan,1373,https://amar.org.ir/salnameh-amari/agentType/ViewSearch/CustomFieldIDs/65/SearchValues/1373/PropertyTypeID/616,"error:('Connection aborted.', ConnectionResetError(54, 'Connection reset by peer'))"
Razavi Khorasan,1375,https://amar.org.ir/salnameh-amari/agentType/ViewSearch/CustomFieldIDs/65/SearchValues/1375/PropertyTypeID/616,"error:('Connection aborted.', ConnectionResetError(54, 'Connection reset by peer'))"
Razavi Khorasan,1378,https://amar.org.ir/salnameh-amari/agentType/ViewSearch/CustomFieldIDs/65/SearchValues/1378/PropertyTypeID/616,"error:('Connection aborted.', ConnectionResetError(54, 'Connection reset by peer'))"
Razavi Khorasan,1376,https://amar.org.ir/salnameh-amari/agentType/ViewSearch/CustomFieldIDs/65/SearchValues/1376/PropertyTypeID/616,"error:('Connection aborted.', ConnectionResetError(54, 'Connection reset by peer'))"
Razavi Khorasan,1380,https://amar.org.ir/salnameh-amari/agentType/ViewSearch/CustomFieldIDs/65/SearchValues/1380/PropertyTypeID/616,"error:('Connection aborted.', ConnectionResetError(54, 'Connection reset by peer'))"
Razavi Khorasan,1379,https://amar.org.ir/salnameh-amari/agentType/ViewSearch/CustomFieldIDs/65/SearchValues/1379/PropertyTypeID/616,"error:('Connection aborted.', ConnectionResetError(54, 'Connection reset by peer'))"
Razavi Khorasan,1377,https://amar.org.ir/salnameh-amari/agentType/ViewSearch/CustomFieldIDs/65/SearchValues/1377/PropertyTypeID/616,"error:('Connection aborted.', ConnectionResetError(54, 'Connection reset by peer'))"
Kerman,1345,https://amar.org.ir/salnameh-amari/agentType/ViewSearch/CustomFieldIDs/65/SearchValues/1345/PropertyTypeID/616,parse_exception:'list' object has no attribute 'text'
Razavi Khorasan,1381,https://amar.org.ir/salnameh-amari/agentType/ViewSearch/CustomFieldIDs/65/SearchValues/1381/PropertyTypeID/616,"error:('Connection aborted.', ConnectionResetError(54, 'Connection reset by peer'))"
Razavi Khorasan,1350,https://amar.org.ir/salnameh-amari/agentType/ViewSearch/CustomFieldIDs/65/SearchValues/1350/PropertyTypeID/616,"error:('Connection aborted.', RemoteDisconnected('Remote end closed connection without response'))"
Razavi Khorasan,1384,https://amar.org.ir/salnameh-amari/agentType/ViewSearch/CustomFieldIDs/65/SearchValues/1384/PropertyTypeID/616,"error:('Connection aborted.', ConnectionResetError(54, 'Connection reset by peer'))"
Razavi Khorasan,1382,https://amar.org.ir/salnameh-amari/agentType/ViewSearch/CustomFieldIDs/65/SearchValues/1382/PropertyTypeID/616,"error:('Connection aborted.', ConnectionResetError(54, 'Connection reset by peer'))"
Razavi Khorasan,1383,https://amar.org.ir/salnameh-amari/agentType/ViewSearch/CustomFieldIDs/65/SearchValues/1383/PropertyTypeID/616,"error:('Connection aborted.', ConnectionResetError(54, 'Connection reset by peer'))"
Razavi Khorasan,1385,https://amar.org.ir/salnameh-amari/agentType/ViewSearch/CustomFieldIDs/65/SearchValues/1385/PropertyTypeID/616,"error:('Connection aborted.', ConnectionResetError(54, 'Connection reset by peer'))"
Razavi Khorasan,1386,https://amar.org.ir/salnameh-amari/agentType/ViewSearch/CustomFieldIDs/65/SearchValues/1386/PropertyTypeID/616,"error:('Connection aborted.', ConnectionResetError(54, 'Connection reset by peer'))"
Razavi Khorasan,1387,https://amar.org.ir/salnameh-amari/agentType/ViewSearch/CustomFieldIDs/65/SearchValues/1387/PropertyTypeID/616,"error:('Connection aborted.', ConnectionResetError(54, 'Connection reset by peer'))"
Razavi Khorasan,1388,https://amar.org.ir/salnameh-amari/agentType/ViewSearch/CustomFieldIDs/65/SearchValues/1388/PropertyTypeID/616,"error:('Connection aborted.', ConnectionResetError(54, 'Connection reset by peer'))"
Razavi Khorasan,1391,https://amar.org.ir/salnameh-amari/agentType/ViewSearch/CustomFieldIDs/65/SearchValues/1391/PropertyTypeID/616,"error:('Connection aborted.', ConnectionResetError(54, 'Connection reset by peer'))"
Razavi Khorasan,1395,https://amar.org.ir/salnameh-amari/agentType/ViewSearch/CustomFieldIDs/65/SearchValues/1395/PropertyTypeID/616,"error:('Connection aborted.', ConnectionResetError(54, 'Connection reset by peer'))"
Razavi Khorasan,1389,https://amar.org.ir/salnameh-amari/agentType/ViewSearch/CustomFieldIDs/65/SearchValues/1389/PropertyTypeID/616,"error:('Connection aborted.', ConnectionResetError(54, 'Connection reset by peer'))"
Razavi Khorasan,1396,https://amar.org.ir/salnameh-amari/agentType/ViewSearch/CustomFieldIDs/65/SearchValues/1396/PropertyTypeID/616,"error:('Connection aborted.', ConnectionResetError(54, 'Connection reset by peer'))"
Razavi Khorasan,1394,https://amar.org.ir/salnameh-amari/agentType/ViewSearch/CustomFieldIDs/65/SearchValues/1394/PropertyTypeID/616,"error:('Connection aborted.', ConnectionResetError(54, 'Connection reset by peer'))"
Razavi Khorasan,1392,https://amar.org.ir/salnameh-amari/agentType/ViewSearch/CustomFieldIDs/65/SearchValues/1392/PropertyTypeID/616,"error:('Connection aborted.', ConnectionResetError(54, 'Connection reset by peer'))"
Razavi Khorasan,1393,https://amar.org.ir/salnameh-amari/agentType/ViewSearch/CustomFieldIDs/65/SearchValues/1393/PropertyTypeID/616,"error:('Connection aborted.', ConnectionResetError(54, 'Connection reset by peer'))"
Razavi Khorasan,1398,https://amar.org.ir/salnameh-amari/agentType/ViewSearch/CustomFieldIDs/65/SearchValues/1398/PropertyTypeID/616,"error:('Connection aborted.', ConnectionResetError(54, 'Connection reset by peer'))"
Razavi Khorasan,1399,https://amar.org.ir/salnameh-amari/agentType/ViewSearch/CustomFieldIDs/65/SearchValues/1399/PropertyTypeID/616,"error:('Connection aborted.', ConnectionResetError(54, 'Connection reset by peer'))"
Razavi Khorasan,1400,https://amar.org.ir/salnameh-amari/agentType/ViewSearch/CustomFieldIDs/65/SearchValues/1400/PropertyTypeID/616,"error:('Connection aborted.', ConnectionResetError(54, 'Connection reset by peer'))"
Razavi Khorasan,1402,https://amar.org.ir/salnameh-amari/agentType/ViewSearch/CustomFieldIDs/65/SearchValues/1402/PropertyTypeID/616,"error:('Connection aborted.', ConnectionResetError(54, 'Connection reset by peer'))"
Razavi Khorasan,1401,https://amar.org.ir/salnameh-amari/agentType/ViewSearch/CustomFieldIDs/65/SearchValues/1401/PropertyTypeID/616,"error:('Connection aborted.', ConnectionResetError(54, 'Connection reset by peer'))"
Kohgiluyeh and Boyer-Ahmad,1345,https://amar.org.ir/salnameh-amari/agentType/ViewSearch/CustomFieldIDs/65/SearchValues/1345/PropertyTypeID/616,"error:('Connection aborted.', ConnectionResetError(54, 'Connection reset by peer'))"
Kohgiluyeh and Boyer-Ahmad,1347,https://amar.org.ir/salnameh-amari/agentType/ViewSearch/CustomFieldIDs/65/SearchValues/1347/PropertyTypeID/616,"error:('Connection aborted.', ConnectionResetError(54, 'Connection reset by peer'))"
Kohgiluyeh and Boyer-Ahmad,1346,https://amar.org.ir/salnameh-amari/agentType/ViewSearch/CustomFieldIDs/65/SearchValues/1346/PropertyTypeID/616,"error:('Connection aborted.', ConnectionResetError(54, 'Connection reset by peer'))"
Kohgiluyeh and Boyer-Ahmad,1349,https://amar.org.ir/salnameh-amari/agentType/ViewSearch/CustomFieldIDs/65/SearchValues/1349/PropertyTypeID/616,"error:('Connection aborted.', ConnectionResetError(54, 'Connection reset by peer'))"
Kohgiluyeh and Boyer-Ahmad,1351,https://amar.org.ir/salnameh-amari/agentType/ViewSearch/CustomFieldIDs/65/SearchValues/1351/PropertyTypeID/616,"error:('Connection aborted.', ConnectionResetError(54, 'Connection reset by peer'))"
Kohgiluyeh and Boyer-Ahmad,1355,https://amar.org.ir/salnameh-amari/agentType/ViewSearch/CustomFieldIDs/65/SearchValues/1355/PropertyTypeID/616,"error:('Connection aborted.', ConnectionResetError(54, 'Connection reset by peer'))"
Kohgiluyeh and Boyer-Ahmad,1352,https://amar.org.ir/salnameh-amari/agentType/ViewSearch/CustomFieldIDs/65/SearchValues/1352/PropertyTypeID/616,"error:('Connection aborted.', ConnectionResetError(54, 'Connection reset by peer'))"
Kohgiluyeh and Boyer-Ahmad,1354,https://amar.org.ir/salnameh-amari/agentType/ViewSearch/CustomFieldIDs/65/SearchValues/1354/PropertyTypeID/616,"error:('Connection aborted.', ConnectionResetError(54, 'Connection reset by peer'))"
Kohgiluyeh and Boyer-Ahmad,1353,https://amar.org.ir/salnameh-amari/agentType/ViewSearch/CustomFieldIDs/65/SearchValues/1353/PropertyTypeID/616,"error:('Connection aborted.', ConnectionResetError(54, 'Connection reset by peer'))"
Kohgiluyeh and Boyer-Ahmad,1350,https://amar.org.ir/salnameh-amari/agentType/ViewSearch/CustomFieldIDs/65/SearchValues/1350/PropertyTypeID/616,"error:('Connection aborted.', ConnectionResetError(54, 'Connection reset by peer'))"
Kohgiluyeh and Boyer-Ahmad,1356,https://amar.org.ir/salnameh-amari/agentType/ViewSearch/CustomFieldIDs/65/SearchValues/1356/PropertyTypeID/616,"error:('Connection aborted.', ConnectionResetError(54, 'Connection reset by peer'))"
Kohgiluyeh and Boyer-Ahmad,1357,https://amar.org.ir/salnameh-amari/agentType/ViewSearch/CustomFieldIDs/65/SearchValues/1357/PropertyTypeID/616,"error:('Connection aborted.', ConnectionResetError(54, 'Connection reset by peer'))"
Kohgiluyeh and Boyer-Ahmad,1359,https://amar.org.ir/salnameh-amari/agentType/ViewSearch/CustomFieldIDs/65/SearchValues/1359/PropertyTypeID/616,"error:('Connection aborted.', ConnectionResetError(54, 'Connection reset by peer'))"
Kohgiluyeh and Boyer-Ahmad,1358,https://amar.org.ir/salnameh-amari/agentType/ViewSearch/CustomFieldIDs/65/SearchValues/1358/PropertyTypeID/616,"error:('Connection aborted.', ConnectionResetError(54, 'Connection reset by peer'))"
Kohgiluyeh and Boyer-Ahmad,1360,https://amar.org.ir/salnameh-amari/agentType/ViewSearch/CustomFieldIDs/65/SearchValues/1360/PropertyTypeID/616,"error:('Connection aborted.', ConnectionResetError(54, 'Connection reset by peer'))"
Kohgiluyeh and Boyer-Ahmad,1361,https://amar.org.ir/salnameh-amari/agentType/ViewSearch/CustomFieldIDs/65/SearchValues/1361/PropertyTypeID/616,"error:('Connection aborted.', ConnectionResetError(54, 'Connection reset by peer'))"
Kohgiluyeh and Boyer-Ahmad,1362,https://amar.org.ir/salnameh-amari/agentType/ViewSearch/CustomFieldIDs/65/SearchValues/1362/PropertyTypeID/616,"error:('Connection aborted.', ConnectionResetError(54, 'Connection reset by peer'))"
Kohgiluyeh and Boyer-Ahmad,1363,https://amar.org.ir/salnameh-amari/agentType/ViewSearch/CustomFieldIDs/65/SearchValues/1363/PropertyTypeID/616,"error:('Connection aborted.', ConnectionResetError(54, 'Connection reset by peer'))"
Razavi Khorasan,1390,https://amar.org.ir/salnameh-amari/agentType/ViewSearch/CustomFieldIDs/65/SearchValues/1390/PropertyTypeID/616,"error:('Connection aborted.', RemoteDisconnected('Remote end closed connection without response'))"
Kohgiluyeh and Boyer-Ahmad,1365,https://amar.org.ir/salnameh-amari/agentType/ViewSearch/CustomFieldIDs/65/SearchValues/1365/PropertyTypeID/616,"error:('Connection aborted.', ConnectionResetError(54, 'Connection reset by peer'))"
Kohgiluyeh and Boyer-Ahmad,1364,https://amar.org.ir/salnameh-amari/agentType/ViewSearch/CustomFieldIDs/65/SearchValues/1364/PropertyTypeID/616,"error:('Connection aborted.', ConnectionResetError(54, 'Connection reset by peer'))"
Kohgiluyeh and Boyer-Ahmad,1370,https://amar.org.ir/salnameh-amari/agentType/ViewSearch/CustomFieldIDs/65/SearchValues/1370/PropertyTypeID/616,"error:('Connection aborted.', ConnectionResetError(54, 'Connection reset by peer'))"
Kohgiluyeh and Boyer-Ahmad,1367,https://amar.org.ir/salnameh-amari/agentType/ViewSearch/CustomFieldIDs/65/SearchValues/1367/PropertyTypeID/616,"error:('Connection aborted.', ConnectionResetError(54, 'Connection reset by peer'))"
Kohgiluyeh and Boyer-Ahmad,1369,https://amar.org.ir/salnameh-amari/agentType/ViewSearch/CustomFieldIDs/65/SearchValues/1369/PropertyTypeID/616,"error:('Connection aborted.', ConnectionResetError(54, 'Connection reset by peer'))"
Kohgiluyeh and Boyer-Ahmad,1368,https://amar.org.ir/salnameh-amari/agentType/ViewSearch/CustomFieldIDs/65/SearchValues/1368/PropertyTypeID/616,"error:('Connection aborted.', ConnectionResetError(54, 'Connection reset by peer'))"
Kohgiluyeh and Boyer-Ahmad,1366,https://amar.org.ir/salnameh-amari/agentType/ViewSearch/CustomFieldIDs/65/SearchValues/1366/PropertyTypeID/616,"error:('Connection aborted.', ConnectionResetError(54, 'Connection reset by peer'))"
Kohgiluyeh and Boyer-Ahmad,1371,https://amar.org.ir/salnameh-amari/agentType/ViewSearch/CustomFieldIDs/65/SearchValues/1371/PropertyTypeID/616,"error:('Connection aborted.', ConnectionResetError(54, 'Connection reset by peer'))"
Kohgiluyeh and Boyer-Ahmad,1372,https://amar.org.ir/salnameh-amari/agentType/ViewSearch/CustomFieldIDs/65/SearchValues/1372/PropertyTypeID/616,"error:('Connection aborted.', ConnectionResetError(54, 'Connection reset by peer'))"
Kohgiluyeh and Boyer-Ahmad,1375,https://amar.org.ir/salnameh-amari/agentType/ViewSearch/CustomFieldIDs/65/SearchValues/1375/PropertyTypeID/616,"error:('Connection aborted.', ConnectionResetError(54, 'Connection reset by peer'))"
Kohgiluyeh and Boyer-Ahmad,1374,https://amar.org.ir/salnameh-amari/agentType/ViewSearch/CustomFieldIDs/65/SearchValues/1374/PropertyTypeID/616,"error:('Connection aborted.', ConnectionResetError(54, 'Connection reset by peer'))"
Kohgiluyeh and Boyer-Ahmad,1373,https://amar.org.ir/salnameh-amari/agentType/ViewSearch/CustomFieldIDs/65/SearchValues/1373/PropertyTypeID/616,"error:('Connection aborted.', ConnectionResetError(54, 'Connection reset by peer'))"
Kohgiluyeh and Boyer-Ahmad,1376,https://amar.org.ir/salnameh-amari/agentType/ViewSearch/CustomFieldIDs/65/SearchValues/1376/PropertyTypeID/616,"error:('Connection aborted.', ConnectionResetError(54, 'Connection reset by peer'))"
Kohgiluyeh and Boyer-Ahmad,1348,https://amar.org.ir/salnameh-amari/agentType/ViewSearch/CustomFieldIDs/65/SearchValues/1348/PropertyTypeID/616,"error:('Connection aborted.', RemoteDisconnected('Remote end closed connection without response'))"
Kohgiluyeh and Boyer-Ahmad,1385,https://amar.org.ir/salnameh-amari/agentType/ViewSearch/CustomFieldIDs/65/SearchValues/1385/PropertyTypeID/616,"error:('Connection aborted.', ConnectionResetError(54, 'Connection reset by peer'))"
Kohgiluyeh and Boyer-Ahmad,1384,https://amar.org.ir/salnameh-amari/agentType/ViewSearch/CustomFieldIDs/65/SearchValues/1384/PropertyTypeID/616,"error:('Connection aborted.', ConnectionResetError(54, 'Connection reset by peer'))"
Kohgiluyeh and Boyer-Ahmad,1381,https://amar.org.ir/salnameh-amari/agentType/ViewSearch/CustomFieldIDs/65/SearchValues/1381/PropertyTypeID/616,"error:('Connection aborted.', ConnectionResetError(54, 'Connection reset by peer'))"
Kohgiluyeh and Boyer-Ahmad,1383,https://amar.org.ir/salnameh-amari/agentType/ViewSearch/CustomFieldIDs/65/SearchValues/1383/PropertyTypeID/616,"error:('Connection aborted.', ConnectionResetError(54, 'Connection reset by peer'))"
Kohgiluyeh and Boyer-Ahmad,1382,https://amar.org.ir/salnameh-amari/agentType/ViewSearch/CustomFieldIDs/65/SearchValues/1382/PropertyTypeID/616,"error:('Connection aborted.', ConnectionResetError(54, 'Connection reset by peer'))"
Kohgiluyeh and Boyer-Ahmad,1380,https://amar.org.ir/salnameh-amari/agentType/ViewSearch/CustomFieldIDs/65/SearchValues/1380/PropertyTypeID/616,"error:('Connection aborted.', ConnectionResetError(54, 'Connection reset by peer'))"
Razavi Khorasan,1397,https://amar.org.ir/salnameh-amari/agentType/ViewSearch/CustomFieldIDs/65/SearchValues/1397/PropertyTypeID/616,parse_exception:'list' object has no attribute 'text'
Kohgiluyeh and Boyer-Ahmad,1390,https://amar.org.ir/salnameh-amari/agentType/ViewSearch/CustomFieldIDs/65/SearchValues/1390/PropertyTypeID/616,"error:('Connection aborted.', ConnectionResetError(54, 'Connection reset by peer'))"
Kohgiluyeh and Boyer-Ahmad,1391,https://amar.org.ir/salnameh-amari/agentType/ViewSearch/CustomFieldIDs/65/SearchValues/1391/PropertyTypeID/616,"error:('Connection aborted.', ConnectionResetError(54, 'Connection reset by peer'))"
Kohgiluyeh and Boyer-Ahmad,1389,https://amar.org.ir/salnameh-amari/agentType/ViewSearch/CustomFieldIDs/65/SearchValues/1389/PropertyTypeID/616,"error:('Connection aborted.', ConnectionResetError(54, 'Connection reset by peer'))"
Kohgiluyeh and Boyer-Ahmad,1393,https://amar.org.ir/salnameh-amari/agentType/ViewSearch/CustomFieldIDs/65/SearchValues/1393/PropertyTypeID/616,"error:('Connection aborted.', ConnectionResetError(54, 'Connection reset by peer'))"
Kohgiluyeh and Boyer-Ahmad,1394,https://amar.org.ir/salnameh-amari/agentType/ViewSearch/CustomFieldIDs/65/SearchValues/1394/PropertyTypeID/616,"error:('Connection aborted.', ConnectionResetError(54, 'Connection reset by peer'))"
Kohgiluyeh and Boyer-Ahmad,1395,https://amar.org.ir/salnameh-amari/agentType/ViewSearch/CustomFieldIDs/65/SearchValues/1395/PropertyTypeID/616,"error:('Connection aborted.', ConnectionResetError(54, 'Connection reset by peer'))"
Kohgiluyeh and Boyer-Ahmad,1397,https://amar.org.ir/salnameh-amari/agentType/ViewSearch/CustomFieldIDs/65/SearchValues/1397/PropertyTypeID/616,"error:('Connection aborted.', ConnectionResetError(54, 'Connection reset by peer'))"
Kerman,1377,https://amar.org.ir/salnameh-amari/agentType/ViewSearch/CustomFieldIDs/65/SearchValues/1377/PropertyTypeID/616,parse_exception:'list' object has no attribute 'text'
Kohgiluyeh and Boyer-Ahmad,1396,https://amar.org.ir/salnameh-amari/agentType/ViewSearch/CustomFieldIDs/65/SearchValues/1396/PropertyTypeID/616,"error:('Connection aborted.', ConnectionResetError(54, 'Connection reset by peer'))"
Kohgiluyeh and Boyer-Ahmad,1398,https://amar.org.ir/salnameh-amari/agentType/ViewSearch/CustomFieldIDs/65/SearchValues/1398/PropertyTypeID/616,"error:('Connection aborted.', ConnectionResetError(54, 'Connection reset by peer'))"
Kohgiluyeh and Boyer-Ahmad,1399,https://amar.org.ir/salnameh-amari/agentType/ViewSearch/CustomFieldIDs/65/SearchValues/1399/PropertyTypeID/616,"error:('Connection aborted.', ConnectionResetError(54, 'Connection reset by peer'))"
Kohgiluyeh and Boyer-Ahmad,1401,https://amar.org.ir/salnameh-amari/agentType/ViewSearch/CustomFieldIDs/65/SearchValues/1401/PropertyTypeID/616,"error:('Connection aborted.', ConnectionResetError(54, 'Connection reset by peer'))"
Kohgiluyeh and Boyer-Ahmad,1402,https://amar.org.ir/salnameh-amari/agentType/ViewSearch/CustomFieldIDs/65/SearchValues/1402/PropertyTypeID/616,"error:('Connection aborted.', ConnectionResetError(54, 'Connection reset by peer'))"
Ilam,1345,https://amar.org.ir/salnameh-amari/agentType/ViewSearch/CustomFieldIDs/65/SearchValues/1345/PropertyTypeID/617,"error:('Connection aborted.', ConnectionResetError(54, 'Connection reset by peer'))"
Kohgiluyeh and Boyer-Ahmad,1377,https://amar.org.ir/salnameh-amari/agentType/ViewSearch/CustomFieldIDs/65/SearchValues/1377/PropertyTypeID/616,"error:('Connection aborted.', RemoteDisconnected('Remote end closed connection without response'))"
Kohgiluyeh and Boyer-Ahmad,1378,https://amar.org.ir/salnameh-amari/agentType/ViewSearch/CustomFieldIDs/65/SearchValues/1378/PropertyTypeID/616,"error:('Connection aborted.', RemoteDisconnected('Remote end closed connection without response'))"
Ilam,1346,https://amar.org.ir/salnameh-amari/agentType/ViewSearch/CustomFieldIDs/65/SearchValues/1346/PropertyTypeID/617,"error:('Connection aborted.', ConnectionResetError(54, 'Connection reset by peer'))"
Kohgiluyeh and Boyer-Ahmad,1379,https://amar.org.ir/salnameh-amari/agentType/ViewSearch/CustomFieldIDs/65/SearchValues/1379/PropertyTypeID/616,"error:('Connection aborted.', RemoteDisconnected('Remote end closed connection without response'))"
Alborz,1359,https://amar.org.ir/salnameh-amari/agentType/ViewSearch/CustomFieldIDs/65/SearchValues/1359/PropertyTypeID/616,"error:HTTPSConnectionPool(host='amar.org.ir', port=443): Read timed out. (read timeout=15)"
Kohgiluyeh and Boyer-Ahmad,1386,https://amar.org.ir/salnameh-amari/agentType/ViewSearch/CustomFieldIDs/65/SearchValues/1386/PropertyTypeID/616,"error:('Connection aborted.', RemoteDisconnected('Remote end closed connection without response'))"
Ilam,1347,https://amar.org.ir/salnameh-amari/agentType/ViewSearch/CustomFieldIDs/65/SearchValues/1347/PropertyTypeID/617,"error:('Connection aborted.', ConnectionResetError(54, 'Connection reset by peer'))"
Ilam,1348,https://amar.org.ir/salnameh-amari/agentType/ViewSearch/CustomFieldIDs/65/SearchValues/1348/PropertyTypeID/617,"error:('Connection aborted.', ConnectionResetError(54, 'Connection reset by peer'))"
Ilam,1349,https://amar.org.ir/salnameh-amari/agentType/ViewSearch/CustomFieldIDs/65/SearchValues/1349/PropertyTypeID/617,"error:('Connection aborted.', ConnectionResetError(54, 'Connection reset by peer'))"
Ilam,1351,https://amar.org.ir/salnameh-amari/agentType/ViewSearch/CustomFieldIDs/65/SearchValues/1351/PropertyTypeID/617,"error:('Connection aborted.', ConnectionResetError(54, 'Connection reset by peer'))"
Ilam,1353,https://amar.org.ir/salnameh-amari/agentType/ViewSearch/CustomFieldIDs/65/SearchValues/1353/PropertyTypeID/617,"error:('Connection aborted.', ConnectionResetError(54, 'Connection reset by peer'))"
Ilam,1352,https://amar.org.ir/salnameh-amari/agentType/ViewSearch/CustomFieldIDs/65/SearchValues/1352/PropertyTypeID/617,"error:('Connection aborted.', ConnectionResetError(54, 'Connection reset by peer'))"
Kohgiluyeh and Boyer-Ahmad,1387,https://amar.org.ir/salnameh-amari/agentType/ViewSearch/CustomFieldIDs/65/SearchValues/1387/PropertyTypeID/616,"error:('Connection aborted.', RemoteDisconnected('Remote end closed connection without response'))"
Kohgiluyeh and Boyer-Ahmad,1388,https://amar.org.ir/salnameh-amari/agentType/ViewSearch/CustomFieldIDs/65/SearchValues/1388/PropertyTypeID/616,"error:('Connection aborted.', RemoteDisconnected('Remote end closed connection without response'))"
Ilam,1354,https://amar.org.ir/salnameh-amari/agentType/ViewSearch/CustomFieldIDs/65/SearchValues/1354/PropertyTypeID/617,"error:('Connection aborted.', ConnectionResetError(54, 'Connection reset by peer'))"
Ilam,1355,https://amar.org.ir/salnameh-amari/agentType/ViewSearch/CustomFieldIDs/65/SearchValues/1355/PropertyTypeID/617,"error:('Connection aborted.', ConnectionResetError(54, 'Connection reset by peer'))"
Ilam,1356,https://amar.org.ir/salnameh-amari/agentType/ViewSearch/CustomFieldIDs/65/SearchValues/1356/PropertyTypeID/617,"error:('Connection aborted.', ConnectionResetError(54, 'Connection reset by peer'))"
Kohgiluyeh and Boyer-Ahmad,1392,https://amar.org.ir/salnameh-amari/agentType/ViewSearch/CustomFieldIDs/65/SearchValues/1392/PropertyTypeID/616,"error:('Connection aborted.', RemoteDisconnected('Remote end closed connection without response'))"
Ilam,1358,https://amar.org.ir/salnameh-amari/agentType/ViewSearch/CustomFieldIDs/65/SearchValues/1358/PropertyTypeID/617,"error:('Connection aborted.', ConnectionResetError(54, 'Connection reset by peer'))"
Ilam,1357,https://amar.org.ir/salnameh-amari/agentType/ViewSearch/CustomFieldIDs/65/SearchValues/1357/PropertyTypeID/617,"error:('Connection aborted.', ConnectionResetError(54, 'Connection reset by peer'))"
Ilam,1359,https://amar.org.ir/salnameh-amari/agentType/ViewSearch/CustomFieldIDs/65/SearchValues/1359/PropertyTypeID/617,"error:('Connection aborted.', ConnectionResetError(54, 'Connection reset by peer'))"
Ilam,1360,https://amar.org.ir/salnameh-amari/agentType/ViewSearch/CustomFieldIDs/65/SearchValues/1360/PropertyTypeID/617,"error:('Connection aborted.', ConnectionResetError(54, 'Connection reset by peer'))"
Ilam,1361,https://amar.org.ir/salnameh-amari/agentType/ViewSearch/CustomFieldIDs/65/SearchValues/1361/PropertyTypeID/617,"error:('Connection aborted.', ConnectionResetError(54, 'Connection reset by peer'))"
Ilam,1362,https://amar.org.ir/salnameh-amari/agentType/ViewSearch/CustomFieldIDs/65/SearchValues/1362/PropertyTypeID/617,"error:('Connection aborted.', ConnectionResetError(54, 'Connection reset by peer'))"
Ilam,1363,https://amar.org.ir/salnameh-amari/agentType/ViewSearch/CustomFieldIDs/65/SearchValues/1363/PropertyTypeID/617,"error:('Connection aborted.', ConnectionResetError(54, 'Connection reset by peer'))"
Ilam,1364,https://amar.org.ir/salnameh-amari/agentType/ViewSearch/CustomFieldIDs/65/SearchValues/1364/PropertyTypeID/617,"error:('Connection aborted.', ConnectionResetError(54, 'Connection reset by peer'))"
Ilam,1365,https://amar.org.ir/salnameh-amari/agentType/ViewSearch/CustomFieldIDs/65/SearchValues/1365/PropertyTypeID/617,"error:('Connection aborted.', ConnectionResetError(54, 'Connection reset by peer'))"
Ilam,1366,https://amar.org.ir/salnameh-amari/agentType/ViewSearch/CustomFieldIDs/65/SearchValues/1366/PropertyTypeID/617,"error:('Connection aborted.', ConnectionResetError(54, 'Connection reset by peer'))"
Ilam,1368,https://amar.org.ir/salnameh-amari/agentType/ViewSearch/CustomFieldIDs/65/SearchValues/1368/PropertyTypeID/617,"error:('Connection aborted.', ConnectionResetError(54, 'Connection reset by peer'))"
Ilam,1367,https://amar.org.ir/salnameh-amari/agentType/ViewSearch/CustomFieldIDs/65/SearchValues/1367/PropertyTypeID/617,"error:('Connection aborted.', ConnectionResetError(54, 'Connection reset by peer'))"
Ilam,1370,https://amar.org.ir/salnameh-amari/agentType/ViewSearch/CustomFieldIDs/65/SearchValues/1370/PropertyTypeID/617,"error:('Connection aborted.', ConnectionResetError(54, 'Connection reset by peer'))"
Ilam,1371,https://amar.org.ir/salnameh-amari/agentType/ViewSearch/CustomFieldIDs/65/SearchValues/1371/PropertyTypeID/617,"error:('Connection aborted.', ConnectionResetError(54, 'Connection reset by peer'))"
Ilam,1373,https://amar.org.ir/salnameh-amari/agentType/ViewSearch/CustomFieldIDs/65/SearchValues/1373/PropertyTypeID/617,"error:('Connection aborted.', ConnectionResetError(54, 'Connection reset by peer'))"
Ilam,1372,https://amar.org.ir/salnameh-amari/agentType/ViewSearch/CustomFieldIDs/65/SearchValues/1372/PropertyTypeID/617,"error:('Connection aborted.', ConnectionResetError(54, 'Connection reset by peer'))"
Ilam,1374,https://amar.org.ir/salnameh-amari/agentType/ViewSearch/CustomFieldIDs/65/SearchValues/1374/PropertyTypeID/617,"error:('Connection aborted.', ConnectionResetError(54, 'Connection reset by peer'))"
Ilam,1375,https://amar.org.ir/salnameh-amari/agentType/ViewSearch/CustomFieldIDs/65/SearchValues/1375/PropertyTypeID/617,"error:('Connection aborted.', ConnectionResetError(54, 'Connection reset by peer'))"
Ilam,1376,https://amar.org.ir/salnameh-amari/agentType/ViewSearch/CustomFieldIDs/65/SearchValues/1376/PropertyTypeID/617,"error:('Connection aborted.', ConnectionResetError(54, 'Connection reset by peer'))"
Kohgiluyeh and Boyer-Ahmad,1400,https://amar.org.ir/salnameh-amari/agentType/ViewSearch/CustomFieldIDs/65/SearchValues/1400/PropertyTypeID/616,parse_exception:'list' object has no attribute 'text'
Ilam,1377,https://amar.org.ir/salnameh-amari/agentType/ViewSearch/CustomFieldIDs/65/SearchValues/1377/PropertyTypeID/617,"error:('Connection aborted.', ConnectionResetError(54, 'Connection reset by peer'))"
Ilam,1378,https://amar.org.ir/salnameh-amari/agentType/ViewSearch/CustomFieldIDs/65/SearchValues/1378/PropertyTypeID/617,"error:('Connection aborted.', ConnectionResetError(54, 'Connection reset by peer'))"
Ilam,1379,https://amar.org.ir/salnameh-amari/agentType/ViewSearch/CustomFieldIDs/65/SearchValues/1379/PropertyTypeID/617,"error:('Connection aborted.', ConnectionResetError(54, 'Connection reset by peer'))"
Ilam,1380,https://amar.org.ir/salnameh-amari/agentType/ViewSearch/CustomFieldIDs/65/SearchValues/1380/PropertyTypeID/617,"error:('Connection aborted.', ConnectionResetError(54, 'Connection reset by peer'))"
Ilam,1381,https://amar.org.ir/salnameh-amari/agentType/ViewSearch/CustomFieldIDs/65/SearchValues/1381/PropertyTypeID/617,"error:('Connection aborted.', ConnectionResetError(54, 'Connection reset by peer'))"
Ilam,1382,https://amar.org.ir/salnameh-amari/agentType/ViewSearch/CustomFieldIDs/65/SearchValues/1382/PropertyTypeID/617,"error:('Connection aborted.', ConnectionResetError(54, 'Connection reset by peer'))"
Ilam,1383,https://amar.org.ir/salnameh-amari/agentType/ViewSearch/CustomFieldIDs/65/SearchValues/1383/PropertyTypeID/617,"error:('Connection aborted.', ConnectionResetError(54, 'Connection reset by peer'))"
Ilam,1386,https://amar.org.ir/salnameh-amari/agentType/ViewSearch/CustomFieldIDs/65/SearchValues/1386/PropertyTypeID/617,"error:('Connection aborted.', ConnectionResetError(54, 'Connection reset by peer'))"
Ilam,1385,https://amar.org.ir/salnameh-amari/agentType/ViewSearch/CustomFieldIDs/65/SearchValues/1385/PropertyTypeID/617,"error:('Connection aborted.', ConnectionResetError(54, 'Connection reset by peer'))"
Ilam,1384,https://amar.org.ir/salnameh-amari/agentType/ViewSearch/CustomFieldIDs/65/SearchValues/1384/PropertyTypeID/617,"error:('Connection aborted.', ConnectionResetError(54, 'Connection reset by peer'))"
Ilam,1387,https://amar.org.ir/salnameh-amari/agentType/ViewSearch/CustomFieldIDs/65/SearchValues/1387/PropertyTypeID/617,"error:('Connection aborted.', ConnectionResetError(54, 'Connection reset by peer'))"
Ilam,1350,https://amar.org.ir/salnameh-amari/agentType/ViewSearch/CustomFieldIDs/65/SearchValues/1350/PropertyTypeID/617,parse_exception:'list' object has no attribute 'text'
Ilam,1389,https://amar.org.ir/salnameh-amari/agentType/ViewSearch/CustomFieldIDs/65/SearchValues/1389/PropertyTypeID/617,"error:('Connection aborted.', ConnectionResetError(54, 'Connection reset by peer'))"
Ilam,1390,https://amar.org.ir/salnameh-amari/agentType/ViewSearch/CustomFieldIDs/65/SearchValues/1390/PropertyTypeID/617,"error:('Connection aborted.', ConnectionResetError(54, 'Connection reset by peer'))"
Ilam,1388,https://amar.org.ir/salnameh-amari/agentType/ViewSearch/CustomFieldIDs/65/SearchValues/1388/PropertyTypeID/617,"error:('Connection aborted.', ConnectionResetError(54, 'Connection reset by peer'))"
Ilam,1391,https://amar.org.ir/salnameh-amari/agentType/ViewSearch/CustomFieldIDs/65/SearchValues/1391/PropertyTypeID/617,"error:('Connection aborted.', ConnectionResetError(54, 'Connection reset by peer'))"
Ilam,1395,https://amar.org.ir/salnameh-amari/agentType/ViewSearch/CustomFieldIDs/65/SearchValues/1395/PropertyTypeID/617,"error:('Connection aborted.', ConnectionResetError(54, 'Connection reset by peer'))"
Ilam,1396,https://amar.org.ir/salnameh-amari/agentType/ViewSearch/CustomFieldIDs/65/SearchValues/1396/PropertyTypeID/617,"error:('Connection aborted.', ConnectionResetError(54, 'Connection reset by peer'))"
Ilam,1397,https://amar.org.ir/salnameh-amari/agentType/ViewSearch/CustomFieldIDs/65/SearchValues/1397/PropertyTypeID/617,"error:('Connection aborted.', ConnectionResetError(54, 'Connection reset by peer'))"
Ilam,1398,https://amar.org.ir/salnameh-amari/agentType/ViewSearch/CustomFieldIDs/65/SearchValues/1398/PropertyTypeID/617,"error:('Connection aborted.', ConnectionResetError(54, 'Connection reset by peer'))"
Ilam,1399,https://amar.org.ir/salnameh-amari/agentType/ViewSearch/CustomFieldIDs/65/SearchValues/1399/PropertyTypeID/617,"error:('Connection aborted.', ConnectionResetError(54, 'Connection reset by peer'))"
Ilam,1401,https://amar.org.ir/salnameh-amari/agentType/ViewSearch/CustomFieldIDs/65/SearchValues/1401/PropertyTypeID/617,"error:('Connection aborted.', ConnectionResetError(54, 'Connection reset by peer'))"
Ilam,1400,https://amar.org.ir/salnameh-amari/agentType/ViewSearch/CustomFieldIDs/65/SearchValues/1400/PropertyTypeID/617,"error:('Connection aborted.', ConnectionResetError(54, 'Connection reset by peer'))"
Kermanshah,1346,https://amar.org.ir/salnameh-amari/agentType/ViewSearch/CustomFieldIDs/65/SearchValues/1346/PropertyTypeID/617,"error:('Connection aborted.', ConnectionResetError(54, 'Connection reset by peer'))"
Kermanshah,1345,https://amar.org.ir/salnameh-amari/agentType/ViewSearch/CustomFieldIDs/65/SearchValues/1345/PropertyTypeID/617,"error:('Connection aborted.', ConnectionResetError(54, 'Connection reset by peer'))"
Ilam,1402,https://amar.org.ir/salnameh-amari/agentType/ViewSearch/CustomFieldIDs/65/SearchValues/1402/PropertyTypeID/617,"error:('Connection aborted.', ConnectionResetError(54, 'Connection reset by peer'))"
Ilam,1369,https://amar.org.ir/salnameh-amari/agentType/ViewSearch/CustomFieldIDs/65/SearchValues/1369/PropertyTypeID/617,"error:('Connection aborted.', RemoteDisconnected('Remote end closed connection without response'))"
Kermanshah,1347,https://amar.org.ir/salnameh-amari/agentType/ViewSearch/CustomFieldIDs/65/SearchValues/1347/PropertyTypeID/617,"error:('Connection aborted.', ConnectionResetError(54, 'Connection reset by peer'))"
Kermanshah,1349,https://amar.org.ir/salnameh-amari/agentType/ViewSearch/CustomFieldIDs/65/SearchValues/1349/PropertyTypeID/617,"error:('Connection aborted.', ConnectionResetError(54, 'Connection reset by peer'))"
Kermanshah,1350,https://amar.org.ir/salnameh-amari/agentType/ViewSearch/CustomFieldIDs/65/SearchValues/1350/PropertyTypeID/617,"error:('Connection aborted.', ConnectionResetError(54, 'Connection reset by peer'))"
Kermanshah,1348,https://amar.org.ir/salnameh-amari/agentType/ViewSearch/CustomFieldIDs/65/SearchValues/1348/PropertyTypeID/617,"error:('Connection aborted.', ConnectionResetError(54, 'Connection reset by peer'))"
Kermanshah,1352,https://amar.org.ir/salnameh-amari/agentType/ViewSearch/CustomFieldIDs/65/SearchValues/1352/PropertyTypeID/617,"error:('Connection aborted.', ConnectionResetError(54, 'Connection reset by peer'))"
Kermanshah,1353,https://amar.org.ir/salnameh-amari/agentType/ViewSearch/CustomFieldIDs/65/SearchValues/1353/PropertyTypeID/617,"error:('Connection aborted.', ConnectionResetError(54, 'Connection reset by peer'))"
Kermanshah,1355,https://amar.org.ir/salnameh-amari/agentType/ViewSearch/CustomFieldIDs/65/SearchValues/1355/PropertyTypeID/617,"error:('Connection aborted.', ConnectionResetError(54, 'Connection reset by peer'))"
Kermanshah,1356,https://amar.org.ir/salnameh-amari/agentType/ViewSearch/CustomFieldIDs/65/SearchValues/1356/PropertyTypeID/617,"error:('Connection aborted.', ConnectionResetError(54, 'Connection reset by peer'))"
Kermanshah,1358,https://amar.org.ir/salnameh-amari/agentType/ViewSearch/CustomFieldIDs/65/SearchValues/1358/PropertyTypeID/617,"error:('Connection aborted.', ConnectionResetError(54, 'Connection reset by peer'))"
Kermanshah,1359,https://amar.org.ir/salnameh-amari/agentType/ViewSearch/CustomFieldIDs/65/SearchValues/1359/PropertyTypeID/617,"error:('Connection aborted.', ConnectionResetError(54, 'Connection reset by peer'))"
Kermanshah,1357,https://amar.org.ir/salnameh-amari/agentType/ViewSearch/CustomFieldIDs/65/SearchValues/1357/PropertyTypeID/617,"error:('Connection aborted.', ConnectionResetError(54, 'Connection reset by peer'))"
Kermanshah,1360,https://amar.org.ir/salnameh-amari/agentType/ViewSearch/CustomFieldIDs/65/SearchValues/1360/PropertyTypeID/617,"error:('Connection aborted.', ConnectionResetError(54, 'Connection reset by peer'))"
Kermanshah,1361,https://amar.org.ir/salnameh-amari/agentType/ViewSearch/CustomFieldIDs/65/SearchValues/1361/PropertyTypeID/617,"error:('Connection aborted.', ConnectionResetError(54, 'Connection reset by peer'))"
Kermanshah,1362,https://amar.org.ir/salnameh-amari/agentType/ViewSearch/CustomFieldIDs/65/SearchValues/1362/PropertyTypeID/617,"error:('Connection aborted.', ConnectionResetError(54, 'Connection reset by peer'))"
Kermanshah,1363,https://amar.org.ir/salnameh-amari/agentType/ViewSearch/CustomFieldIDs/65/SearchValues/1363/PropertyTypeID/617,"error:('Connection aborted.', ConnectionResetError(54, 'Connection reset by peer'))"
Kermanshah,1364,https://amar.org.ir/salnameh-amari/agentType/ViewSearch/CustomFieldIDs/65/SearchValues/1364/PropertyTypeID/617,"error:('Connection aborted.', ConnectionResetError(54, 'Connection reset by peer'))"
Kermanshah,1365,https://amar.org.ir/salnameh-amari/agentType/ViewSearch/CustomFieldIDs/65/SearchValues/1365/PropertyTypeID/617,"error:('Connection aborted.', ConnectionResetError(54, 'Connection reset by peer'))"
Kermanshah,1366,https://amar.org.ir/salnameh-amari/agentType/ViewSearch/CustomFieldIDs/65/SearchValues/1366/PropertyTypeID/617,"error:('Connection aborted.', ConnectionResetError(54, 'Connection reset by peer'))"
Kermanshah,1368,https://amar.org.ir/salnameh-amari/agentType/ViewSearch/CustomFieldIDs/65/SearchValues/1368/PropertyTypeID/617,"error:('Connection aborted.', ConnectionResetError(54, 'Connection reset by peer'))"
Kermanshah,1367,https://amar.org.ir/salnameh-amari/agentType/ViewSearch/CustomFieldIDs/65/SearchValues/1367/PropertyTypeID/617,"error:('Connection aborted.', ConnectionResetError(54, 'Connection reset by peer'))"
Ilam,1392,https://amar.org.ir/salnameh-amari/agentType/ViewSearch/CustomFieldIDs/65/SearchValues/1392/PropertyTypeID/617,"error:('Connection aborted.', RemoteDisconnected('Remote end closed connection without response'))"
Ilam,1393,https://amar.org.ir/salnameh-amari/agentType/ViewSearch/CustomFieldIDs/65/SearchValues/1393/PropertyTypeID/617,"error:('Connection aborted.', RemoteDisconnected('Remote end closed connection without response'))"
Kermanshah,1369,https://amar.org.ir/salnameh-amari/agentType/ViewSearch/CustomFieldIDs/65/SearchValues/1369/PropertyTypeID/617,"error:('Connection aborted.', ConnectionResetError(54, 'Connection reset by peer'))"
Kermanshah,1370,https://amar.org.ir/salnameh-amari/agentType/ViewSearch/CustomFieldIDs/65/SearchValues/1370/PropertyTypeID/617,"error:('Connection aborted.', ConnectionResetError(54, 'Connection reset by peer'))"
Kermanshah,1372,https://amar.org.ir/salnameh-amari/agentType/ViewSearch/CustomFieldIDs/65/SearchValues/1372/PropertyTypeID/617,"error:('Connection aborted.', ConnectionResetError(54, 'Connection reset by peer'))"
Kermanshah,1375,https://amar.org.ir/salnameh-amari/agentType/ViewSearch/CustomFieldIDs/65/SearchValues/1375/PropertyTypeID/617,"error:('Connection aborted.', ConnectionResetError(54, 'Connection reset by peer'))"
Kermanshah,1374,https://amar.org.ir/salnameh-amari/agentType/ViewSearch/CustomFieldIDs/65/SearchValues/1374/PropertyTypeID/617,"error:('Connection aborted.', ConnectionResetError(54, 'Connection reset by peer'))"
Kermanshah,1376,https://amar.org.ir/salnameh-amari/agentType/ViewSearch/CustomFieldIDs/65/SearchValues/1376/PropertyTypeID/617,"error:('Connection aborted.', ConnectionResetError(54, 'Connection reset by peer'))"
Kermanshah,1373,https://amar.org.ir/salnameh-amari/agentType/ViewSearch/CustomFieldIDs/65/SearchValues/1373/PropertyTypeID/617,"error:('Connection aborted.', ConnectionResetError(54, 'Connection reset by peer'))"
Kermanshah,1377,https://amar.org.ir/salnameh-amari/agentType/ViewSearch/CustomFieldIDs/65/SearchValues/1377/PropertyTypeID/617,"error:('Connection aborted.', ConnectionResetError(54, 'Connection reset by peer'))"
Kermanshah,1378,https://amar.org.ir/salnameh-amari/agentType/ViewSearch/CustomFieldIDs/65/SearchValues/1378/PropertyTypeID/617,"error:('Connection aborted.', ConnectionResetError(54, 'Connection reset by peer'))"
Kermanshah,1379,https://amar.org.ir/salnameh-amari/agentType/ViewSearch/CustomFieldIDs/65/SearchValues/1379/PropertyTypeID/617,"error:('Connection aborted.', ConnectionResetError(54, 'Connection reset by peer'))"
Kermanshah,1383,https://amar.org.ir/salnameh-amari/agentType/ViewSearch/CustomFieldIDs/65/SearchValues/1383/PropertyTypeID/617,"error:('Connection aborted.', ConnectionResetError(54, 'Connection reset by peer'))"
Kermanshah,1382,https://amar.org.ir/salnameh-amari/agentType/ViewSearch/CustomFieldIDs/65/SearchValues/1382/PropertyTypeID/617,"error:('Connection aborted.', ConnectionResetError(54, 'Connection reset by peer'))"
Kermanshah,1380,https://amar.org.ir/salnameh-amari/agentType/ViewSearch/CustomFieldIDs/65/SearchValues/1380/PropertyTypeID/617,"error:('Connection aborted.', ConnectionResetError(54, 'Connection reset by peer'))"
Kermanshah,1381,https://amar.org.ir/salnameh-amari/agentType/ViewSearch/CustomFieldIDs/65/SearchValues/1381/PropertyTypeID/617,"error:('Connection aborted.', ConnectionResetError(54, 'Connection reset by peer'))"
Kermanshah,1384,https://amar.org.ir/salnameh-amari/agentType/ViewSearch/CustomFieldIDs/65/SearchValues/1384/PropertyTypeID/617,"error:('Connection aborted.', ConnectionResetError(54, 'Connection reset by peer'))"
Kermanshah,1385,https://amar.org.ir/salnameh-amari/agentType/ViewSearch/CustomFieldIDs/65/SearchValues/1385/PropertyTypeID/617,"error:('Connection aborted.', ConnectionResetError(54, 'Connection reset by peer'))"
Kermanshah,1386,https://amar.org.ir/salnameh-amari/agentType/ViewSearch/CustomFieldIDs/65/SearchValues/1386/PropertyTypeID/617,"error:('Connection aborted.', ConnectionResetError(54, 'Connection reset by peer'))"
Kermanshah,1354,https://amar.org.ir/salnameh-amari/agentType/ViewSearch/CustomFieldIDs/65/SearchValues/1354/PropertyTypeID/617,"error:('Connection aborted.', RemoteDisconnected('Remote end closed connection without response'))"
Kermanshah,1387,https://amar.org.ir/salnameh-amari/agentType/ViewSearch/CustomFieldIDs/65/SearchValues/1387/PropertyTypeID/617,"error:('Connection aborted.', ConnectionResetError(54, 'Connection reset by peer'))"
Kermanshah,1390,https://amar.org.ir/salnameh-amari/agentType/ViewSearch/CustomFieldIDs/65/SearchValues/1390/PropertyTypeID/617,"error:('Connection aborted.', ConnectionResetError(54, 'Connection reset by peer'))"
Kermanshah,1389,https://amar.org.ir/salnameh-amari/agentType/ViewSearch/CustomFieldIDs/65/SearchValues/1389/PropertyTypeID/617,"error:('Connection aborted.', ConnectionResetError(54, 'Connection reset by peer'))"
Kermanshah,1388,https://amar.org.ir/salnameh-amari/agentType/ViewSearch/CustomFieldIDs/65/SearchValues/1388/PropertyTypeID/617,"error:('Connection aborted.', ConnectionResetError(54, 'Connection reset by peer'))"
Kermanshah,1392,https://amar.org.ir/salnameh-amari/agentType/ViewSearch/CustomFieldIDs/65/SearchValues/1392/PropertyTypeID/617,"error:('Connection aborted.', ConnectionResetError(54, 'Connection reset by peer'))"
Kermanshah,1391,https://amar.org.ir/salnameh-amari/agentType/ViewSearch/CustomFieldIDs/65/SearchValues/1391/PropertyTypeID/617,"error:('Connection aborted.', ConnectionResetError(54, 'Connection reset by peer'))"
Kermanshah,1393,https://amar.org.ir/salnameh-amari/agentType/ViewSearch/CustomFieldIDs/65/SearchValues/1393/PropertyTypeID/617,"error:('Connection aborted.', ConnectionResetError(54, 'Connection reset by peer'))"
Kermanshah,1394,https://amar.org.ir/salnameh-amari/agentType/ViewSearch/CustomFieldIDs/65/SearchValues/1394/PropertyTypeID/617,"error:('Connection aborted.', ConnectionResetError(54, 'Connection reset by peer'))"
Kermanshah,1395,https://amar.org.ir/salnameh-amari/agentType/ViewSearch/CustomFieldIDs/65/SearchValues/1395/PropertyTypeID/617,"error:('Connection aborted.', ConnectionResetError(54, 'Connection reset by peer'))"
Kermanshah,1397,https://amar.org.ir/salnameh-amari/agentType/ViewSearch/CustomFieldIDs/65/SearchValues/1397/PropertyTypeID/617,"error:('Connection aborted.', ConnectionResetError(54, 'Connection reset by peer'))"
Kermanshah,1399,https://amar.org.ir/salnameh-amari/agentType/ViewSearch/CustomFieldIDs/65/SearchValues/1399/PropertyTypeID/617,"error:('Connection aborted.', ConnectionResetError(54, 'Connection reset by peer'))"
Kermanshah,1398,https://amar.org.ir/salnameh-amari/agentType/ViewSearch/CustomFieldIDs/65/SearchValues/1398/PropertyTypeID/617,"error:('Connection aborted.', ConnectionResetError(54, 'Connection reset by peer'))"
Kermanshah,1396,https://amar.org.ir/salnameh-amari/agentType/ViewSearch/CustomFieldIDs/65/SearchValues/1396/PropertyTypeID/617,"error:('Connection aborted.', ConnectionResetError(54, 'Connection reset by peer'))"
Kermanshah,1400,https://amar.org.ir/salnameh-amari/agentType/ViewSearch/CustomFieldIDs/65/SearchValues/1400/PropertyTypeID/617,"error:('Connection aborted.', ConnectionResetError(54, 'Connection reset by peer'))"
Kermanshah,1401,https://amar.org.ir/salnameh-amari/agentType/ViewSearch/CustomFieldIDs/65/SearchValues/1401/PropertyTypeID/617,"error:('Connection aborted.', ConnectionResetError(54, 'Connection reset by peer'))"
Ilam,1394,https://amar.org.ir/salnameh-amari/agentType/ViewSearch/CustomFieldIDs/65/SearchValues/1394/PropertyTypeID/617,parse_exception:'list' object has no attribute 'text'
Kermanshah,1402,https://amar.org.ir/salnameh-amari/agentType/ViewSearch/CustomFieldIDs/65/SearchValues/1402/PropertyTypeID/617,"error:('Connection aborted.', ConnectionResetError(54, 'Connection reset by peer'))"
Khuzestan,1345,https://amar.org.ir/salnameh-amari/agentType/ViewSearch/CustomFieldIDs/65/SearchValues/1345/PropertyTypeID/617,"error:('Connection aborted.', ConnectionResetError(54, 'Connection reset by peer'))"
Khuzestan,1346,https://amar.org.ir/salnameh-amari/agentType/ViewSearch/CustomFieldIDs/65/SearchValues/1346/PropertyTypeID/617,"error:('Connection aborted.', ConnectionResetError(54, 'Connection reset by peer'))"
Kermanshah,1371,https://amar.org.ir/salnameh-amari/agentType/ViewSearch/CustomFieldIDs/65/SearchValues/1371/PropertyTypeID/617,"error:('Connection aborted.', RemoteDisconnected('Remote end closed connection without response'))"
Khuzestan,1351,https://amar.org.ir/salnameh-amari/agentType/ViewSearch/CustomFieldIDs/65/SearchValues/1351/PropertyTypeID/617,"error:('Connection aborted.', ConnectionResetError(54, 'Connection reset by peer'))"
Khuzestan,1347,https://amar.org.ir/salnameh-amari/agentType/ViewSearch/CustomFieldIDs/65/SearchValues/1347/PropertyTypeID/617,"error:('Connection aborted.', ConnectionResetError(54, 'Connection reset by peer'))"
Khuzestan,1350,https://amar.org.ir/salnameh-amari/agentType/ViewSearch/CustomFieldIDs/65/SearchValues/1350/PropertyTypeID/617,"error:('Connection aborted.', ConnectionResetError(54, 'Connection reset by peer'))"
Khuzestan,1348,https://amar.org.ir/salnameh-amari/agentType/ViewSearch/CustomFieldIDs/65/SearchValues/1348/PropertyTypeID/617,"error:('Connection aborted.', ConnectionResetError(54, 'Connection reset by peer'))"
Khuzestan,1349,https://amar.org.ir/salnameh-amari/agentType/ViewSearch/CustomFieldIDs/65/SearchValues/1349/PropertyTypeID/617,"error:('Connection aborted.', ConnectionResetError(54, 'Connection reset by peer'))"
Khuzestan,1352,https://amar.org.ir/salnameh-amari/agentType/ViewSearch/CustomFieldIDs/65/SearchValues/1352/PropertyTypeID/617,"error:('Connection aborted.', ConnectionResetError(54, 'Connection reset by peer'))"
Khuzestan,1353,https://amar.org.ir/salnameh-amari/agentType/ViewSearch/CustomFieldIDs/65/SearchValues/1353/PropertyTypeID/617,"error:('Connection aborted.', ConnectionResetError(54, 'Connection reset by peer'))"
Khuzestan,1357,https://amar.org.ir/salnameh-amari/agentType/ViewSearch/CustomFieldIDs/65/SearchValues/1357/PropertyTypeID/617,"error:('Connection aborted.', ConnectionResetError(54, 'Connection reset by peer'))"
Khuzestan,1355,https://amar.org.ir/salnameh-amari/agentType/ViewSearch/CustomFieldIDs/65/SearchValues/1355/PropertyTypeID/617,"error:('Connection aborted.', ConnectionResetError(54, 'Connection reset by peer'))"
Khuzestan,1356,https://amar.org.ir/salnameh-amari/agentType/ViewSearch/CustomFieldIDs/65/SearchValues/1356/PropertyTypeID/617,"error:('Connection aborted.', ConnectionResetError(54, 'Connection reset by peer'))"
Khuzestan,1358,https://amar.org.ir/salnameh-amari/agentType/ViewSearch/CustomFieldIDs/65/SearchValues/1358/PropertyTypeID/617,"error:('Connection aborted.', ConnectionResetError(54, 'Connection reset by peer'))"
Khuzestan,1359,https://amar.org.ir/salnameh-amari/agentType/ViewSearch/CustomFieldIDs/65/SearchValues/1359/PropertyTypeID/617,"error:('Connection aborted.', ConnectionResetError(54, 'Connection reset by peer'))"
Khuzestan,1360,https://amar.org.ir/salnameh-amari/agentType/ViewSearch/CustomFieldIDs/65/SearchValues/1360/PropertyTypeID/617,"error:('Connection aborted.', ConnectionResetError(54, 'Connection reset by peer'))"
Khuzestan,1361,https://amar.org.ir/salnameh-amari/agentType/ViewSearch/CustomFieldIDs/65/SearchValues/1361/PropertyTypeID/617,"error:('Connection aborted.', ConnectionResetError(54, 'Connection reset by peer'))"
Khuzestan,1363,https://amar.org.ir/salnameh-amari/agentType/ViewSearch/CustomFieldIDs/65/SearchValues/1363/PropertyTypeID/617,"error:('Connection aborted.', ConnectionResetError(54, 'Connection reset by peer'))"
Khuzestan,1364,https://amar.org.ir/salnameh-amari/agentType/ViewSearch/CustomFieldIDs/65/SearchValues/1364/PropertyTypeID/617,"error:('Connection aborted.', ConnectionResetError(54, 'Connection reset by peer'))"
Khuzestan,1365,https://amar.org.ir/salnameh-amari/agentType/ViewSearch/CustomFieldIDs/65/SearchValues/1365/PropertyTypeID/617,"error:('Connection aborted.', ConnectionResetError(54, 'Connection reset by peer'))"
Khuzestan,1370,https://amar.org.ir/salnameh-amari/agentType/ViewSearch/CustomFieldIDs/65/SearchValues/1370/PropertyTypeID/617,"error:('Connection aborted.', ConnectionResetError(54, 'Connection reset by peer'))"
Khuzestan,1367,https://amar.org.ir/salnameh-amari/agentType/ViewSearch/CustomFieldIDs/65/SearchValues/1367/PropertyTypeID/617,"error:('Connection aborted.', ConnectionResetError(54, 'Connection reset by peer'))"
Khuzestan,1369,https://amar.org.ir/salnameh-amari/agentType/ViewSearch/CustomFieldIDs/65/SearchValues/1369/PropertyTypeID/617,"error:('Connection aborted.', ConnectionResetError(54, 'Connection reset by peer'))"
Khuzestan,1366,https://amar.org.ir/salnameh-amari/agentType/ViewSearch/CustomFieldIDs/65/SearchValues/1366/PropertyTypeID/617,"error:('Connection aborted.', ConnectionResetError(54, 'Connection reset by peer'))"
Khuzestan,1368,https://amar.org.ir/salnameh-amari/agentType/ViewSearch/CustomFieldIDs/65/SearchValues/1368/PropertyTypeID/617,"error:('Connection aborted.', ConnectionResetError(54, 'Connection reset by peer'))"
Khuzestan,1371,https://amar.org.ir/salnameh-amari/agentType/ViewSearch/CustomFieldIDs/65/SearchValues/1371/PropertyTypeID/617,"error:('Connection aborted.', ConnectionResetError(54, 'Connection reset by peer'))"
Khuzestan,1372,https://amar.org.ir/salnameh-amari/agentType/ViewSearch/CustomFieldIDs/65/SearchValues/1372/PropertyTypeID/617,"error:('Connection aborted.', ConnectionResetError(54, 'Connection reset by peer'))"
Khuzestan,1374,https://amar.org.ir/salnameh-amari/agentType/ViewSearch/CustomFieldIDs/65/SearchValues/1374/PropertyTypeID/617,"error:('Connection aborted.', ConnectionResetError(54, 'Connection reset by peer'))"
Khuzestan,1376,https://amar.org.ir/salnameh-amari/agentType/ViewSearch/CustomFieldIDs/65/SearchValues/1376/PropertyTypeID/617,"error:('Connection aborted.', ConnectionResetError(54, 'Connection reset by peer'))"
Khuzestan,1373,https://amar.org.ir/salnameh-amari/agentType/ViewSearch/CustomFieldIDs/65/SearchValues/1373/PropertyTypeID/617,"error:('Connection aborted.', ConnectionResetError(54, 'Connection reset by peer'))"
Khuzestan,1375,https://amar.org.ir/salnameh-amari/agentType/ViewSearch/CustomFieldIDs/65/SearchValues/1375/PropertyTypeID/617,"error:('Connection aborted.', ConnectionResetError(54, 'Connection reset by peer'))"
Khuzestan,1378,https://amar.org.ir/salnameh-amari/agentType/ViewSearch/CustomFieldIDs/65/SearchValues/1378/PropertyTypeID/617,"error:('Connection aborted.', ConnectionResetError(54, 'Connection reset by peer'))"
Khuzestan,1377,https://amar.org.ir/salnameh-amari/agentType/ViewSearch/CustomFieldIDs/65/SearchValues/1377/PropertyTypeID/617,"error:('Connection aborted.', ConnectionResetError(54, 'Connection reset by peer'))"
Khuzestan,1379,https://amar.org.ir/salnameh-amari/agentType/ViewSearch/CustomFieldIDs/65/SearchValues/1379/PropertyTypeID/617,"error:('Connection aborted.', ConnectionResetError(54, 'Connection reset by peer'))"
Khuzestan,1380,https://amar.org.ir/salnameh-amari/agentType/ViewSearch/CustomFieldIDs/65/SearchValues/1380/PropertyTypeID/617,"error:('Connection aborted.', ConnectionResetError(54, 'Connection reset by peer'))"
Khuzestan,1381,https://amar.org.ir/salnameh-amari/agentType/ViewSearch/CustomFieldIDs/65/SearchValues/1381/PropertyTypeID/617,"error:('Connection aborted.', ConnectionResetError(54, 'Connection reset by peer'))"
Khuzestan,1382,https://amar.org.ir/salnameh-amari/agentType/ViewSearch/CustomFieldIDs/65/SearchValues/1382/PropertyTypeID/617,"error:('Connection aborted.', ConnectionResetError(54, 'Connection reset by peer'))"
Khuzestan,1385,https://amar.org.ir/salnameh-amari/agentType/ViewSearch/CustomFieldIDs/65/SearchValues/1385/PropertyTypeID/617,"error:('Connection aborted.', ConnectionResetError(54, 'Connection reset by peer'))"
Khuzestan,1388,https://amar.org.ir/salnameh-amari/agentType/ViewSearch/CustomFieldIDs/65/SearchValues/1388/PropertyTypeID/617,"error:('Connection aborted.', ConnectionResetError(54, 'Connection reset by peer'))"
Khuzestan,1386,https://amar.org.ir/salnameh-amari/agentType/ViewSearch/CustomFieldIDs/65/SearchValues/1386/PropertyTypeID/617,"error:('Connection aborted.', ConnectionResetError(54, 'Connection reset by peer'))"
Khuzestan,1384,https://amar.org.ir/salnameh-amari/agentType/ViewSearch/CustomFieldIDs/65/SearchValues/1384/PropertyTypeID/617,"error:('Connection aborted.', ConnectionResetError(54, 'Connection reset by peer'))"
Khuzestan,1383,https://amar.org.ir/salnameh-amari/agentType/ViewSearch/CustomFieldIDs/65/SearchValues/1383/PropertyTypeID/617,"error:('Connection aborted.', ConnectionResetError(54, 'Connection reset by peer'))"
Khuzestan,1387,https://amar.org.ir/salnameh-amari/agentType/ViewSearch/CustomFieldIDs/65/SearchValues/1387/PropertyTypeID/617,"error:('Connection aborted.', ConnectionResetError(54, 'Connection reset by peer'))"
Khuzestan,1362,https://amar.org.ir/salnameh-amari/agentType/ViewSearch/CustomFieldIDs/65/SearchValues/1362/PropertyTypeID/617,parse_exception:'list' object has no attribute 'text'
Khuzestan,1389,https://amar.org.ir/salnameh-amari/agentType/ViewSearch/CustomFieldIDs/65/SearchValues/1389/PropertyTypeID/617,"error:('Connection aborted.', ConnectionResetError(54, 'Connection reset by peer'))"
Khuzestan,1354,https://amar.org.ir/salnameh-amari/agentType/ViewSearch/CustomFieldIDs/65/SearchValues/1354/PropertyTypeID/617,"error:('Connection aborted.', RemoteDisconnected('Remote end closed connection without response'))"
Khuzestan,1390,https://amar.org.ir/salnameh-amari/agentType/ViewSearch/CustomFieldIDs/65/SearchValues/1390/PropertyTypeID/617,"error:('Connection aborted.', ConnectionResetError(54, 'Connection reset by peer'))"
Khuzestan,1391,https://amar.org.ir/salnameh-amari/agentType/ViewSearch/CustomFieldIDs/65/SearchValues/1391/PropertyTypeID/617,"error:('Connection aborted.', ConnectionResetError(54, 'Connection reset by peer'))"
Khuzestan,1393,https://amar.org.ir/salnameh-amari/agentType/ViewSearch/CustomFieldIDs/65/SearchValues/1393/PropertyTypeID/617,"error:('Connection aborted.', ConnectionResetError(54, 'Connection reset by peer'))"
Khuzestan,1392,https://amar.org.ir/salnameh-amari/agentType/ViewSearch/CustomFieldIDs/65/SearchValues/1392/PropertyTypeID/617,"error:('Connection aborted.', ConnectionResetError(54, 'Connection reset by peer'))"
Khuzestan,1395,https://amar.org.ir/salnameh-amari/agentType/ViewSearch/CustomFieldIDs/65/SearchValues/1395/PropertyTypeID/617,"error:('Connection aborted.', ConnectionResetError(54, 'Connection reset by peer'))"
Khuzestan,1396,https://amar.org.ir/salnameh-amari/agentType/ViewSearch/CustomFieldIDs/65/SearchValues/1396/PropertyTypeID/617,"error:('Connection aborted.', ConnectionResetError(54, 'Connection reset by peer'))"
Khuzestan,1397,https://amar.org.ir/salnameh-amari/agentType/ViewSearch/CustomFieldIDs/65/SearchValues/1397/PropertyTypeID/617,"error:('Connection aborted.', ConnectionResetError(54, 'Connection reset by peer'))"
Khuzestan,1398,https://amar.org.ir/salnameh-amari/agentType/ViewSearch/CustomFieldIDs/65/SearchValues/1398/PropertyTypeID/617,"error:('Connection aborted.', ConnectionResetError(54, 'Connection reset by peer'))"
Khuzestan,1399,https://amar.org.ir/salnameh-amari/agentType/ViewSearch/CustomFieldIDs/65/SearchValues/1399/PropertyTypeID/617,"error:('Connection aborted.', ConnectionResetError(54, 'Connection reset by peer'))"
Mazandaran,1349,https://amar.org.ir/salnameh-amari/agentType/ViewSearch/CustomFieldIDs/65/SearchValues/1349/PropertyTypeID/617,parse_exception:'list' object has no attribute 'text'
Khuzestan,1400,https://amar.org.ir/salnameh-amari/agentType/ViewSearch/CustomFieldIDs/65/SearchValues/1400/PropertyTypeID/617,"error:('Connection aborted.', ConnectionResetError(54, 'Connection reset by peer'))"
Mazandaran,1345,https://amar.org.ir/salnameh-amari/agentType/ViewSearch/CustomFieldIDs/65/SearchValues/1345/PropertyTypeID/617,"error:('Connection aborted.', ConnectionResetError(54, 'Connection reset by peer'))"
Mazandaran,1346,https://amar.org.ir/salnameh-amari/agentType/ViewSearch/CustomFieldIDs/65/SearchValues/1346/PropertyTypeID/617,"error:('Connection aborted.', ConnectionResetError(54, 'Connection reset by peer'))"
Khuzestan,1401,https://amar.org.ir/salnameh-amari/agentType/ViewSearch/CustomFieldIDs/65/SearchValues/1401/PropertyTypeID/617,"error:('Connection aborted.', ConnectionResetError(54, 'Connection reset by peer'))"
Mazandaran,1347,https://amar.org.ir/salnameh-amari/agentType/ViewSearch/CustomFieldIDs/65/SearchValues/1347/PropertyTypeID/617,"error:('Connection aborted.', ConnectionResetError(54, 'Connection reset by peer'))"
Khuzestan,1402,https://amar.org.ir/salnameh-amari/agentType/ViewSearch/CustomFieldIDs/65/SearchValues/1402/PropertyTypeID/617,"error:('Connection aborted.', ConnectionResetError(54, 'Connection reset by peer'))"
Mazandaran,1350,https://amar.org.ir/salnameh-amari/agentType/ViewSearch/CustomFieldIDs/65/SearchValues/1350/PropertyTypeID/617,"error:('Connection aborted.', ConnectionResetError(54, 'Connection reset by peer'))"
Mazandaran,1348,https://amar.org.ir/salnameh-amari/agentType/ViewSearch/CustomFieldIDs/65/SearchValues/1348/PropertyTypeID/617,"error:('Connection aborted.', ConnectionResetError(54, 'Connection reset by peer'))"
Mazandaran,1351,https://amar.org.ir/salnameh-amari/agentType/ViewSearch/CustomFieldIDs/65/SearchValues/1351/PropertyTypeID/617,"error:('Connection aborted.', ConnectionResetError(54, 'Connection reset by peer'))"
Mazandaran,1352,https://amar.org.ir/salnameh-amari/agentType/ViewSearch/CustomFieldIDs/65/SearchValues/1352/PropertyTypeID/617,"error:('Connection aborted.', ConnectionResetError(54, 'Connection reset by peer'))"
Mazandaran,1353,https://amar.org.ir/salnameh-amari/agentType/ViewSearch/CustomFieldIDs/65/SearchValues/1353/PropertyTypeID/617,"error:('Connection aborted.', ConnectionResetError(54, 'Connection reset by peer'))"
Mazandaran,1354,https://amar.org.ir/salnameh-amari/agentType/ViewSearch/CustomFieldIDs/65/SearchValues/1354/PropertyTypeID/617,"error:('Connection aborted.', ConnectionResetError(54, 'Connection reset by peer'))"
Mazandaran,1357,https://amar.org.ir/salnameh-amari/agentType/ViewSearch/CustomFieldIDs/65/SearchValues/1357/PropertyTypeID/617,"error:('Connection aborted.', ConnectionResetError(54, 'Connection reset by peer'))"
Mazandaran,1359,https://amar.org.ir/salnameh-amari/agentType/ViewSearch/CustomFieldIDs/65/SearchValues/1359/PropertyTypeID/617,"error:('Connection aborted.', ConnectionResetError(54, 'Connection reset by peer'))"
Mazandaran,1360,https://amar.org.ir/salnameh-amari/agentType/ViewSearch/CustomFieldIDs/65/SearchValues/1360/PropertyTypeID/617,"error:('Connection aborted.', ConnectionResetError(54, 'Connection reset by peer'))"
Mazandaran,1361,https://amar.org.ir/salnameh-amari/agentType/ViewSearch/CustomFieldIDs/65/SearchValues/1361/PropertyTypeID/617,"error:('Connection aborted.', ConnectionResetError(54, 'Connection reset by peer'))"
Mazandaran,1366,https://amar.org.ir/salnameh-amari/agentType/ViewSearch/CustomFieldIDs/65/SearchValues/1366/PropertyTypeID/617,"error:('Connection aborted.', ConnectionResetError(54, 'Connection reset by peer'))"
Mazandaran,1365,https://amar.org.ir/salnameh-amari/agentType/ViewSearch/CustomFieldIDs/65/SearchValues/1365/PropertyTypeID/617,"error:('Connection aborted.', ConnectionResetError(54, 'Connection reset by peer'))"
Mazandaran,1364,https://amar.org.ir/salnameh-amari/agentType/ViewSearch/CustomFieldIDs/65/SearchValues/1364/PropertyTypeID/617,"error:('Connection aborted.', ConnectionResetError(54, 'Connection reset by peer'))"
Mazandaran,1363,https://amar.org.ir/salnameh-amari/agentType/ViewSearch/CustomFieldIDs/65/SearchValues/1363/PropertyTypeID/617,"error:('Connection aborted.', ConnectionResetError(54, 'Connection reset by peer'))"
Mazandaran,1367,https://amar.org.ir/salnameh-amari/agentType/ViewSearch/CustomFieldIDs/65/SearchValues/1367/PropertyTypeID/617,"error:('Connection aborted.', ConnectionResetError(54, 'Connection reset by peer'))"
Mazandaran,1368,https://amar.org.ir/salnameh-amari/agentType/ViewSearch/CustomFieldIDs/65/SearchValues/1368/PropertyTypeID/617,"error:('Connection aborted.', ConnectionResetError(54, 'Connection reset by peer'))"
Mazandaran,1369,https://amar.org.ir/salnameh-amari/agentType/ViewSearch/CustomFieldIDs/65/SearchValues/1369/PropertyTypeID/617,"error:('Connection aborted.', ConnectionResetError(54, 'Connection reset by peer'))"
Khuzestan,1394,https://amar.org.ir/salnameh-amari/agentType/ViewSearch/CustomFieldIDs/65/SearchValues/1394/PropertyTypeID/617,"error:('Connection aborted.', RemoteDisconnected('Remote end closed connection without response'))"
Mazandaran,1372,https://amar.org.ir/salnameh-amari/agentType/ViewSearch/CustomFieldIDs/65/SearchValues/1372/PropertyTypeID/617,"error:('Connection aborted.', ConnectionResetError(54, 'Connection reset by peer'))"
Mazandaran,1370,https://amar.org.ir/salnameh-amari/agentType/ViewSearch/CustomFieldIDs/65/SearchValues/1370/PropertyTypeID/617,"error:('Connection aborted.', ConnectionResetError(54, 'Connection reset by peer'))"
Mazandaran,1371,https://amar.org.ir/salnameh-amari/agentType/ViewSearch/CustomFieldIDs/65/SearchValues/1371/PropertyTypeID/617,"error:('Connection aborted.', ConnectionResetError(54, 'Connection reset by peer'))"
Mazandaran,1375,https://amar.org.ir/salnameh-amari/agentType/ViewSearch/CustomFieldIDs/65/SearchValues/1375/PropertyTypeID/617,"error:('Connection aborted.', ConnectionResetError(54, 'Connection reset by peer'))"
Mazandaran,1376,https://amar.org.ir/salnameh-amari/agentType/ViewSearch/CustomFieldIDs/65/SearchValues/1376/PropertyTypeID/617,"error:('Connection aborted.', ConnectionResetError(54, 'Connection reset by peer'))"
Mazandaran,1377,https://amar.org.ir/salnameh-amari/agentType/ViewSearch/CustomFieldIDs/65/SearchValues/1377/PropertyTypeID/617,"error:('Connection aborted.', ConnectionResetError(54, 'Connection reset by peer'))"
Mazandaran,1379,https://amar.org.ir/salnameh-amari/agentType/ViewSearch/CustomFieldIDs/65/SearchValues/1379/PropertyTypeID/617,"error:('Connection aborted.', ConnectionResetError(54, 'Connection reset by peer'))"
Mazandaran,1378,https://amar.org.ir/salnameh-amari/agentType/ViewSearch/CustomFieldIDs/65/SearchValues/1378/PropertyTypeID/617,"error:('Connection aborted.', ConnectionResetError(54, 'Connection reset by peer'))"
Mazandaran,1380,https://amar.org.ir/salnameh-amari/agentType/ViewSearch/CustomFieldIDs/65/SearchValues/1380/PropertyTypeID/617,"error:('Connection aborted.', ConnectionResetError(54, 'Connection reset by peer'))"
Mazandaran,1381,https://amar.org.ir/salnameh-amari/agentType/ViewSearch/CustomFieldIDs/65/SearchValues/1381/PropertyTypeID/617,"error:('Connection aborted.', ConnectionResetError(54, 'Connection reset by peer'))"
Mazandaran,1382,https://amar.org.ir/salnameh-amari/agentType/ViewSearch/CustomFieldIDs/65/SearchValues/1382/PropertyTypeID/617,"error:('Connection aborted.', ConnectionResetError(54, 'Connection reset by peer'))"
Mazandaran,1383,https://amar.org.ir/salnameh-amari/agentType/ViewSearch/CustomFieldIDs/65/SearchValues/1383/PropertyTypeID/617,"error:('Connection aborted.', ConnectionResetError(54, 'Connection reset by peer'))"
Mazandaran,1355,https://amar.org.ir/salnameh-amari/agentType/ViewSearch/CustomFieldIDs/65/SearchValues/1355/PropertyTypeID/617,"error:('Connection aborted.', RemoteDisconnected('Remote end closed connection without response'))"
Mazandaran,1384,https://amar.org.ir/salnameh-amari/agentType/ViewSearch/CustomFieldIDs/65/SearchValues/1384/PropertyTypeID/617,"error:('Connection aborted.', ConnectionResetError(54, 'Connection reset by peer'))"
Mazandaran,1386,https://amar.org.ir/salnameh-amari/agentType/ViewSearch/CustomFieldIDs/65/SearchValues/1386/PropertyTypeID/617,"error:('Connection aborted.', ConnectionResetError(54, 'Connection reset by peer'))"
Mazandaran,1387,https://amar.org.ir/salnameh-amari/agentType/ViewSearch/CustomFieldIDs/65/SearchValues/1387/PropertyTypeID/617,"error:('Connection aborted.', ConnectionResetError(54, 'Connection reset by peer'))"
Mazandaran,1385,https://amar.org.ir/salnameh-amari/agentType/ViewSearch/CustomFieldIDs/65/SearchValues/1385/PropertyTypeID/617,"error:('Connection aborted.', ConnectionResetError(54, 'Connection reset by peer'))"
Mazandaran,1362,https://amar.org.ir/salnameh-amari/agentType/ViewSearch/CustomFieldIDs/65/SearchValues/1362/PropertyTypeID/617,parse_exception:'list' object has no attribute 'text'
Mazandaran,1356,https://amar.org.ir/salnameh-amari/agentType/ViewSearch/CustomFieldIDs/65/SearchValues/1356/PropertyTypeID/617,"error:('Connection aborted.', RemoteDisconnected('Remote end closed connection without response'))"
Mazandaran,1358,https://amar.org.ir/salnameh-amari/agentType/ViewSearch/CustomFieldIDs/65/SearchValues/1358/PropertyTypeID/617,"error:('Connection aborted.', RemoteDisconnected('Remote end closed connection without response'))"
Mazandaran,1388,https://amar.org.ir/salnameh-amari/agentType/ViewSearch/CustomFieldIDs/65/SearchValues/1388/PropertyTypeID/617,"error:('Connection aborted.', ConnectionResetError(54, 'Connection reset by peer'))"
Mazandaran,1392,https://amar.org.ir/salnameh-amari/agentType/ViewSearch/CustomFieldIDs/65/SearchValues/1392/PropertyTypeID/617,"error:('Connection aborted.', ConnectionResetError(54, 'Connection reset by peer'))"
Mazandaran,1390,https://amar.org.ir/salnameh-amari/agentType/ViewSearch/CustomFieldIDs/65/SearchValues/1390/PropertyTypeID/617,"error:('Connection aborted.', ConnectionResetError(54, 'Connection reset by peer'))"
Mazandaran,1389,https://amar.org.ir/salnameh-amari/agentType/ViewSearch/CustomFieldIDs/65/SearchValues/1389/PropertyTypeID/617,"error:('Connection aborted.', ConnectionResetError(54, 'Connection reset by peer'))"
Mazandaran,1393,https://amar.org.ir/salnameh-amari/agentType/ViewSearch/CustomFieldIDs/65/SearchValues/1393/PropertyTypeID/617,"error:('Connection aborted.', ConnectionResetError(54, 'Connection reset by peer'))"
Mazandaran,1395,https://amar.org.ir/salnameh-amari/agentType/ViewSearch/CustomFieldIDs/65/SearchValues/1395/PropertyTypeID/617,"error:('Connection aborted.', ConnectionResetError(54, 'Connection reset by peer'))"
Mazandaran,1394,https://amar.org.ir/salnameh-amari/agentType/ViewSearch/CustomFieldIDs/65/SearchValues/1394/PropertyTypeID/617,"error:('Connection aborted.', ConnectionResetError(54, 'Connection reset by peer'))"
Mazandaran,1396,https://amar.org.ir/salnameh-amari/agentType/ViewSearch/CustomFieldIDs/65/SearchValues/1396/PropertyTypeID/617,"error:('Connection aborted.', ConnectionResetError(54, 'Connection reset by peer'))"
Mazandaran,1397,https://amar.org.ir/salnameh-amari/agentType/ViewSearch/CustomFieldIDs/65/SearchValues/1397/PropertyTypeID/617,"error:('Connection aborted.', ConnectionResetError(54, 'Connection reset by peer'))"
Mazandaran,1398,https://amar.org.ir/salnameh-amari/agentType/ViewSearch/CustomFieldIDs/65/SearchValues/1398/PropertyTypeID/617,"error:('Connection aborted.', ConnectionResetError(54, 'Connection reset by peer'))"
Mazandaran,1399,https://amar.org.ir/salnameh-amari/agentType/ViewSearch/CustomFieldIDs/65/SearchValues/1399/PropertyTypeID/617,"error:('Connection aborted.', ConnectionResetError(54, 'Connection reset by peer'))"
Mazandaran,1400,https://amar.org.ir/salnameh-amari/agentType/ViewSearch/CustomFieldIDs/65/SearchValues/1400/PropertyTypeID/617,"error:('Connection aborted.', ConnectionResetError(54, 'Connection reset by peer'))"
Mazandaran,1401,https://amar.org.ir/salnameh-amari/agentType/ViewSearch/CustomFieldIDs/65/SearchValues/1401/PropertyTypeID/617,"error:('Connection aborted.', ConnectionResetError(54, 'Connection reset by peer'))"
Mazandaran,1373,https://amar.org.ir/salnameh-amari/agentType/ViewSearch/CustomFieldIDs/65/SearchValues/1373/PropertyTypeID/617,"error:('Connection aborted.', RemoteDisconnected('Remote end closed connection without response'))"
Zanjan,1346,https://amar.org.ir/salnameh-amari/agentType/ViewSearch/CustomFieldIDs/65/SearchValues/1346/PropertyTypeID/618,"error:('Connection aborted.', ConnectionResetError(54, 'Connection reset by peer'))"
Mazandaran,1374,https://amar.org.ir/salnameh-amari/agentType/ViewSearch/CustomFieldIDs/65/SearchValues/1374/PropertyTypeID/617,"error:('Connection aborted.', RemoteDisconnected('Remote end closed connection without response'))"
Zanjan,1347,https://amar.org.ir/salnameh-amari/agentType/ViewSearch/CustomFieldIDs/65/SearchValues/1347/PropertyTypeID/618,"error:('Connection aborted.', ConnectionResetError(54, 'Connection reset by peer'))"
Zanjan,1349,https://amar.org.ir/salnameh-amari/agentType/ViewSearch/CustomFieldIDs/65/SearchValues/1349/PropertyTypeID/618,"error:('Connection aborted.', ConnectionResetError(54, 'Connection reset by peer'))"
Zanjan,1350,https://amar.org.ir/salnameh-amari/agentType/ViewSearch/CustomFieldIDs/65/SearchValues/1350/PropertyTypeID/618,"error:('Connection aborted.', ConnectionResetError(54, 'Connection reset by peer'))"
Zanjan,1348,https://amar.org.ir/salnameh-amari/agentType/ViewSearch/CustomFieldIDs/65/SearchValues/1348/PropertyTypeID/618,"error:('Connection aborted.', ConnectionResetError(54, 'Connection reset by peer'))"
Zanjan,1351,https://amar.org.ir/salnameh-amari/agentType/ViewSearch/CustomFieldIDs/65/SearchValues/1351/PropertyTypeID/618,"error:('Connection aborted.', ConnectionResetError(54, 'Connection reset by peer'))"
Zanjan,1353,https://amar.org.ir/salnameh-amari/agentType/ViewSearch/CustomFieldIDs/65/SearchValues/1353/PropertyTypeID/618,"error:('Connection aborted.', ConnectionResetError(54, 'Connection reset by peer'))"
Zanjan,1352,https://amar.org.ir/salnameh-amari/agentType/ViewSearch/CustomFieldIDs/65/SearchValues/1352/PropertyTypeID/618,"error:('Connection aborted.', ConnectionResetError(54, 'Connection reset by peer'))"
Zanjan,1354,https://amar.org.ir/salnameh-amari/agentType/ViewSearch/CustomFieldIDs/65/SearchValues/1354/PropertyTypeID/618,"error:('Connection aborted.', ConnectionResetError(54, 'Connection reset by peer'))"
Zanjan,1355,https://amar.org.ir/salnameh-amari/agentType/ViewSearch/CustomFieldIDs/65/SearchValues/1355/PropertyTypeID/618,"error:('Connection aborted.', ConnectionResetError(54, 'Connection reset by peer'))"
Zanjan,1356,https://amar.org.ir/salnameh-amari/agentType/ViewSearch/CustomFieldIDs/65/SearchValues/1356/PropertyTypeID/618,"error:('Connection aborted.', ConnectionResetError(54, 'Connection reset by peer'))"
Zanjan,1359,https://amar.org.ir/salnameh-amari/agentType/ViewSearch/CustomFieldIDs/65/SearchValues/1359/PropertyTypeID/618,"error:('Connection aborted.', ConnectionResetError(54, 'Connection reset by peer'))"
Zanjan,1358,https://amar.org.ir/salnameh-amari/agentType/ViewSearch/CustomFieldIDs/65/SearchValues/1358/PropertyTypeID/618,"error:('Connection aborted.', ConnectionResetError(54, 'Connection reset by peer'))"
Zanjan,1357,https://amar.org.ir/salnameh-amari/agentType/ViewSearch/CustomFieldIDs/65/SearchValues/1357/PropertyTypeID/618,"error:('Connection aborted.', ConnectionResetError(54, 'Connection reset by peer'))"
Zanjan,1360,https://amar.org.ir/salnameh-amari/agentType/ViewSearch/CustomFieldIDs/65/SearchValues/1360/PropertyTypeID/618,"error:('Connection aborted.', ConnectionResetError(54, 'Connection reset by peer'))"
Zanjan,1361,https://amar.org.ir/salnameh-amari/agentType/ViewSearch/CustomFieldIDs/65/SearchValues/1361/PropertyTypeID/618,"error:('Connection aborted.', ConnectionResetError(54, 'Connection reset by peer'))"
Zanjan,1362,https://amar.org.ir/salnameh-amari/agentType/ViewSearch/CustomFieldIDs/65/SearchValues/1362/PropertyTypeID/618,"error:('Connection aborted.', ConnectionResetError(54, 'Connection reset by peer'))"
Zanjan,1363,https://amar.org.ir/salnameh-amari/agentType/ViewSearch/CustomFieldIDs/65/SearchValues/1363/PropertyTypeID/618,"error:('Connection aborted.', ConnectionResetError(54, 'Connection reset by peer'))"
Mazandaran,1391,https://amar.org.ir/salnameh-amari/agentType/ViewSearch/CustomFieldIDs/65/SearchValues/1391/PropertyTypeID/617,"error:('Connection aborted.', RemoteDisconnected('Remote end closed connection without response'))"
Zanjan,1368,https://amar.org.ir/salnameh-amari/agentType/ViewSearch/CustomFieldIDs/65/SearchValues/1368/PropertyTypeID/618,"error:('Connection aborted.', ConnectionResetError(54, 'Connection reset by peer'))"
Zanjan,1366,https://amar.org.ir/salnameh-amari/agentType/ViewSearch/CustomFieldIDs/65/SearchValues/1366/PropertyTypeID/618,"error:('Connection aborted.', ConnectionResetError(54, 'Connection reset by peer'))"
Zanjan,1364,https://amar.org.ir/salnameh-amari/agentType/ViewSearch/CustomFieldIDs/65/SearchValues/1364/PropertyTypeID/618,"error:('Connection aborted.', ConnectionResetError(54, 'Connection reset by peer'))"
Zanjan,1365,https://amar.org.ir/salnameh-amari/agentType/ViewSearch/CustomFieldIDs/65/SearchValues/1365/PropertyTypeID/618,"error:('Connection aborted.', ConnectionResetError(54, 'Connection reset by peer'))"
Zanjan,1367,https://amar.org.ir/salnameh-amari/agentType/ViewSearch/CustomFieldIDs/65/SearchValues/1367/PropertyTypeID/618,"error:('Connection aborted.', ConnectionResetError(54, 'Connection reset by peer'))"
Zanjan,1369,https://amar.org.ir/salnameh-amari/agentType/ViewSearch/CustomFieldIDs/65/SearchValues/1369/PropertyTypeID/618,"error:('Connection aborted.', ConnectionResetError(54, 'Connection reset by peer'))"
Zanjan,1370,https://amar.org.ir/salnameh-amari/agentType/ViewSearch/CustomFieldIDs/65/SearchValues/1370/PropertyTypeID/618,"error:('Connection aborted.', ConnectionResetError(54, 'Connection reset by peer'))"
Zanjan,1372,https://amar.org.ir/salnameh-amari/agentType/ViewSearch/CustomFieldIDs/65/SearchValues/1372/PropertyTypeID/618,"error:('Connection aborted.', ConnectionResetError(54, 'Connection reset by peer'))"
Zanjan,1371,https://amar.org.ir/salnameh-amari/agentType/ViewSearch/CustomFieldIDs/65/SearchValues/1371/PropertyTypeID/618,"error:('Connection aborted.', ConnectionResetError(54, 'Connection reset by peer'))"
Zanjan,1375,https://amar.org.ir/salnameh-amari/agentType/ViewSearch/CustomFieldIDs/65/SearchValues/1375/PropertyTypeID/618,"error:('Connection aborted.', ConnectionResetError(54, 'Connection reset by peer'))"
Zanjan,1373,https://amar.org.ir/salnameh-amari/agentType/ViewSearch/CustomFieldIDs/65/SearchValues/1373/PropertyTypeID/618,"error:('Connection aborted.', ConnectionResetError(54, 'Connection reset by peer'))"
Zanjan,1374,https://amar.org.ir/salnameh-amari/agentType/ViewSearch/CustomFieldIDs/65/SearchValues/1374/PropertyTypeID/618,"error:('Connection aborted.', ConnectionResetError(54, 'Connection reset by peer'))"
Zanjan,1345,https://amar.org.ir/salnameh-amari/agentType/ViewSearch/CustomFieldIDs/65/SearchValues/1345/PropertyTypeID/618,"error:('Connection aborted.', RemoteDisconnected('Remote end closed connection without response'))"
Zanjan,1376,https://amar.org.ir/salnameh-amari/agentType/ViewSearch/CustomFieldIDs/65/SearchValues/1376/PropertyTypeID/618,"error:('Connection aborted.', ConnectionResetError(54, 'Connection reset by peer'))"
Zanjan,1377,https://amar.org.ir/salnameh-amari/agentType/ViewSearch/CustomFieldIDs/65/SearchValues/1377/PropertyTypeID/618,"error:('Connection aborted.', ConnectionResetError(54, 'Connection reset by peer'))"
Zanjan,1378,https://amar.org.ir/salnameh-amari/agentType/ViewSearch/CustomFieldIDs/65/SearchValues/1378/PropertyTypeID/618,"error:('Connection aborted.', ConnectionResetError(54, 'Connection reset by peer'))"
Zanjan,1379,https://amar.org.ir/salnameh-amari/agentType/ViewSearch/CustomFieldIDs/65/SearchValues/1379/PropertyTypeID/618,"error:('Connection aborted.', ConnectionResetError(54, 'Connection reset by peer'))"
Zanjan,1382,https://amar.org.ir/salnameh-amari/agentType/ViewSearch/CustomFieldIDs/65/SearchValues/1382/PropertyTypeID/618,"error:('Connection aborted.', ConnectionResetError(54, 'Connection reset by peer'))"
Zanjan,1383,https://amar.org.ir/salnameh-amari/agentType/ViewSearch/CustomFieldIDs/65/SearchValues/1383/PropertyTypeID/618,"error:('Connection aborted.', ConnectionResetError(54, 'Connection reset by peer'))"
Zanjan,1384,https://amar.org.ir/salnameh-amari/agentType/ViewSearch/CustomFieldIDs/65/SearchValues/1384/PropertyTypeID/618,"error:('Connection aborted.', ConnectionResetError(54, 'Connection reset by peer'))"
Zanjan,1386,https://amar.org.ir/salnameh-amari/agentType/ViewSearch/CustomFieldIDs/65/SearchValues/1386/PropertyTypeID/618,"error:('Connection aborted.', ConnectionResetError(54, 'Connection reset by peer'))"
Zanjan,1385,https://amar.org.ir/salnameh-amari/agentType/ViewSearch/CustomFieldIDs/65/SearchValues/1385/PropertyTypeID/618,"error:('Connection aborted.', ConnectionResetError(54, 'Connection reset by peer'))"
Zanjan,1381,https://amar.org.ir/salnameh-amari/agentType/ViewSearch/CustomFieldIDs/65/SearchValues/1381/PropertyTypeID/618,"error:('Connection aborted.', ConnectionResetError(54, 'Connection reset by peer'))"
Zanjan,1388,https://amar.org.ir/salnameh-amari/agentType/ViewSearch/CustomFieldIDs/65/SearchValues/1388/PropertyTypeID/618,"error:('Connection aborted.', ConnectionResetError(54, 'Connection reset by peer'))"
Zanjan,1389,https://amar.org.ir/salnameh-amari/agentType/ViewSearch/CustomFieldIDs/65/SearchValues/1389/PropertyTypeID/618,"error:('Connection aborted.', ConnectionResetError(54, 'Connection reset by peer'))"
Zanjan,1390,https://amar.org.ir/salnameh-amari/agentType/ViewSearch/CustomFieldIDs/65/SearchValues/1390/PropertyTypeID/618,"error:('Connection aborted.', ConnectionResetError(54, 'Connection reset by peer'))"
Zanjan,1392,https://amar.org.ir/salnameh-amari/agentType/ViewSearch/CustomFieldIDs/65/SearchValues/1392/PropertyTypeID/618,"error:('Connection aborted.', ConnectionResetError(54, 'Connection reset by peer'))"
Zanjan,1391,https://amar.org.ir/salnameh-amari/agentType/ViewSearch/CustomFieldIDs/65/SearchValues/1391/PropertyTypeID/618,"error:('Connection aborted.', ConnectionResetError(54, 'Connection reset by peer'))"
Zanjan,1393,https://amar.org.ir/salnameh-amari/agentType/ViewSearch/CustomFieldIDs/65/SearchValues/1393/PropertyTypeID/618,"error:('Connection aborted.', ConnectionResetError(54, 'Connection reset by peer'))"
Zanjan,1395,https://amar.org.ir/salnameh-amari/agentType/ViewSearch/CustomFieldIDs/65/SearchValues/1395/PropertyTypeID/618,"error:('Connection aborted.', ConnectionResetError(54, 'Connection reset by peer'))"
Mazandaran,1402,https://amar.org.ir/salnameh-amari/agentType/ViewSearch/CustomFieldIDs/65/SearchValues/1402/PropertyTypeID/617,parse_exception:'list' object has no attribute 'text'
Zanjan,1396,https://amar.org.ir/salnameh-amari/agentType/ViewSearch/CustomFieldIDs/65/SearchValues/1396/PropertyTypeID/618,"error:('Connection aborted.', ConnectionResetError(54, 'Connection reset by peer'))"
Zanjan,1401,https://amar.org.ir/salnameh-amari/agentType/ViewSearch/CustomFieldIDs/65/SearchValues/1401/PropertyTypeID/618,"error:('Connection aborted.', ConnectionResetError(54, 'Connection reset by peer'))"
Zanjan,1399,https://amar.org.ir/salnameh-amari/agentType/ViewSearch/CustomFieldIDs/65/SearchValues/1399/PropertyTypeID/618,"error:('Connection aborted.', ConnectionResetError(54, 'Connection reset by peer'))"
Zanjan,1400,https://amar.org.ir/salnameh-amari/agentType/ViewSearch/CustomFieldIDs/65/SearchValues/1400/PropertyTypeID/618,"error:('Connection aborted.', ConnectionResetError(54, 'Connection reset by peer'))"
Zanjan,1398,https://amar.org.ir/salnameh-amari/agentType/ViewSearch/CustomFieldIDs/65/SearchValues/1398/PropertyTypeID/618,"error:('Connection aborted.', ConnectionResetError(54, 'Connection reset by peer'))"
Hormozgan,1345,https://amar.org.ir/salnameh-amari/agentType/ViewSearch/CustomFieldIDs/65/SearchValues/1345/PropertyTypeID/618,"error:('Connection aborted.', ConnectionResetError(54, 'Connection reset by peer'))"
Zanjan,1402,https://amar.org.ir/salnameh-amari/agentType/ViewSearch/CustomFieldIDs/65/SearchValues/1402/PropertyTypeID/618,"error:('Connection aborted.', ConnectionResetError(54, 'Connection reset by peer'))"
Hormozgan,1347,https://amar.org.ir/salnameh-amari/agentType/ViewSearch/CustomFieldIDs/65/SearchValues/1347/PropertyTypeID/618,"error:('Connection aborted.', ConnectionResetError(54, 'Connection reset by peer'))"
Hormozgan,1346,https://amar.org.ir/salnameh-amari/agentType/ViewSearch/CustomFieldIDs/65/SearchValues/1346/PropertyTypeID/618,"error:('Connection aborted.', ConnectionResetError(54, 'Connection reset by peer'))"
Hormozgan,1349,https://amar.org.ir/salnameh-amari/agentType/ViewSearch/CustomFieldIDs/65/SearchValues/1349/PropertyTypeID/618,"error:('Connection aborted.', ConnectionResetError(54, 'Connection reset by peer'))"
Hormozgan,1350,https://amar.org.ir/salnameh-amari/agentType/ViewSearch/CustomFieldIDs/65/SearchValues/1350/PropertyTypeID/618,"error:('Connection aborted.', ConnectionResetError(54, 'Connection reset by peer'))"
Hormozgan,1348,https://amar.org.ir/salnameh-amari/agentType/ViewSearch/CustomFieldIDs/65/SearchValues/1348/PropertyTypeID/618,"error:('Connection aborted.', ConnectionResetError(54, 'Connection reset by peer'))"
Hormozgan,1351,https://amar.org.ir/salnameh-amari/agentType/ViewSearch/CustomFieldIDs/65/SearchValues/1351/PropertyTypeID/618,"error:('Connection aborted.', ConnectionResetError(54, 'Connection reset by peer'))"
Hormozgan,1352,https://amar.org.ir/salnameh-amari/agentType/ViewSearch/CustomFieldIDs/65/SearchValues/1352/PropertyTypeID/618,"error:('Connection aborted.', ConnectionResetError(54, 'Connection reset by peer'))"
Kermanshah,1351,https://amar.org.ir/salnameh-amari/agentType/ViewSearch/CustomFieldIDs/65/SearchValues/1351/PropertyTypeID/617,"error:HTTPSConnectionPool(host='amar.org.ir', port=443): Read timed out. (read timeout=15)"
Hormozgan,1353,https://amar.org.ir/salnameh-amari/agentType/ViewSearch/CustomFieldIDs/65/SearchValues/1353/PropertyTypeID/618,"error:('Connection aborted.', ConnectionResetError(54, 'Connection reset by peer'))"
Zanjan,1380,https://amar.org.ir/salnameh-amari/agentType/ViewSearch/CustomFieldIDs/65/SearchValues/1380/PropertyTypeID/618,"error:('Connection aborted.', RemoteDisconnected('Remote end closed connection without response'))"
Hormozgan,1360,https://amar.org.ir/salnameh-amari/agentType/ViewSearch/CustomFieldIDs/65/SearchValues/1360/PropertyTypeID/618,"error:('Connection aborted.', ConnectionResetError(54, 'Connection reset by peer'))"
Hormozgan,1357,https://amar.org.ir/salnameh-amari/agentType/ViewSearch/CustomFieldIDs/65/SearchValues/1357/PropertyTypeID/618,"error:('Connection aborted.', ConnectionResetError(54, 'Connection reset by peer'))"
Hormozgan,1356,https://amar.org.ir/salnameh-amari/agentType/ViewSearch/CustomFieldIDs/65/SearchValues/1356/PropertyTypeID/618,"error:('Connection aborted.', ConnectionResetError(54, 'Connection reset by peer'))"
Hormozgan,1359,https://amar.org.ir/salnameh-amari/agentType/ViewSearch/CustomFieldIDs/65/SearchValues/1359/PropertyTypeID/618,"error:('Connection aborted.', ConnectionResetError(54, 'Connection reset by peer'))"
Hormozgan,1355,https://amar.org.ir/salnameh-amari/agentType/ViewSearch/CustomFieldIDs/65/SearchValues/1355/PropertyTypeID/618,"error:('Connection aborted.', ConnectionResetError(54, 'Connection reset by peer'))"
Hormozgan,1358,https://amar.org.ir/salnameh-amari/agentType/ViewSearch/CustomFieldIDs/65/SearchValues/1358/PropertyTypeID/618,"error:('Connection aborted.', ConnectionResetError(54, 'Connection reset by peer'))"
Zanjan,1387,https://amar.org.ir/salnameh-amari/agentType/ViewSearch/CustomFieldIDs/65/SearchValues/1387/PropertyTypeID/618,"error:('Connection aborted.', RemoteDisconnected('Remote end closed connection without response'))"
Hormozgan,1361,https://amar.org.ir/salnameh-amari/agentType/ViewSearch/CustomFieldIDs/65/SearchValues/1361/PropertyTypeID/618,"error:('Connection aborted.', ConnectionResetError(54, 'Connection reset by peer'))"
Hormozgan,1362,https://amar.org.ir/salnameh-amari/agentType/ViewSearch/CustomFieldIDs/65/SearchValues/1362/PropertyTypeID/618,"error:('Connection aborted.', ConnectionResetError(54, 'Connection reset by peer'))"
Hormozgan,1363,https://amar.org.ir/salnameh-amari/agentType/ViewSearch/CustomFieldIDs/65/SearchValues/1363/PropertyTypeID/618,"error:('Connection aborted.', ConnectionResetError(54, 'Connection reset by peer'))"
Hormozgan,1364,https://amar.org.ir/salnameh-amari/agentType/ViewSearch/CustomFieldIDs/65/SearchValues/1364/PropertyTypeID/618,"error:('Connection aborted.', ConnectionResetError(54, 'Connection reset by peer'))"
Hormozgan,1365,https://amar.org.ir/salnameh-amari/agentType/ViewSearch/CustomFieldIDs/65/SearchValues/1365/PropertyTypeID/618,"error:('Connection aborted.', ConnectionResetError(54, 'Connection reset by peer'))"
Hormozgan,1366,https://amar.org.ir/salnameh-amari/agentType/ViewSearch/CustomFieldIDs/65/SearchValues/1366/PropertyTypeID/618,"error:('Connection aborted.', ConnectionResetError(54, 'Connection reset by peer'))"
Zanjan,1394,https://amar.org.ir/salnameh-amari/agentType/ViewSearch/CustomFieldIDs/65/SearchValues/1394/PropertyTypeID/618,"error:('Connection aborted.', RemoteDisconnected('Remote end closed connection without response'))"
Hormozgan,1368,https://amar.org.ir/salnameh-amari/agentType/ViewSearch/CustomFieldIDs/65/SearchValues/1368/PropertyTypeID/618,"error:('Connection aborted.', ConnectionResetError(54, 'Connection reset by peer'))"
Hormozgan,1367,https://amar.org.ir/salnameh-amari/agentType/ViewSearch/CustomFieldIDs/65/SearchValues/1367/PropertyTypeID/618,"error:('Connection aborted.', ConnectionResetError(54, 'Connection reset by peer'))"
Hormozgan,1369,https://amar.org.ir/salnameh-amari/agentType/ViewSearch/CustomFieldIDs/65/SearchValues/1369/PropertyTypeID/618,"error:('Connection aborted.', ConnectionResetError(54, 'Connection reset by peer'))"
Zanjan,1397,https://amar.org.ir/salnameh-amari/agentType/ViewSearch/CustomFieldIDs/65/SearchValues/1397/PropertyTypeID/618,"error:('Connection aborted.', RemoteDisconnected('Remote end closed connection without response'))"
Hormozgan,1370,https://amar.org.ir/salnameh-amari/agentType/ViewSearch/CustomFieldIDs/65/SearchValues/1370/PropertyTypeID/618,"error:('Connection aborted.', ConnectionResetError(54, 'Connection reset by peer'))"
Hormozgan,1372,https://amar.org.ir/salnameh-amari/agentType/ViewSearch/CustomFieldIDs/65/SearchValues/1372/PropertyTypeID/618,"error:('Connection aborted.', ConnectionResetError(54, 'Connection reset by peer'))"
Hormozgan,1375,https://amar.org.ir/salnameh-amari/agentType/ViewSearch/CustomFieldIDs/65/SearchValues/1375/PropertyTypeID/618,"error:('Connection aborted.', ConnectionResetError(54, 'Connection reset by peer'))"
Hormozgan,1373,https://amar.org.ir/salnameh-amari/agentType/ViewSearch/CustomFieldIDs/65/SearchValues/1373/PropertyTypeID/618,"error:('Connection aborted.', ConnectionResetError(54, 'Connection reset by peer'))"
Hormozgan,1371,https://amar.org.ir/salnameh-amari/agentType/ViewSearch/CustomFieldIDs/65/SearchValues/1371/PropertyTypeID/618,"error:('Connection aborted.', ConnectionResetError(54, 'Connection reset by peer'))"
Hormozgan,1376,https://amar.org.ir/salnameh-amari/agentType/ViewSearch/CustomFieldIDs/65/SearchValues/1376/PropertyTypeID/618,"error:('Connection aborted.', ConnectionResetError(54, 'Connection reset by peer'))"
Hormozgan,1374,https://amar.org.ir/salnameh-amari/agentType/ViewSearch/CustomFieldIDs/65/SearchValues/1374/PropertyTypeID/618,"error:('Connection aborted.', ConnectionResetError(54, 'Connection reset by peer'))"
Hormozgan,1377,https://amar.org.ir/salnameh-amari/agentType/ViewSearch/CustomFieldIDs/65/SearchValues/1377/PropertyTypeID/618,"error:('Connection aborted.', ConnectionResetError(54, 'Connection reset by peer'))"
Hormozgan,1382,https://amar.org.ir/salnameh-amari/agentType/ViewSearch/CustomFieldIDs/65/SearchValues/1382/PropertyTypeID/618,"error:('Connection aborted.', ConnectionResetError(54, 'Connection reset by peer'))"
Hormozgan,1378,https://amar.org.ir/salnameh-amari/agentType/ViewSearch/CustomFieldIDs/65/SearchValues/1378/PropertyTypeID/618,"error:('Connection aborted.', ConnectionResetError(54, 'Connection reset by peer'))"
Hormozgan,1379,https://amar.org.ir/salnameh-amari/agentType/ViewSearch/CustomFieldIDs/65/SearchValues/1379/PropertyTypeID/618,"error:('Connection aborted.', ConnectionResetError(54, 'Connection reset by peer'))"
Hormozgan,1380,https://amar.org.ir/salnameh-amari/agentType/ViewSearch/CustomFieldIDs/65/SearchValues/1380/PropertyTypeID/618,"error:('Connection aborted.', ConnectionResetError(54, 'Connection reset by peer'))"
Hormozgan,1381,https://amar.org.ir/salnameh-amari/agentType/ViewSearch/CustomFieldIDs/65/SearchValues/1381/PropertyTypeID/618,"error:('Connection aborted.', ConnectionResetError(54, 'Connection reset by peer'))"
Hormozgan,1383,https://amar.org.ir/salnameh-amari/agentType/ViewSearch/CustomFieldIDs/65/SearchValues/1383/PropertyTypeID/618,"error:('Connection aborted.', ConnectionResetError(54, 'Connection reset by peer'))"
Hormozgan,1384,https://amar.org.ir/salnameh-amari/agentType/ViewSearch/CustomFieldIDs/65/SearchValues/1384/PropertyTypeID/618,"error:('Connection aborted.', ConnectionResetError(54, 'Connection reset by peer'))"
Hormozgan,1386,https://amar.org.ir/salnameh-amari/agentType/ViewSearch/CustomFieldIDs/65/SearchValues/1386/PropertyTypeID/618,"error:('Connection aborted.', ConnectionResetError(54, 'Connection reset by peer'))"
Hormozgan,1385,https://amar.org.ir/salnameh-amari/agentType/ViewSearch/CustomFieldIDs/65/SearchValues/1385/PropertyTypeID/618,"error:('Connection aborted.', ConnectionResetError(54, 'Connection reset by peer'))"
Hormozgan,1387,https://amar.org.ir/salnameh-amari/agentType/ViewSearch/CustomFieldIDs/65/SearchValues/1387/PropertyTypeID/618,"error:('Connection aborted.', ConnectionResetError(54, 'Connection reset by peer'))"
Hormozgan,1388,https://amar.org.ir/salnameh-amari/agentType/ViewSearch/CustomFieldIDs/65/SearchValues/1388/PropertyTypeID/618,"error:('Connection aborted.', ConnectionResetError(54, 'Connection reset by peer'))"
Hormozgan,1389,https://amar.org.ir/salnameh-amari/agentType/ViewSearch/CustomFieldIDs/65/SearchValues/1389/PropertyTypeID/618,"error:('Connection aborted.', ConnectionResetError(54, 'Connection reset by peer'))"
Hormozgan,1392,https://amar.org.ir/salnameh-amari/agentType/ViewSearch/CustomFieldIDs/65/SearchValues/1392/PropertyTypeID/618,"error:('Connection aborted.', ConnectionResetError(54, 'Connection reset by peer'))"
Hormozgan,1390,https://amar.org.ir/salnameh-amari/agentType/ViewSearch/CustomFieldIDs/65/SearchValues/1390/PropertyTypeID/618,"error:('Connection aborted.', ConnectionResetError(54, 'Connection reset by peer'))"
Hormozgan,1391,https://amar.org.ir/salnameh-amari/agentType/ViewSearch/CustomFieldIDs/65/SearchValues/1391/PropertyTypeID/618,"error:('Connection aborted.', ConnectionResetError(54, 'Connection reset by peer'))"
Hormozgan,1394,https://amar.org.ir/salnameh-amari/agentType/ViewSearch/CustomFieldIDs/65/SearchValues/1394/PropertyTypeID/618,"error:('Connection aborted.', ConnectionResetError(54, 'Connection reset by peer'))"
Hormozgan,1395,https://amar.org.ir/salnameh-amari/agentType/ViewSearch/CustomFieldIDs/65/SearchValues/1395/PropertyTypeID/618,"error:('Connection aborted.', ConnectionResetError(54, 'Connection reset by peer'))"
Hormozgan,1393,https://amar.org.ir/salnameh-amari/agentType/ViewSearch/CustomFieldIDs/65/SearchValues/1393/PropertyTypeID/618,"error:('Connection aborted.', ConnectionResetError(54, 'Connection reset by peer'))"
Hormozgan,1354,https://amar.org.ir/salnameh-amari/agentType/ViewSearch/CustomFieldIDs/65/SearchValues/1354/PropertyTypeID/618,parse_exception:'list' object has no attribute 'text'
Hormozgan,1396,https://amar.org.ir/salnameh-amari/agentType/ViewSearch/CustomFieldIDs/65/SearchValues/1396/PropertyTypeID/618,"error:('Connection aborted.', ConnectionResetError(54, 'Connection reset by peer'))"
Hormozgan,1397,https://amar.org.ir/salnameh-amari/agentType/ViewSearch/CustomFieldIDs/65/SearchValues/1397/PropertyTypeID/618,"error:('Connection aborted.', ConnectionResetError(54, 'Connection reset by peer'))"
Hormozgan,1398,https://amar.org.ir/salnameh-amari/agentType/ViewSearch/CustomFieldIDs/65/SearchValues/1398/PropertyTypeID/618,"error:('Connection aborted.', ConnectionResetError(54, 'Connection reset by peer'))"
Hormozgan,1400,https://amar.org.ir/salnameh-amari/agentType/ViewSearch/CustomFieldIDs/65/SearchValues/1400/PropertyTypeID/618,"error:('Connection aborted.', ConnectionResetError(54, 'Connection reset by peer'))"
Hormozgan,1399,https://amar.org.ir/salnameh-amari/agentType/ViewSearch/CustomFieldIDs/65/SearchValues/1399/PropertyTypeID/618,"error:('Connection aborted.', ConnectionResetError(54, 'Connection reset by peer'))"
Hormozgan,1401,https://amar.org.ir/salnameh-amari/agentType/ViewSearch/CustomFieldIDs/65/SearchValues/1401/PropertyTypeID/618,"error:('Connection aborted.', ConnectionResetError(54, 'Connection reset by peer'))"
Hormozgan,1402,https://amar.org.ir/salnameh-amari/agentType/ViewSearch/CustomFieldIDs/65/SearchValues/1402/PropertyTypeID/618,"error:('Connection aborted.', ConnectionResetError(54, 'Connection reset by peer'))"
Hamadan,1345,https://amar.org.ir/salnameh-amari/agentType/ViewSearch/CustomFieldIDs/65/SearchValues/1345/PropertyTypeID/619,"error:('Connection aborted.', ConnectionResetError(54, 'Connection reset by peer'))"
Hamadan,1347,https://amar.org.ir/salnameh-amari/agentType/ViewSearch/CustomFieldIDs/65/SearchValues/1347/PropertyTypeID/619,"error:('Connection aborted.', ConnectionResetError(54, 'Connection reset by peer'))"
Hamadan,1348,https://amar.org.ir/salnameh-amari/agentType/ViewSearch/CustomFieldIDs/65/SearchValues/1348/PropertyTypeID/619,"error:('Connection aborted.', ConnectionResetError(54, 'Connection reset by peer'))"
Hamadan,1349,https://amar.org.ir/salnameh-amari/agentType/ViewSearch/CustomFieldIDs/65/SearchValues/1349/PropertyTypeID/619,"error:('Connection aborted.', ConnectionResetError(54, 'Connection reset by peer'))"
Hamadan,1350,https://amar.org.ir/salnameh-amari/agentType/ViewSearch/CustomFieldIDs/65/SearchValues/1350/PropertyTypeID/619,"error:('Connection aborted.', ConnectionResetError(54, 'Connection reset by peer'))"
Hamadan,1354,https://amar.org.ir/salnameh-amari/agentType/ViewSearch/CustomFieldIDs/65/SearchValues/1354/PropertyTypeID/619,"error:('Connection aborted.', ConnectionResetError(54, 'Connection reset by peer'))"
Hamadan,1356,https://amar.org.ir/salnameh-amari/agentType/ViewSearch/CustomFieldIDs/65/SearchValues/1356/PropertyTypeID/619,"error:('Connection aborted.', ConnectionResetError(54, 'Connection reset by peer'))"
Hamadan,1351,https://amar.org.ir/salnameh-amari/agentType/ViewSearch/CustomFieldIDs/65/SearchValues/1351/PropertyTypeID/619,"error:('Connection aborted.', ConnectionResetError(54, 'Connection reset by peer'))"
Hamadan,1353,https://amar.org.ir/salnameh-amari/agentType/ViewSearch/CustomFieldIDs/65/SearchValues/1353/PropertyTypeID/619,"error:('Connection aborted.', ConnectionResetError(54, 'Connection reset by peer'))"
Hamadan,1352,https://amar.org.ir/salnameh-amari/agentType/ViewSearch/CustomFieldIDs/65/SearchValues/1352/PropertyTypeID/619,"error:('Connection aborted.', ConnectionResetError(54, 'Connection reset by peer'))"
Hamadan,1355,https://amar.org.ir/salnameh-amari/agentType/ViewSearch/CustomFieldIDs/65/SearchValues/1355/PropertyTypeID/619,"error:('Connection aborted.', ConnectionResetError(54, 'Connection reset by peer'))"
Hamadan,1358,https://amar.org.ir/salnameh-amari/agentType/ViewSearch/CustomFieldIDs/65/SearchValues/1358/PropertyTypeID/619,"error:('Connection aborted.', ConnectionResetError(54, 'Connection reset by peer'))"
Hamadan,1361,https://amar.org.ir/salnameh-amari/agentType/ViewSearch/CustomFieldIDs/65/SearchValues/1361/PropertyTypeID/619,"error:('Connection aborted.', ConnectionResetError(54, 'Connection reset by peer'))"
Hamadan,1360,https://amar.org.ir/salnameh-amari/agentType/ViewSearch/CustomFieldIDs/65/SearchValues/1360/PropertyTypeID/619,"error:('Connection aborted.', ConnectionResetError(54, 'Connection reset by peer'))"
Hamadan,1362,https://amar.org.ir/salnameh-amari/agentType/ViewSearch/CustomFieldIDs/65/SearchValues/1362/PropertyTypeID/619,"error:('Connection aborted.', ConnectionResetError(54, 'Connection reset by peer'))"
Hamadan,1363,https://amar.org.ir/salnameh-amari/agentType/ViewSearch/CustomFieldIDs/65/SearchValues/1363/PropertyTypeID/619,"error:('Connection aborted.', ConnectionResetError(54, 'Connection reset by peer'))"
Hamadan,1359,https://amar.org.ir/salnameh-amari/agentType/ViewSearch/CustomFieldIDs/65/SearchValues/1359/PropertyTypeID/619,"error:('Connection aborted.', ConnectionResetError(54, 'Connection reset by peer'))"
Hamadan,1364,https://amar.org.ir/salnameh-amari/agentType/ViewSearch/CustomFieldIDs/65/SearchValues/1364/PropertyTypeID/619,"error:('Connection aborted.', ConnectionResetError(54, 'Connection reset by peer'))"
Hamadan,1365,https://amar.org.ir/salnameh-amari/agentType/ViewSearch/CustomFieldIDs/65/SearchValues/1365/PropertyTypeID/619,"error:('Connection aborted.', ConnectionResetError(54, 'Connection reset by peer'))"
Hamadan,1366,https://amar.org.ir/salnameh-amari/agentType/ViewSearch/CustomFieldIDs/65/SearchValues/1366/PropertyTypeID/619,"error:('Connection aborted.', ConnectionResetError(54, 'Connection reset by peer'))"
Hamadan,1367,https://amar.org.ir/salnameh-amari/agentType/ViewSearch/CustomFieldIDs/65/SearchValues/1367/PropertyTypeID/619,"error:('Connection aborted.', ConnectionResetError(54, 'Connection reset by peer'))"
Hamadan,1368,https://amar.org.ir/salnameh-amari/agentType/ViewSearch/CustomFieldIDs/65/SearchValues/1368/PropertyTypeID/619,"error:('Connection aborted.', ConnectionResetError(54, 'Connection reset by peer'))"
Hamadan,1375,https://amar.org.ir/salnameh-amari/agentType/ViewSearch/CustomFieldIDs/65/SearchValues/1375/PropertyTypeID/619,parse_exception:'list' object has no attribute 'text'
Hamadan,1369,https://amar.org.ir/salnameh-amari/agentType/ViewSearch/CustomFieldIDs/65/SearchValues/1369/PropertyTypeID/619,"error:('Connection aborted.', ConnectionResetError(54, 'Connection reset by peer'))"
Hamadan,1373,https://amar.org.ir/salnameh-amari/agentType/ViewSearch/CustomFieldIDs/65/SearchValues/1373/PropertyTypeID/619,"error:('Connection aborted.', ConnectionResetError(54, 'Connection reset by peer'))"
Hamadan,1370,https://amar.org.ir/salnameh-amari/agentType/ViewSearch/CustomFieldIDs/65/SearchValues/1370/PropertyTypeID/619,"error:('Connection aborted.', ConnectionResetError(54, 'Connection reset by peer'))"
Hamadan,1371,https://amar.org.ir/salnameh-amari/agentType/ViewSearch/CustomFieldIDs/65/SearchValues/1371/PropertyTypeID/619,"error:('Connection aborted.', ConnectionResetError(54, 'Connection reset by peer'))"
Hamadan,1374,https://amar.org.ir/salnameh-amari/agentType/ViewSearch/CustomFieldIDs/65/SearchValues/1374/PropertyTypeID/619,"error:('Connection aborted.', ConnectionResetError(54, 'Connection reset by peer'))"
Hamadan,1372,https://amar.org.ir/salnameh-amari/agentType/ViewSearch/CustomFieldIDs/65/SearchValues/1372/PropertyTypeID/619,"error:('Connection aborted.', ConnectionResetError(54, 'Connection reset by peer'))"
Hamadan,1376,https://amar.org.ir/salnameh-amari/agentType/ViewSearch/CustomFieldIDs/65/SearchValues/1376/PropertyTypeID/619,"error:('Connection aborted.', ConnectionResetError(54, 'Connection reset by peer'))"
Hamadan,1377,https://amar.org.ir/salnameh-amari/agentType/ViewSearch/CustomFieldIDs/65/SearchValues/1377/PropertyTypeID/619,"error:('Connection aborted.', ConnectionResetError(54, 'Connection reset by peer'))"
Hamadan,1379,https://amar.org.ir/salnameh-amari/agentType/ViewSearch/CustomFieldIDs/65/SearchValues/1379/PropertyTypeID/619,"error:('Connection aborted.', ConnectionResetError(54, 'Connection reset by peer'))"
Hamadan,1378,https://amar.org.ir/salnameh-amari/agentType/ViewSearch/CustomFieldIDs/65/SearchValues/1378/PropertyTypeID/619,"error:('Connection aborted.', ConnectionResetError(54, 'Connection reset by peer'))"
Hamadan,1382,https://amar.org.ir/salnameh-amari/agentType/ViewSearch/CustomFieldIDs/65/SearchValues/1382/PropertyTypeID/619,"error:('Connection aborted.', ConnectionResetError(54, 'Connection reset by peer'))"
Hamadan,1383,https://amar.org.ir/salnameh-amari/agentType/ViewSearch/CustomFieldIDs/65/SearchValues/1383/PropertyTypeID/619,"error:('Connection aborted.', ConnectionResetError(54, 'Connection reset by peer'))"
Hamadan,1346,https://amar.org.ir/salnameh-amari/agentType/ViewSearch/CustomFieldIDs/65/SearchValues/1346/PropertyTypeID/619,"error:('Connection aborted.', RemoteDisconnected('Remote end closed connection without response'))"
Hamadan,1385,https://amar.org.ir/salnameh-amari/agentType/ViewSearch/CustomFieldIDs/65/SearchValues/1385/PropertyTypeID/619,"error:('Connection aborted.', ConnectionResetError(54, 'Connection reset by peer'))"
Hamadan,1384,https://amar.org.ir/salnameh-amari/agentType/ViewSearch/CustomFieldIDs/65/SearchValues/1384/PropertyTypeID/619,"error:('Connection aborted.', ConnectionResetError(54, 'Connection reset by peer'))"
Hamadan,1386,https://amar.org.ir/salnameh-amari/agentType/ViewSearch/CustomFieldIDs/65/SearchValues/1386/PropertyTypeID/619,"error:('Connection aborted.', ConnectionResetError(54, 'Connection reset by peer'))"
Hamadan,1388,https://amar.org.ir/salnameh-amari/agentType/ViewSearch/CustomFieldIDs/65/SearchValues/1388/PropertyTypeID/619,"error:('Connection aborted.', ConnectionResetError(54, 'Connection reset by peer'))"
Hamadan,1387,https://amar.org.ir/salnameh-amari/agentType/ViewSearch/CustomFieldIDs/65/SearchValues/1387/PropertyTypeID/619,parse_exception:'list' object has no attribute 'text'
Hamadan,1357,https://amar.org.ir/salnameh-amari/agentType/ViewSearch/CustomFieldIDs/65/SearchValues/1357/PropertyTypeID/619,"error:('Connection aborted.', RemoteDisconnected('Remote end closed connection without response'))"
Hamadan,1390,https://amar.org.ir/salnameh-amari/agentType/ViewSearch/CustomFieldIDs/65/SearchValues/1390/PropertyTypeID/619,"error:('Connection aborted.', ConnectionResetError(54, 'Connection reset by peer'))"
Hamadan,1392,https://amar.org.ir/salnameh-amari/agentType/ViewSearch/CustomFieldIDs/65/SearchValues/1392/PropertyTypeID/619,"error:('Connection aborted.', ConnectionResetError(54, 'Connection reset by peer'))"
Hamadan,1393,https://amar.org.ir/salnameh-amari/agentType/ViewSearch/CustomFieldIDs/65/SearchValues/1393/PropertyTypeID/619,"error:('Connection aborted.', ConnectionResetError(54, 'Connection reset by peer'))"
Hamadan,1391,https://amar.org.ir/salnameh-amari/agentType/ViewSearch/CustomFieldIDs/65/SearchValues/1391/PropertyTypeID/619,"error:('Connection aborted.', ConnectionResetError(54, 'Connection reset by peer'))"
Hamadan,1389,https://amar.org.ir/salnameh-amari/agentType/ViewSearch/CustomFieldIDs/65/SearchValues/1389/PropertyTypeID/619,"error:('Connection aborted.', ConnectionResetError(54, 'Connection reset by peer'))"
Hamadan,1394,https://amar.org.ir/salnameh-amari/agentType/ViewSearch/CustomFieldIDs/65/SearchValues/1394/PropertyTypeID/619,"error:('Connection aborted.', ConnectionResetError(54, 'Connection reset by peer'))"
Hamadan,1396,https://amar.org.ir/salnameh-amari/agentType/ViewSearch/CustomFieldIDs/65/SearchValues/1396/PropertyTypeID/619,"error:('Connection aborted.', ConnectionResetError(54, 'Connection reset by peer'))"
Hamadan,1397,https://amar.org.ir/salnameh-amari/agentType/ViewSearch/CustomFieldIDs/65/SearchValues/1397/PropertyTypeID/619,"error:('Connection aborted.', ConnectionResetError(54, 'Connection reset by peer'))"
Hamadan,1395,https://amar.org.ir/salnameh-amari/agentType/ViewSearch/CustomFieldIDs/65/SearchValues/1395/PropertyTypeID/619,"error:('Connection aborted.', ConnectionResetError(54, 'Connection reset by peer'))"
Hamadan,1398,https://amar.org.ir/salnameh-amari/agentType/ViewSearch/CustomFieldIDs/65/SearchValues/1398/PropertyTypeID/619,"error:('Connection aborted.', ConnectionResetError(54, 'Connection reset by peer'))"
Hamadan,1399,https://amar.org.ir/salnameh-amari/agentType/ViewSearch/CustomFieldIDs/65/SearchValues/1399/PropertyTypeID/619,"error:('Connection aborted.', ConnectionResetError(54, 'Connection reset by peer'))"
Hamadan,1400,https://amar.org.ir/salnameh-amari/agentType/ViewSearch/CustomFieldIDs/65/SearchValues/1400/PropertyTypeID/619,"error:('Connection aborted.', ConnectionResetError(54, 'Connection reset by peer'))"
Yazd,1345,https://amar.org.ir/salnameh-amari/agentType/ViewSearch/CustomFieldIDs/65/SearchValues/1345/PropertyTypeID/620,"error:('Connection aborted.', ConnectionResetError(54, 'Connection reset by peer'))"
Hamadan,1401,https://amar.org.ir/salnameh-amari/agentType/ViewSearch/CustomFieldIDs/65/SearchValues/1401/PropertyTypeID/619,"error:('Connection aborted.', ConnectionResetError(54, 'Connection reset by peer'))"
Hamadan,1402,https://amar.org.ir/salnameh-amari/agentType/ViewSearch/CustomFieldIDs/65/SearchValues/1402/PropertyTypeID/619,"error:('Connection aborted.', ConnectionResetError(54, 'Connection reset by peer'))"
Yazd,1346,https://amar.org.ir/salnameh-amari/agentType/ViewSearch/CustomFieldIDs/65/SearchValues/1346/PropertyTypeID/620,"error:('Connection aborted.', ConnectionResetError(54, 'Connection reset by peer'))"
Yazd,1347,https://amar.org.ir/salnameh-amari/agentType/ViewSearch/CustomFieldIDs/65/SearchValues/1347/PropertyTypeID/620,parse_exception:'list' object has no attribute 'text'
Yazd,1348,https://amar.org.ir/salnameh-amari/agentType/ViewSearch/CustomFieldIDs/65/SearchValues/1348/PropertyTypeID/620,"error:('Connection aborted.', ConnectionResetError(54, 'Connection reset by peer'))"
Yazd,1351,https://amar.org.ir/salnameh-amari/agentType/ViewSearch/CustomFieldIDs/65/SearchValues/1351/PropertyTypeID/620,"error:('Connection aborted.', ConnectionResetError(54, 'Connection reset by peer'))"
Yazd,1350,https://amar.org.ir/salnameh-amari/agentType/ViewSearch/CustomFieldIDs/65/SearchValues/1350/PropertyTypeID/620,"error:('Connection aborted.', ConnectionResetError(54, 'Connection reset by peer'))"
Yazd,1353,https://amar.org.ir/salnameh-amari/agentType/ViewSearch/CustomFieldIDs/65/SearchValues/1353/PropertyTypeID/620,"error:('Connection aborted.', ConnectionResetError(54, 'Connection reset by peer'))"
Yazd,1352,https://amar.org.ir/salnameh-amari/agentType/ViewSearch/CustomFieldIDs/65/SearchValues/1352/PropertyTypeID/620,"error:('Connection aborted.', ConnectionResetError(54, 'Connection reset by peer'))"
Yazd,1349,https://amar.org.ir/salnameh-amari/agentType/ViewSearch/CustomFieldIDs/65/SearchValues/1349/PropertyTypeID/620,"error:('Connection aborted.', ConnectionResetError(54, 'Connection reset by peer'))"
Yazd,1354,https://amar.org.ir/salnameh-amari/agentType/ViewSearch/CustomFieldIDs/65/SearchValues/1354/PropertyTypeID/620,"error:('Connection aborted.', ConnectionResetError(54, 'Connection reset by peer'))"
Hamadan,1380,https://amar.org.ir/salnameh-amari/agentType/ViewSearch/CustomFieldIDs/65/SearchValues/1380/PropertyTypeID/619,"error:('Connection aborted.', RemoteDisconnected('Remote end closed connection without response'))"
Hamadan,1381,https://amar.org.ir/salnameh-amari/agentType/ViewSearch/CustomFieldIDs/65/SearchValues/1381/PropertyTypeID/619,"error:('Connection aborted.', RemoteDisconnected('Remote end closed connection without response'))"
Yazd,1355,https://amar.org.ir/salnameh-amari/agentType/ViewSearch/CustomFieldIDs/65/SearchValues/1355/PropertyTypeID/620,"error:('Connection aborted.', ConnectionResetError(54, 'Connection reset by peer'))"
Yazd,1357,https://amar.org.ir/salnameh-amari/agentType/ViewSearch/CustomFieldIDs/65/SearchValues/1357/PropertyTypeID/620,"error:('Connection aborted.', ConnectionResetError(54, 'Connection reset by peer'))"
Yazd,1356,https://amar.org.ir/salnameh-amari/agentType/ViewSearch/CustomFieldIDs/65/SearchValues/1356/PropertyTypeID/620,"error:('Connection aborted.', ConnectionResetError(54, 'Connection reset by peer'))"
Yazd,1358,https://amar.org.ir/salnameh-amari/agentType/ViewSearch/CustomFieldIDs/65/SearchValues/1358/PropertyTypeID/620,"error:('Connection aborted.', ConnectionResetError(54, 'Connection reset by peer'))"
Yazd,1359,https://amar.org.ir/salnameh-amari/agentType/ViewSearch/CustomFieldIDs/65/SearchValues/1359/PropertyTypeID/620,"error:('Connection aborted.', ConnectionResetError(54, 'Connection reset by peer'))"
Yazd,1360,https://amar.org.ir/salnameh-amari/agentType/ViewSearch/CustomFieldIDs/65/SearchValues/1360/PropertyTypeID/620,"error:('Connection aborted.', ConnectionResetError(54, 'Connection reset by peer'))"
Yazd,1361,https://amar.org.ir/salnameh-amari/agentType/ViewSearch/CustomFieldIDs/65/SearchValues/1361/PropertyTypeID/620,"error:('Connection aborted.', ConnectionResetError(54, 'Connection reset by peer'))"
Yazd,1363,https://amar.org.ir/salnameh-amari/agentType/ViewSearch/CustomFieldIDs/65/SearchValues/1363/PropertyTypeID/620,"error:('Connection aborted.', ConnectionResetError(54, 'Connection reset by peer'))"
Yazd,1362,https://amar.org.ir/salnameh-amari/agentType/ViewSearch/CustomFieldIDs/65/SearchValues/1362/PropertyTypeID/620,"error:('Connection aborted.', ConnectionResetError(54, 'Connection reset by peer'))"
Yazd,1365,https://amar.org.ir/salnameh-amari/agentType/ViewSearch/CustomFieldIDs/65/SearchValues/1365/PropertyTypeID/620,parse_exception:'list' object has no attribute 'text'
Yazd,1364,https://amar.org.ir/salnameh-amari/agentType/ViewSearch/CustomFieldIDs/65/SearchValues/1364/PropertyTypeID/620,"error:('Connection aborted.', ConnectionResetError(54, 'Connection reset by peer'))"
Yazd,1366,https://amar.org.ir/salnameh-amari/agentType/ViewSearch/CustomFieldIDs/65/SearchValues/1366/PropertyTypeID/620,"error:('Connection aborted.', ConnectionResetError(54, 'Connection reset by peer'))"
Yazd,1370,https://amar.org.ir/salnameh-amari/agentType/ViewSearch/CustomFieldIDs/65/SearchValues/1370/PropertyTypeID/620,"error:('Connection aborted.', ConnectionResetError(54, 'Connection reset by peer'))"
Yazd,1371,https://amar.org.ir/salnameh-amari/agentType/ViewSearch/CustomFieldIDs/65/SearchValues/1371/PropertyTypeID/620,"error:('Connection aborted.', ConnectionResetError(54, 'Connection reset by peer'))"
Yazd,1369,https://amar.org.ir/salnameh-amari/agentType/ViewSearch/CustomFieldIDs/65/SearchValues/1369/PropertyTypeID/620,"error:('Connection aborted.', ConnectionResetError(54, 'Connection reset by peer'))"
Yazd,1368,https://amar.org.ir/salnameh-amari/agentType/ViewSearch/CustomFieldIDs/65/SearchValues/1368/PropertyTypeID/620,"error:('Connection aborted.', ConnectionResetError(54, 'Connection reset by peer'))"
Yazd,1367,https://amar.org.ir/salnameh-amari/agentType/ViewSearch/CustomFieldIDs/65/SearchValues/1367/PropertyTypeID/620,"error:('Connection aborted.', ConnectionResetError(54, 'Connection reset by peer'))"
Yazd,1372,https://amar.org.ir/salnameh-amari/agentType/ViewSearch/CustomFieldIDs/65/SearchValues/1372/PropertyTypeID/620,"error:('Connection aborted.', ConnectionResetError(54, 'Connection reset by peer'))"
Yazd,1374,https://amar.org.ir/salnameh-amari/agentType/ViewSearch/CustomFieldIDs/65/SearchValues/1374/PropertyTypeID/620,"error:('Connection aborted.', ConnectionResetError(54, 'Connection reset by peer'))"
Yazd,1378,https://amar.org.ir/salnameh-amari/agentType/ViewSearch/CustomFieldIDs/65/SearchValues/1378/PropertyTypeID/620,"error:('Connection aborted.', ConnectionResetError(54, 'Connection reset by peer'))"
Yazd,1376,https://amar.org.ir/salnameh-amari/agentType/ViewSearch/CustomFieldIDs/65/SearchValues/1376/PropertyTypeID/620,"error:('Connection aborted.', ConnectionResetError(54, 'Connection reset by peer'))"
Yazd,1377,https://amar.org.ir/salnameh-amari/agentType/ViewSearch/CustomFieldIDs/65/SearchValues/1377/PropertyTypeID/620,"error:('Connection aborted.', ConnectionResetError(54, 'Connection reset by peer'))"
Yazd,1375,https://amar.org.ir/salnameh-amari/agentType/ViewSearch/CustomFieldIDs/65/SearchValues/1375/PropertyTypeID/620,"error:('Connection aborted.', ConnectionResetError(54, 'Connection reset by peer'))"
Yazd,1379,https://amar.org.ir/salnameh-amari/agentType/ViewSearch/CustomFieldIDs/65/SearchValues/1379/PropertyTypeID/620,"error:('Connection aborted.', ConnectionResetError(54, 'Connection reset by peer'))"
Yazd,1380,https://amar.org.ir/salnameh-amari/agentType/ViewSearch/CustomFieldIDs/65/SearchValues/1380/PropertyTypeID/620,"error:('Connection aborted.', ConnectionResetError(54, 'Connection reset by peer'))"
Yazd,1382,https://amar.org.ir/salnameh-amari/agentType/ViewSearch/CustomFieldIDs/65/SearchValues/1382/PropertyTypeID/620,"error:('Connection aborted.', ConnectionResetError(54, 'Connection reset by peer'))"
Yazd,1383,https://amar.org.ir/salnameh-amari/agentType/ViewSearch/CustomFieldIDs/65/SearchValues/1383/PropertyTypeID/620,"error:('Connection aborted.', ConnectionResetError(54, 'Connection reset by peer'))"
Yazd,1381,https://amar.org.ir/salnameh-amari/agentType/ViewSearch/CustomFieldIDs/65/SearchValues/1381/PropertyTypeID/620,"error:('Connection aborted.', ConnectionResetError(54, 'Connection reset by peer'))"
Yazd,1384,https://amar.org.ir/salnameh-amari/agentType/ViewSearch/CustomFieldIDs/65/SearchValues/1384/PropertyTypeID/620,"error:('Connection aborted.', ConnectionResetError(54, 'Connection reset by peer'))"
Yazd,1385,https://amar.org.ir/salnameh-amari/agentType/ViewSearch/CustomFieldIDs/65/SearchValues/1385/PropertyTypeID/620,"error:('Connection aborted.', ConnectionResetError(54, 'Connection reset by peer'))"
Yazd,1387,https://amar.org.ir/salnameh-amari/agentType/ViewSearch/CustomFieldIDs/65/SearchValues/1387/PropertyTypeID/620,"error:('Connection aborted.', ConnectionResetError(54, 'Connection reset by peer'))"
Yazd,1388,https://amar.org.ir/salnameh-amari/agentType/ViewSearch/CustomFieldIDs/65/SearchValues/1388/PropertyTypeID/620,"error:('Connection aborted.', ConnectionResetError(54, 'Connection reset by peer'))"
Yazd,1386,https://amar.org.ir/salnameh-amari/agentType/ViewSearch/CustomFieldIDs/65/SearchValues/1386/PropertyTypeID/620,"error:('Connection aborted.', ConnectionResetError(54, 'Connection reset by peer'))"
Yazd,1391,https://amar.org.ir/salnameh-amari/agentType/ViewSearch/CustomFieldIDs/65/SearchValues/1391/PropertyTypeID/620,"error:('Connection aborted.', ConnectionResetError(54, 'Connection reset by peer'))"
Yazd,1390,https://amar.org.ir/salnameh-amari/agentType/ViewSearch/CustomFieldIDs/65/SearchValues/1390/PropertyTypeID/620,"error:('Connection aborted.', ConnectionResetError(54, 'Connection reset by peer'))"
Yazd,1392,https://amar.org.ir/salnameh-amari/agentType/ViewSearch/CustomFieldIDs/65/SearchValues/1392/PropertyTypeID/620,"error:('Connection aborted.', ConnectionResetError(54, 'Connection reset by peer'))"
Yazd,1389,https://amar.org.ir/salnameh-amari/agentType/ViewSearch/CustomFieldIDs/65/SearchValues/1389/PropertyTypeID/620,parse_exception:'list' object has no attribute 'text'
Yazd,1393,https://amar.org.ir/salnameh-amari/agentType/ViewSearch/CustomFieldIDs/65/SearchValues/1393/PropertyTypeID/620,"error:('Connection aborted.', ConnectionResetError(54, 'Connection reset by peer'))"
Yazd,1395,https://amar.org.ir/salnameh-amari/agentType/ViewSearch/CustomFieldIDs/65/SearchValues/1395/PropertyTypeID/620,"error:('Connection aborted.', ConnectionResetError(54, 'Connection reset by peer'))"
Yazd,1396,https://amar.org.ir/salnameh-amari/agentType/ViewSearch/CustomFieldIDs/65/SearchValues/1396/PropertyTypeID/620,"error:('Connection aborted.', ConnectionResetError(54, 'Connection reset by peer'))"
Yazd,1397,https://amar.org.ir/salnameh-amari/agentType/ViewSearch/CustomFieldIDs/65/SearchValues/1397/PropertyTypeID/620,"error:('Connection aborted.', ConnectionResetError(54, 'Connection reset by peer'))"
Yazd,1394,https://amar.org.ir/salnameh-amari/agentType/ViewSearch/CustomFieldIDs/65/SearchValues/1394/PropertyTypeID/620,"error:('Connection aborted.', ConnectionResetError(54, 'Connection reset by peer'))"
Yazd,1398,https://amar.org.ir/salnameh-amari/agentType/ViewSearch/CustomFieldIDs/65/SearchValues/1398/PropertyTypeID/620,"error:('Connection aborted.', ConnectionResetError(54, 'Connection reset by peer'))"
Yazd,1399,https://amar.org.ir/salnameh-amari/agentType/ViewSearch/CustomFieldIDs/65/SearchValues/1399/PropertyTypeID/620,"error:('Connection aborted.', ConnectionResetError(54, 'Connection reset by peer'))"
Yazd,1400,https://amar.org.ir/salnameh-amari/agentType/ViewSearch/CustomFieldIDs/65/SearchValues/1400/PropertyTypeID/620,"error:('Connection aborted.', ConnectionResetError(54, 'Connection reset by peer'))"
Yazd,1401,https://amar.org.ir/salnameh-amari/agentType/ViewSearch/CustomFieldIDs/65/SearchValues/1401/PropertyTypeID/620,"error:('Connection aborted.', ConnectionResetError(54, 'Connection reset by peer'))"
Yazd,1402,https://amar.org.ir/salnameh-amari/agentType/ViewSearch/CustomFieldIDs/65/SearchValues/1402/PropertyTypeID/620,"error:('Connection aborted.', ConnectionResetError(54, 'Connection reset by peer'))"
Yazd,1373,https://amar.org.ir/salnameh-amari/agentType/ViewSearch/CustomFieldIDs/65/SearchValues/1373/PropertyTypeID/620,"error:('Connection aborted.', RemoteDisconnected('Remote end closed connection without response'))"
