exam_session,grade,scope,province_code,province_fa,avg_score_0_20,publisher,geography,source_url,retrieved,verified,note,n_sources,sources,value_type,rank,status
Khordad 1402 (June 2023),12,all theoretical fields combined (as reported by press; weighting unknown),SBL,سیستان و بلوچستان,7.73,Namnak (repost 1404/04/19) of a press table; same values cited by Eghtesad Online/Hamshahri,province,https://namnak.com/iranian-final-exam-results.p107989,2026-10-01,false,Unofficial table. Coherent with Sobhesahel (1402) bands and Rokna/Farhikhtegan (Khorasan-e-Jonubi 11.8) but the Ministry original map/table was not located. Year assignment inferred from bands matching the 1402 reporting.,2,"Namnak (repost of unnamed press table); Shargh infographic (re-read, see rows below); values differ (Shargh 7.74)",mean,31,current
Khordad 1402 (June 2023),12,all theoretical fields combined (as reported by press; weighting unknown),KBA,کهگیلویه و بویراحمد,8.01,Namnak (repost 1404/04/19) of a press table; same values cited by Eghtesad Online/Hamshahri,province,https://namnak.com/iranian-final-exam-results.p107989,2026-10-01,false,Unofficial table. Coherent with Sobhesahel (1402) bands and Rokna/Farhikhtegan (Khorasan-e-Jonubi 11.8) but the Ministry original map/table was not located. Year assignment inferred from bands matching the 1402 reporting.,2,"Namnak (repost of unnamed press table); Shargh infographic (re-read, see rows below); exact agreement",mean,30,current
Khordad 1402 (June 2023),12,all theoretical fields combined (as reported by press; weighting unknown),KHZ,خوزستان,8.39,Namnak (repost 1404/04/19) of a press table; same values cited by Eghtesad Online/Hamshahri,province,https://namnak.com/iranian-final-exam-results.p107989,2026-10-01,false,Unofficial table. Coherent with Sobhesahel (1402) bands and Rokna/Farhikhtegan (Khorasan-e-Jonubi 11.8) but the Ministry original map/table was not located. Year assignment inferred from bands matching the 1402 reporting.,2,"Namnak (repost of unnamed press table); Shargh infographic (re-read, see rows below); values differ (Shargh 8.29)",mean,29,current
Khordad 1402 (June 2023),12,all theoretical fields combined (as reported by press; weighting unknown),CHB,چهارمحال و بختیاری,9.9,Namnak (repost 1404/04/19) of a press table; same values cited by Eghtesad Online/Hamshahri,province,https://namnak.com/iranian-final-exam-results.p107989,2026-10-01,false,Unofficial table. Coherent with Sobhesahel (1402) bands and Rokna/Farhikhtegan (Khorasan-e-Jonubi 11.8) but the Ministry original map/table was not located. Year assignment inferred from bands matching the 1402 reporting.,2,"Namnak (repost of unnamed press table); Shargh infographic (re-read, see rows below); exact agreement",mean,16,current
Khordad 1402 (June 2023),12,all theoretical fields combined (as reported by press; weighting unknown),FRS,فارس,9.91,Namnak (repost 1404/04/19) of a press table; same values cited by Eghtesad Online/Hamshahri,province,https://namnak.com/iranian-final-exam-results.p107989,2026-10-01,false,Unofficial table. Coherent with Sobhesahel (1402) bands and Rokna/Farhikhtegan (Khorasan-e-Jonubi 11.8) but the Ministry original map/table was not located. Year assignment inferred from bands matching the 1402 reporting.,2,"Namnak (repost of unnamed press table); Shargh infographic (re-read, see rows below); exact agreement",mean,15,current
Khordad 1402 (June 2023),12,all theoretical fields combined (as reported by press; weighting unknown),AZS,آذربایجان شرقی,10.06,Namnak (repost 1404/04/19) of a press table; same values cited by Eghtesad Online/Hamshahri,province,https://namnak.com/iranian-final-exam-results.p107989,2026-10-01,false,Unofficial table. Coherent with Sobhesahel (1402) bands and Rokna/Farhikhtegan (Khorasan-e-Jonubi 11.8) but the Ministry original map/table was not located. Year assignment inferred from bands matching the 1402 reporting.,2,"Namnak (repost of unnamed press table); Shargh infographic (re-read, see rows below); exact agreement",mean,14,current
Khordad 1402 (June 2023),12,all theoretical fields combined (as reported by press; weighting unknown),AZG,آذربایجان غربی,8.69,Namnak (repost 1404/04/19) of a press table; same values cited by Eghtesad Online/Hamshahri,province,https://namnak.com/iranian-final-exam-results.p107989,2026-10-01,false,Unofficial table. Coherent with Sobhesahel (1402) bands and Rokna/Farhikhtegan (Khorasan-e-Jonubi 11.8) but the Ministry original map/table was not located. Year assignment inferred from bands matching the 1402 reporting.,2,"Namnak (repost of unnamed press table); Shargh infographic (re-read, see rows below); exact agreement",mean,28,current
Khordad 1402 (June 2023),12,all theoretical fields combined (as reported by press; weighting unknown),ALB,البرز,10.09,Namnak (repost 1404/04/19) of a press table; same values cited by Eghtesad Online/Hamshahri,province,https://namnak.com/iranian-final-exam-results.p107989,2026-10-01,false,Unofficial table. Coherent with Sobhesahel (1402) bands and Rokna/Farhikhtegan (Khorasan-e-Jonubi 11.8) but the Ministry original map/table was not located. Year assignment inferred from bands matching the 1402 reporting.,2,"Namnak (repost of unnamed press table); Shargh infographic (re-read, see rows below); exact agreement",mean,13,current
Khordad 1402 (June 2023),12,all theoretical fields combined (as reported by press; weighting unknown),HRM,هرمزگان,8.74,Namnak (repost 1404/04/19) of a press table; same values cited by Eghtesad Online/Hamshahri,province,https://namnak.com/iranian-final-exam-results.p107989,2026-10-01,false,Unofficial table. Coherent with Sobhesahel (1402) bands and Rokna/Farhikhtegan (Khorasan-e-Jonubi 11.8) but the Ministry original map/table was not located. Year assignment inferred from bands matching the 1402 reporting.,2,"Namnak (repost of unnamed press table); Shargh infographic (re-read, see rows below); values differ (Shargh 8.76)",mean,27,current
Khordad 1402 (June 2023),12,all theoretical fields combined (as reported by press; weighting unknown),MZN,مازندران,10.22,Namnak (repost 1404/04/19) of a press table; same values cited by Eghtesad Online/Hamshahri,province,https://namnak.com/iranian-final-exam-results.p107989,2026-10-01,false,Unofficial table. Coherent with Sobhesahel (1402) bands and Rokna/Farhikhtegan (Khorasan-e-Jonubi 11.8) but the Ministry original map/table was not located. Year assignment inferred from bands matching the 1402 reporting.,2,"Namnak (repost of unnamed press table); Shargh infographic (re-read, see rows below); values differ (Shargh 10.32)",mean,12,current
Khordad 1402 (June 2023),12,all theoretical fields combined (as reported by press; weighting unknown),KSH,کرمانشاه,9.03,Namnak (repost 1404/04/19) of a press table; same values cited by Eghtesad Online/Hamshahri,province,https://namnak.com/iranian-final-exam-results.p107989,2026-10-01,false,Unofficial table. Coherent with Sobhesahel (1402) bands and Rokna/Farhikhtegan (Khorasan-e-Jonubi 11.8) but the Ministry original map/table was not located. Year assignment inferred from bands matching the 1402 reporting.,2,"Namnak (repost of unnamed press table); Shargh infographic (re-read, see rows below); values differ (Shargh 9.20)",mean,26,current
Khordad 1402 (June 2023),12,all theoretical fields combined (as reported by press; weighting unknown),HMD,همدان,10.23,Namnak (repost 1404/04/19) of a press table; same values cited by Eghtesad Online/Hamshahri,province,https://namnak.com/iranian-final-exam-results.p107989,2026-10-01,false,Unofficial table. Coherent with Sobhesahel (1402) bands and Rokna/Farhikhtegan (Khorasan-e-Jonubi 11.8) but the Ministry original map/table was not located. Year assignment inferred from bands matching the 1402 reporting.,2,"Namnak (repost of unnamed press table); Shargh infographic (re-read, see rows below); exact agreement",mean,11,current
Khordad 1402 (June 2023),12,all theoretical fields combined (as reported by press; weighting unknown),KRD,کردستان,9.07,Namnak (repost 1404/04/19) of a press table; same values cited by Eghtesad Online/Hamshahri,province,https://namnak.com/iranian-final-exam-results.p107989,2026-10-01,false,Unofficial table. Coherent with Sobhesahel (1402) bands and Rokna/Farhikhtegan (Khorasan-e-Jonubi 11.8) but the Ministry original map/table was not located. Year assignment inferred from bands matching the 1402 reporting.,2,"Namnak (repost of unnamed press table); Shargh infographic (re-read, see rows below); exact agreement",mean,25,current
Khordad 1402 (June 2023),12,all theoretical fields combined (as reported by press; weighting unknown),THR,تهران,10.67,Namnak (repost 1404/04/19) of a press table; same values cited by Eghtesad Online/Hamshahri,province,https://namnak.com/iranian-final-exam-results.p107989,2026-10-01,false,Unofficial table. Coherent with Sobhesahel (1402) bands and Rokna/Farhikhtegan (Khorasan-e-Jonubi 11.8) but the Ministry original map/table was not located. Year assignment inferred from bands matching the 1402 reporting.,2,"Namnak (repost of unnamed press table); Shargh infographic (re-read, see rows below); exact agreement",mean,9,current
Khordad 1402 (June 2023),12,all theoretical fields combined (as reported by press; weighting unknown),LRS,لرستان,9.11,Namnak (repost 1404/04/19) of a press table; same values cited by Eghtesad Online/Hamshahri,province,https://namnak.com/iranian-final-exam-results.p107989,2026-10-01,false,Unofficial table. Coherent with Sobhesahel (1402) bands and Rokna/Farhikhtegan (Khorasan-e-Jonubi 11.8) but the Ministry original map/table was not located. Year assignment inferred from bands matching the 1402 reporting.,2,"Namnak (repost of unnamed press table); Shargh infographic (re-read, see rows below); exact agreement",mean,24,current
Khordad 1402 (June 2023),12,all theoretical fields combined (as reported by press; weighting unknown),ZNJ,زنجان,10.49,Namnak (repost 1404/04/19) of a press table; same values cited by Eghtesad Online/Hamshahri,province,https://namnak.com/iranian-final-exam-results.p107989,2026-10-01,false,Unofficial table. Coherent with Sobhesahel (1402) bands and Rokna/Farhikhtegan (Khorasan-e-Jonubi 11.8) but the Ministry original map/table was not located. Year assignment inferred from bands matching the 1402 reporting.,2,"Namnak (repost of unnamed press table); Shargh infographic (re-read, see rows below); values differ (Shargh 10.29)",mean,10,current
Khordad 1402 (June 2023),12,all theoretical fields combined (as reported by press; weighting unknown),ILM,ایلام,9.27,Namnak (repost 1404/04/19) of a press table; same values cited by Eghtesad Online/Hamshahri,province,https://namnak.com/iranian-final-exam-results.p107989,2026-10-01,false,Unofficial table. Coherent with Sobhesahel (1402) bands and Rokna/Farhikhtegan (Khorasan-e-Jonubi 11.8) but the Ministry original map/table was not located. Year assignment inferred from bands matching the 1402 reporting.,2,"Namnak (repost of unnamed press table); Shargh infographic (re-read, see rows below); values differ (Shargh 9.37)",mean,23,current
Khordad 1402 (June 2023),12,all theoretical fields combined (as reported by press; weighting unknown),QZV,قزوین,10.98,Namnak (repost 1404/04/19) of a press table; same values cited by Eghtesad Online/Hamshahri,province,https://namnak.com/iranian-final-exam-results.p107989,2026-10-01,false,Unofficial table. Coherent with Sobhesahel (1402) bands and Rokna/Farhikhtegan (Khorasan-e-Jonubi 11.8) but the Ministry original map/table was not located. Year assignment inferred from bands matching the 1402 reporting.,2,"Namnak (repost of unnamed press table); Shargh infographic (re-read, see rows below); exact agreement",mean,8,current
Khordad 1402 (June 2023),12,all theoretical fields combined (as reported by press; weighting unknown),MRK,مرکزی,11.1,Namnak (repost 1404/04/19) of a press table; same values cited by Eghtesad Online/Hamshahri,province,https://namnak.com/iranian-final-exam-results.p107989,2026-10-01,false,Unofficial table. Coherent with Sobhesahel (1402) bands and Rokna/Farhikhtegan (Khorasan-e-Jonubi 11.8) but the Ministry original map/table was not located. Year assignment inferred from bands matching the 1402 reporting.,2,"Namnak (repost of unnamed press table); Shargh infographic (re-read, see rows below); exact agreement",mean,7,current
Khordad 1402 (June 2023),12,all theoretical fields combined (as reported by press; weighting unknown),GIL,گیلان,9.33,Namnak (repost 1404/04/19) of a press table; same values cited by Eghtesad Online/Hamshahri,province,https://namnak.com/iranian-final-exam-results.p107989,2026-10-01,false,Unofficial table. Coherent with Sobhesahel (1402) bands and Rokna/Farhikhtegan (Khorasan-e-Jonubi 11.8) but the Ministry original map/table was not located. Year assignment inferred from bands matching the 1402 reporting.,2,"Namnak (repost of unnamed press table); Shargh infographic (re-read, see rows below); exact agreement",mean,22,current
Khordad 1402 (June 2023),12,all theoretical fields combined (as reported by press; weighting unknown),KRM,کرمان,9.44,Namnak (repost 1404/04/19) of a press table; same values cited by Eghtesad Online/Hamshahri,province,https://namnak.com/iranian-final-exam-results.p107989,2026-10-01,false,Unofficial table. Coherent with Sobhesahel (1402) bands and Rokna/Farhikhtegan (Khorasan-e-Jonubi 11.8) but the Ministry original map/table was not located. Year assignment inferred from bands matching the 1402 reporting.,2,"Namnak (repost of unnamed press table); Shargh infographic (re-read, see rows below); exact agreement",mean,21,current
Khordad 1402 (June 2023),12,all theoretical fields combined (as reported by press; weighting unknown),KHR,خراسان رضوی,11.27,Namnak (repost 1404/04/19) of a press table; same values cited by Eghtesad Online/Hamshahri,province,https://namnak.com/iranian-final-exam-results.p107989,2026-10-01,false,Unofficial table. Coherent with Sobhesahel (1402) bands and Rokna/Farhikhtegan (Khorasan-e-Jonubi 11.8) but the Ministry original map/table was not located. Year assignment inferred from bands matching the 1402 reporting.,2,"Namnak (repost of unnamed press table); Shargh infographic (re-read, see rows below); values differ (Shargh 11.17)",mean,5,current
Khordad 1402 (June 2023),12,all theoretical fields combined (as reported by press; weighting unknown),QOM,قم,11.27,Namnak (repost 1404/04/19) of a press table; same values cited by Eghtesad Online/Hamshahri,province,https://namnak.com/iranian-final-exam-results.p107989,2026-10-01,false,Unofficial table. Coherent with Sobhesahel (1402) bands and Rokna/Farhikhtegan (Khorasan-e-Jonubi 11.8) but the Ministry original map/table was not located. Year assignment inferred from bands matching the 1402 reporting.,2,"Namnak (repost of unnamed press table); Shargh infographic (re-read, see rows below); values differ (Shargh 11.17)",mean,6,current
Khordad 1402 (June 2023),12,all theoretical fields combined (as reported by press; weighting unknown),BSH,بوشهر,9.49,Namnak (repost 1404/04/19) of a press table; same values cited by Eghtesad Online/Hamshahri,province,https://namnak.com/iranian-final-exam-results.p107989,2026-10-01,false,Unofficial table. Coherent with Sobhesahel (1402) bands and Rokna/Farhikhtegan (Khorasan-e-Jonubi 11.8) but the Ministry original map/table was not located. Year assignment inferred from bands matching the 1402 reporting.,2,"Namnak (repost of unnamed press table); Shargh infographic (re-read, see rows below); exact agreement",mean,20,current
Khordad 1402 (June 2023),12,all theoretical fields combined (as reported by press; weighting unknown),ISF,اصفهان,11.43,Namnak (repost 1404/04/19) of a press table; same values cited by Eghtesad Online/Hamshahri,province,https://namnak.com/iranian-final-exam-results.p107989,2026-10-01,false,Unofficial table. Coherent with Sobhesahel (1402) bands and Rokna/Farhikhtegan (Khorasan-e-Jonubi 11.8) but the Ministry original map/table was not located. Year assignment inferred from bands matching the 1402 reporting.,2,"Namnak (repost of unnamed press table); Shargh infographic (re-read, see rows below); exact agreement",mean,4,current
Khordad 1402 (June 2023),12,all theoretical fields combined (as reported by press; weighting unknown),GLS,گلستان,9.58,Namnak (repost 1404/04/19) of a press table; same values cited by Eghtesad Online/Hamshahri,province,https://namnak.com/iranian-final-exam-results.p107989,2026-10-01,false,Unofficial table. Coherent with Sobhesahel (1402) bands and Rokna/Farhikhtegan (Khorasan-e-Jonubi 11.8) but the Ministry original map/table was not located. Year assignment inferred from bands matching the 1402 reporting.,2,"Namnak (repost of unnamed press table); Shargh infographic (re-read, see rows below); values differ (Shargh 9.65)",mean,18,current
Khordad 1402 (June 2023),12,all theoretical fields combined (as reported by press; weighting unknown),SMN,سمنان,11.62,Namnak (repost 1404/04/19) of a press table; same values cited by Eghtesad Online/Hamshahri,province,https://namnak.com/iranian-final-exam-results.p107989,2026-10-01,false,Unofficial table. Coherent with Sobhesahel (1402) bands and Rokna/Farhikhtegan (Khorasan-e-Jonubi 11.8) but the Ministry original map/table was not located. Year assignment inferred from bands matching the 1402 reporting.,2,"Namnak (repost of unnamed press table); Shargh infographic (re-read, see rows below); values differ (Shargh 11.63)",mean,3,current
Khordad 1402 (June 2023),12,all theoretical fields combined (as reported by press; weighting unknown),ARD,اردبیل,9.5,Namnak (repost 1404/04/19) of a press table; same values cited by Eghtesad Online/Hamshahri,province,https://namnak.com/iranian-final-exam-results.p107989,2026-10-01,false,Unofficial table. Coherent with Sobhesahel (1402) bands and Rokna/Farhikhtegan (Khorasan-e-Jonubi 11.8) but the Ministry original map/table was not located. Year assignment inferred from bands matching the 1402 reporting.,2,"Namnak (repost of unnamed press table); Shargh infographic (re-read, see rows below); exact agreement",mean,19,current
Khordad 1402 (June 2023),12,all theoretical fields combined (as reported by press; weighting unknown),KHJ,خراسان جنوبی,11.81,Namnak (repost 1404/04/19) of a press table; same values cited by Eghtesad Online/Hamshahri,province,https://namnak.com/iranian-final-exam-results.p107989,2026-10-01,false,Unofficial table. Coherent with Sobhesahel (1402) bands and Rokna/Farhikhtegan (Khorasan-e-Jonubi 11.8) but the Ministry original map/table was not located. Year assignment inferred from bands matching the 1402 reporting.,2,"Namnak (repost of unnamed press table); Shargh infographic (re-read, see rows below); exact agreement",mean,2,current
Khordad 1402 (June 2023),12,all theoretical fields combined (as reported by press; weighting unknown),KHS,خراسان شمالی,9.82,Namnak (repost 1404/04/19) of a press table; same values cited by Eghtesad Online/Hamshahri,province,https://namnak.com/iranian-final-exam-results.p107989,2026-10-01,false,Unofficial table. Coherent with Sobhesahel (1402) bands and Rokna/Farhikhtegan (Khorasan-e-Jonubi 11.8) but the Ministry original map/table was not located. Year assignment inferred from bands matching the 1402 reporting.,2,"Namnak (repost of unnamed press table); Shargh infographic (re-read, see rows below); exact agreement",mean,17,current
Khordad 1402 (June 2023),12,all theoretical fields combined (as reported by press; weighting unknown),YZD,یزد,12.4,Namnak (repost 1404/04/19) of a press table; same values cited by Eghtesad Online/Hamshahri,province,https://namnak.com/iranian-final-exam-results.p107989,2026-10-01,false,Unofficial table. Coherent with Sobhesahel (1402) bands and Rokna/Farhikhtegan (Khorasan-e-Jonubi 11.8) but the Ministry original map/table was not located. Year assignment inferred from bands matching the 1402 reporting.,2,"Namnak (repost of unnamed press table); Shargh infographic (re-read, see rows below); values differ (Shargh 12.04)",mean,1,current
undated (infographic published 18 Khordad 1404 = 2025-06-08),12,unspecified,YZD,یزد,13.04,Shargh Daily republishing a social-media infographic,province,https://www.sharghdaily.com/%D8%A8%D8%AE%D8%B4-%D8%AC%D8%A7%D9%85%D8%B9%D9%87-220/1018975-%D9%85%D8%B9%D8%AF%D9%84-%D9%86%D9%87%D8%A7%DB%8C%DB%8C-%D8%AF%D8%A7%D9%86%D8%B4-%D8%A2%D9%85%D9%88%D8%B2%D8%A7%D9%86-%D8%AA%D8%A7-%D8%A7%D8%B9%D9%84%D8%A7%D9%85-%D8%B4%D8%AF-%D8%A7%DB%8C%D9%86%D9%81%D9%88-%DA%AF%D8%B1%D8%A7%D9%81%DB%8C,2026-10-01,false,"Conflicts with the Namnak table (e.g. Yazd 13.04 vs 12.4; Hormozgan 8.76 vs 8.74) and states national mean 9.94; treat as UNVERIFIED, do not use for analysis. | SUPERSEDED 2026-10-01: this block was a text-read of the Shargh infographic that mis-read several values (e.g. Bushehr 8.90 and Kohgiluyeh 8.90 violate the Ministry 9-10 and 8-9 bands; Yazd 13.04 vs 12.04 printed on the image). Replaced by the full 31-province re-read from the image below. Kept for the audit trail; do not use.",1,Shargh (misread),mean,,superseded
undated (infographic published 18 Khordad 1404 = 2025-06-08),12,unspecified,KHJ,خراسان جنوبی,11.81,Shargh Daily republishing a social-media infographic,province,https://www.sharghdaily.com/%D8%A8%D8%AE%D8%B4-%D8%AC%D8%A7%D9%85%D8%B9%D9%87-220/1018975-%D9%85%D8%B9%D8%AF%D9%84-%D9%86%D9%87%D8%A7%DB%8C%DB%8C-%D8%AF%D8%A7%D9%86%D8%B4-%D8%A2%D9%85%D9%88%D8%B2%D8%A7%D9%86-%D8%AA%D8%A7-%D8%A7%D8%B9%D9%84%D8%A7%D9%85-%D8%B4%D8%AF-%D8%A7%DB%8C%D9%86%D9%81%D9%88-%DA%AF%D8%B1%D8%A7%D9%81%DB%8C,2026-10-01,false,"Conflicts with the Namnak table (e.g. Yazd 13.04 vs 12.4; Hormozgan 8.76 vs 8.74) and states national mean 9.94; treat as UNVERIFIED, do not use for analysis. | SUPERSEDED 2026-10-01: this block was a text-read of the Shargh infographic that mis-read several values (e.g. Bushehr 8.90 and Kohgiluyeh 8.90 violate the Ministry 9-10 and 8-9 bands; Yazd 13.04 vs 12.04 printed on the image). Replaced by the full 31-province re-read from the image below. Kept for the audit trail; do not use.",1,Shargh (misread),mean,,superseded
undated (infographic published 18 Khordad 1404 = 2025-06-08),12,unspecified,ISF,اصفهان,11.43,Shargh Daily republishing a social-media infographic,province,https://www.sharghdaily.com/%D8%A8%D8%AE%D8%B4-%D8%AC%D8%A7%D9%85%D8%B9%D9%87-220/1018975-%D9%85%D8%B9%D8%AF%D9%84-%D9%86%D9%87%D8%A7%DB%8C%DB%8C-%D8%AF%D8%A7%D9%86%D8%B4-%D8%A2%D9%85%D9%88%D8%B2%D8%A7%D9%86-%D8%AA%D8%A7-%D8%A7%D8%B9%D9%84%D8%A7%D9%85-%D8%B4%D8%AF-%D8%A7%DB%8C%D9%86%D9%81%D9%88-%DA%AF%D8%B1%D8%A7%D9%81%DB%8C,2026-10-01,false,"Conflicts with the Namnak table (e.g. Yazd 13.04 vs 12.4; Hormozgan 8.76 vs 8.74) and states national mean 9.94; treat as UNVERIFIED, do not use for analysis. | SUPERSEDED 2026-10-01: this block was a text-read of the Shargh infographic that mis-read several values (e.g. Bushehr 8.90 and Kohgiluyeh 8.90 violate the Ministry 9-10 and 8-9 bands; Yazd 13.04 vs 12.04 printed on the image). Replaced by the full 31-province re-read from the image below. Kept for the audit trail; do not use.",1,Shargh (misread),mean,,superseded
undated (infographic published 18 Khordad 1404 = 2025-06-08),12,unspecified,KHR,خراسان رضوی,11.17,Shargh Daily republishing a social-media infographic,province,https://www.sharghdaily.com/%D8%A8%D8%AE%D8%B4-%D8%AC%D8%A7%D9%85%D8%B9%D9%87-220/1018975-%D9%85%D8%B9%D8%AF%D9%84-%D9%86%D9%87%D8%A7%DB%8C%DB%8C-%D8%AF%D8%A7%D9%86%D8%B4-%D8%A2%D9%85%D9%88%D8%B2%D8%A7%D9%86-%D8%AA%D8%A7-%D8%A7%D8%B9%D9%84%D8%A7%D9%85-%D8%B4%D8%AF-%D8%A7%DB%8C%D9%86%D9%81%D9%88-%DA%AF%D8%B1%D8%A7%D9%81%DB%8C,2026-10-01,false,"Conflicts with the Namnak table (e.g. Yazd 13.04 vs 12.4; Hormozgan 8.76 vs 8.74) and states national mean 9.94; treat as UNVERIFIED, do not use for analysis. | SUPERSEDED 2026-10-01: this block was a text-read of the Shargh infographic that mis-read several values (e.g. Bushehr 8.90 and Kohgiluyeh 8.90 violate the Ministry 9-10 and 8-9 bands; Yazd 13.04 vs 12.04 printed on the image). Replaced by the full 31-province re-read from the image below. Kept for the audit trail; do not use.",1,Shargh (misread),mean,,superseded
undated (infographic published 18 Khordad 1404 = 2025-06-08),12,unspecified,QOM,قم,11.17,Shargh Daily republishing a social-media infographic,province,https://www.sharghdaily.com/%D8%A8%D8%AE%D8%B4-%D8%AC%D8%A7%D9%85%D8%B9%D9%87-220/1018975-%D9%85%D8%B9%D8%AF%D9%84-%D9%86%D9%87%D8%A7%DB%8C%DB%8C-%D8%AF%D8%A7%D9%86%D8%B4-%D8%A2%D9%85%D9%88%D8%B2%D8%A7%D9%86-%D8%AA%D8%A7-%D8%A7%D8%B9%D9%84%D8%A7%D9%85-%D8%B4%D8%AF-%D8%A7%DB%8C%D9%86%D9%81%D9%88-%DA%AF%D8%B1%D8%A7%D9%81%DB%8C,2026-10-01,false,"Conflicts with the Namnak table (e.g. Yazd 13.04 vs 12.4; Hormozgan 8.76 vs 8.74) and states national mean 9.94; treat as UNVERIFIED, do not use for analysis. | SUPERSEDED 2026-10-01: this block was a text-read of the Shargh infographic that mis-read several values (e.g. Bushehr 8.90 and Kohgiluyeh 8.90 violate the Ministry 9-10 and 8-9 bands; Yazd 13.04 vs 12.04 printed on the image). Replaced by the full 31-province re-read from the image below. Kept for the audit trail; do not use.",1,Shargh (misread),mean,,superseded
undated (infographic published 18 Khordad 1404 = 2025-06-08),12,unspecified,QZV,قزوین,11.17,Shargh Daily republishing a social-media infographic,province,https://www.sharghdaily.com/%D8%A8%D8%AE%D8%B4-%D8%AC%D8%A7%D9%85%D8%B9%D9%87-220/1018975-%D9%85%D8%B9%D8%AF%D9%84-%D9%86%D9%87%D8%A7%DB%8C%DB%8C-%D8%AF%D8%A7%D9%86%D8%B4-%D8%A2%D9%85%D9%88%D8%B2%D8%A7%D9%86-%D8%AA%D8%A7-%D8%A7%D8%B9%D9%84%D8%A7%D9%85-%D8%B4%D8%AF-%D8%A7%DB%8C%D9%86%D9%81%D9%88-%DA%AF%D8%B1%D8%A7%D9%81%DB%8C,2026-10-01,false,"Conflicts with the Namnak table (e.g. Yazd 13.04 vs 12.4; Hormozgan 8.76 vs 8.74) and states national mean 9.94; treat as UNVERIFIED, do not use for analysis. | SUPERSEDED 2026-10-01: this block was a text-read of the Shargh infographic that mis-read several values (e.g. Bushehr 8.90 and Kohgiluyeh 8.90 violate the Ministry 9-10 and 8-9 bands; Yazd 13.04 vs 12.04 printed on the image). Replaced by the full 31-province re-read from the image below. Kept for the audit trail; do not use.",1,Shargh (misread),mean,,superseded
undated (infographic published 18 Khordad 1404 = 2025-06-08),12,unspecified,SBL,سیستان و بلوچستان,7.74,Shargh Daily republishing a social-media infographic,province,https://www.sharghdaily.com/%D8%A8%D8%AE%D8%B4-%D8%AC%D8%A7%D9%85%D8%B9%D9%87-220/1018975-%D9%85%D8%B9%D8%AF%D9%84-%D9%86%D9%87%D8%A7%DB%8C%DB%8C-%D8%AF%D8%A7%D9%86%D8%B4-%D8%A2%D9%85%D9%88%D8%B2%D8%A7%D9%86-%D8%AA%D8%A7-%D8%A7%D8%B9%D9%84%D8%A7%D9%85-%D8%B4%D8%AF-%D8%A7%DB%8C%D9%86%D9%81%D9%88-%DA%AF%D8%B1%D8%A7%D9%81%DB%8C,2026-10-01,false,"Conflicts with the Namnak table (e.g. Yazd 13.04 vs 12.4; Hormozgan 8.76 vs 8.74) and states national mean 9.94; treat as UNVERIFIED, do not use for analysis. | SUPERSEDED 2026-10-01: this block was a text-read of the Shargh infographic that mis-read several values (e.g. Bushehr 8.90 and Kohgiluyeh 8.90 violate the Ministry 9-10 and 8-9 bands; Yazd 13.04 vs 12.04 printed on the image). Replaced by the full 31-province re-read from the image below. Kept for the audit trail; do not use.",1,Shargh (misread),mean,,superseded
undated (infographic published 18 Khordad 1404 = 2025-06-08),12,unspecified,HRM,هرمزگان,8.76,Shargh Daily republishing a social-media infographic,province,https://www.sharghdaily.com/%D8%A8%D8%AE%D8%B4-%D8%AC%D8%A7%D9%85%D8%B9%D9%87-220/1018975-%D9%85%D8%B9%D8%AF%D9%84-%D9%86%D9%87%D8%A7%DB%8C%DB%8C-%D8%AF%D8%A7%D9%86%D8%B4-%D8%A2%D9%85%D9%88%D8%B2%D8%A7%D9%86-%D8%AA%D8%A7-%D8%A7%D8%B9%D9%84%D8%A7%D9%85-%D8%B4%D8%AF-%D8%A7%DB%8C%D9%86%D9%81%D9%88-%DA%AF%D8%B1%D8%A7%D9%81%DB%8C,2026-10-01,false,"Conflicts with the Namnak table (e.g. Yazd 13.04 vs 12.4; Hormozgan 8.76 vs 8.74) and states national mean 9.94; treat as UNVERIFIED, do not use for analysis. | SUPERSEDED 2026-10-01: this block was a text-read of the Shargh infographic that mis-read several values (e.g. Bushehr 8.90 and Kohgiluyeh 8.90 violate the Ministry 9-10 and 8-9 bands; Yazd 13.04 vs 12.04 printed on the image). Replaced by the full 31-province re-read from the image below. Kept for the audit trail; do not use.",1,Shargh (misread),mean,,superseded
undated (infographic published 18 Khordad 1404 = 2025-06-08),12,unspecified,KHZ,خوزستان,8.39,Shargh Daily republishing a social-media infographic,province,https://www.sharghdaily.com/%D8%A8%D8%AE%D8%B4-%D8%AC%D8%A7%D9%85%D8%B9%D9%87-220/1018975-%D9%85%D8%B9%D8%AF%D9%84-%D9%86%D9%87%D8%A7%DB%8C%DB%8C-%D8%AF%D8%A7%D9%86%D8%B4-%D8%A2%D9%85%D9%88%D8%B2%D8%A7%D9%86-%D8%AA%D8%A7-%D8%A7%D8%B9%D9%84%D8%A7%D9%85-%D8%B4%D8%AF-%D8%A7%DB%8C%D9%86%D9%81%D9%88-%DA%AF%D8%B1%D8%A7%D9%81%DB%8C,2026-10-01,false,"Conflicts with the Namnak table (e.g. Yazd 13.04 vs 12.4; Hormozgan 8.76 vs 8.74) and states national mean 9.94; treat as UNVERIFIED, do not use for analysis. | SUPERSEDED 2026-10-01: this block was a text-read of the Shargh infographic that mis-read several values (e.g. Bushehr 8.90 and Kohgiluyeh 8.90 violate the Ministry 9-10 and 8-9 bands; Yazd 13.04 vs 12.04 printed on the image). Replaced by the full 31-province re-read from the image below. Kept for the audit trail; do not use.",1,Shargh (misread),mean,,superseded
undated (infographic published 18 Khordad 1404 = 2025-06-08),12,unspecified,THR,تهران,10.53,Shargh Daily republishing a social-media infographic,province,https://www.sharghdaily.com/%D8%A8%D8%AE%D8%B4-%D8%AC%D8%A7%D9%85%D8%B9%D9%87-220/1018975-%D9%85%D8%B9%D8%AF%D9%84-%D9%86%D9%87%D8%A7%DB%8C%DB%8C-%D8%AF%D8%A7%D9%86%D8%B4-%D8%A2%D9%85%D9%88%D8%B2%D8%A7%D9%86-%D8%AA%D8%A7-%D8%A7%D8%B9%D9%84%D8%A7%D9%85-%D8%B4%D8%AF-%D8%A7%DB%8C%D9%86%D9%81%D9%88-%DA%AF%D8%B1%D8%A7%D9%81%DB%8C,2026-10-01,false,"Conflicts with the Namnak table (e.g. Yazd 13.04 vs 12.4; Hormozgan 8.76 vs 8.74) and states national mean 9.94; treat as UNVERIFIED, do not use for analysis. | SUPERSEDED 2026-10-01: this block was a text-read of the Shargh infographic that mis-read several values (e.g. Bushehr 8.90 and Kohgiluyeh 8.90 violate the Ministry 9-10 and 8-9 bands; Yazd 13.04 vs 12.04 printed on the image). Replaced by the full 31-province re-read from the image below. Kept for the audit trail; do not use.",1,Shargh (misread),mean,,superseded
undated (infographic published 18 Khordad 1404 = 2025-06-08),12,unspecified,ALB,البرز,10.59,Shargh Daily republishing a social-media infographic,province,https://www.sharghdaily.com/%D8%A8%D8%AE%D8%B4-%D8%AC%D8%A7%D9%85%D8%B9%D9%87-220/1018975-%D9%85%D8%B9%D8%AF%D9%84-%D9%86%D9%87%D8%A7%DB%8C%DB%8C-%D8%AF%D8%A7%D9%86%D8%B4-%D8%A2%D9%85%D9%88%D8%B2%D8%A7%D9%86-%D8%AA%D8%A7-%D8%A7%D8%B9%D9%84%D8%A7%D9%85-%D8%B4%D8%AF-%D8%A7%DB%8C%D9%86%D9%81%D9%88-%DA%AF%D8%B1%D8%A7%D9%81%DB%8C,2026-10-01,false,"Conflicts with the Namnak table (e.g. Yazd 13.04 vs 12.4; Hormozgan 8.76 vs 8.74) and states national mean 9.94; treat as UNVERIFIED, do not use for analysis. | SUPERSEDED 2026-10-01: this block was a text-read of the Shargh infographic that mis-read several values (e.g. Bushehr 8.90 and Kohgiluyeh 8.90 violate the Ministry 9-10 and 8-9 bands; Yazd 13.04 vs 12.04 printed on the image). Replaced by the full 31-province re-read from the image below. Kept for the audit trail; do not use.",1,Shargh (misread),mean,,superseded
undated (infographic published 18 Khordad 1404 = 2025-06-08),12,unspecified,GIL,گیلان,9.23,Shargh Daily republishing a social-media infographic,province,https://www.sharghdaily.com/%D8%A8%D8%AE%D8%B4-%D8%AC%D8%A7%D9%85%D8%B9%D9%87-220/1018975-%D9%85%D8%B9%D8%AF%D9%84-%D9%86%D9%87%D8%A7%DB%8C%DB%8C-%D8%AF%D8%A7%D9%86%D8%B4-%D8%A2%D9%85%D9%88%D8%B2%D8%A7%D9%86-%D8%AA%D8%A7-%D8%A7%D8%B9%D9%84%D8%A7%D9%85-%D8%B4%D8%AF-%D8%A7%DB%8C%D9%86%D9%81%D9%88-%DA%AF%D8%B1%D8%A7%D9%81%DB%8C,2026-10-01,false,"Conflicts with the Namnak table (e.g. Yazd 13.04 vs 12.4; Hormozgan 8.76 vs 8.74) and states national mean 9.94; treat as UNVERIFIED, do not use for analysis. | SUPERSEDED 2026-10-01: this block was a text-read of the Shargh infographic that mis-read several values (e.g. Bushehr 8.90 and Kohgiluyeh 8.90 violate the Ministry 9-10 and 8-9 bands; Yazd 13.04 vs 12.04 printed on the image). Replaced by the full 31-province re-read from the image below. Kept for the audit trail; do not use.",1,Shargh (misread),mean,,superseded
undated (infographic published 18 Khordad 1404 = 2025-06-08),12,unspecified,FRS,فارس,9.91,Shargh Daily republishing a social-media infographic,province,https://www.sharghdaily.com/%D8%A8%D8%AE%D8%B4-%D8%AC%D8%A7%D9%85%D8%B9%D9%87-220/1018975-%D9%85%D8%B9%D8%AF%D9%84-%D9%86%D9%87%D8%A7%DB%8C%DB%8C-%D8%AF%D8%A7%D9%86%D8%B4-%D8%A2%D9%85%D9%88%D8%B2%D8%A7%D9%86-%D8%AA%D8%A7-%D8%A7%D8%B9%D9%84%D8%A7%D9%85-%D8%B4%D8%AF-%D8%A7%DB%8C%D9%86%D9%81%D9%88-%DA%AF%D8%B1%D8%A7%D9%81%DB%8C,2026-10-01,false,"Conflicts with the Namnak table (e.g. Yazd 13.04 vs 12.4; Hormozgan 8.76 vs 8.74) and states national mean 9.94; treat as UNVERIFIED, do not use for analysis. | SUPERSEDED 2026-10-01: this block was a text-read of the Shargh infographic that mis-read several values (e.g. Bushehr 8.90 and Kohgiluyeh 8.90 violate the Ministry 9-10 and 8-9 bands; Yazd 13.04 vs 12.04 printed on the image). Replaced by the full 31-province re-read from the image below. Kept for the audit trail; do not use.",1,Shargh (misread),mean,,superseded
undated (infographic published 18 Khordad 1404 = 2025-06-08),12,unspecified,KSH,کرمانشاه,9.3,Shargh Daily republishing a social-media infographic,province,https://www.sharghdaily.com/%D8%A8%D8%AE%D8%B4-%D8%AC%D8%A7%D9%85%D8%B9%D9%87-220/1018975-%D9%85%D8%B9%D8%AF%D9%84-%D9%86%D9%87%D8%A7%DB%8C%DB%8C-%D8%AF%D8%A7%D9%86%D8%B4-%D8%A2%D9%85%D9%88%D8%B2%D8%A7%D9%86-%D8%AA%D8%A7-%D8%A7%D8%B9%D9%84%D8%A7%D9%85-%D8%B4%D8%AF-%D8%A7%DB%8C%D9%86%D9%81%D9%88-%DA%AF%D8%B1%D8%A7%D9%81%DB%8C,2026-10-01,false,"Conflicts with the Namnak table (e.g. Yazd 13.04 vs 12.4; Hormozgan 8.76 vs 8.74) and states national mean 9.94; treat as UNVERIFIED, do not use for analysis. | SUPERSEDED 2026-10-01: this block was a text-read of the Shargh infographic that mis-read several values (e.g. Bushehr 8.90 and Kohgiluyeh 8.90 violate the Ministry 9-10 and 8-9 bands; Yazd 13.04 vs 12.04 printed on the image). Replaced by the full 31-province re-read from the image below. Kept for the audit trail; do not use.",1,Shargh (misread),mean,,superseded
undated (infographic published 18 Khordad 1404 = 2025-06-08),12,unspecified,KRD,کردستان,10.29,Shargh Daily republishing a social-media infographic,province,https://www.sharghdaily.com/%D8%A8%D8%AE%D8%B4-%D8%AC%D8%A7%D9%85%D8%B9%D9%87-220/1018975-%D9%85%D8%B9%D8%AF%D9%84-%D9%86%D9%87%D8%A7%DB%8C%DB%8C-%D8%AF%D8%A7%D9%86%D8%B4-%D8%A2%D9%85%D9%88%D8%B2%D8%A7%D9%86-%D8%AA%D8%A7-%D8%A7%D8%B9%D9%84%D8%A7%D9%85-%D8%B4%D8%AF-%D8%A7%DB%8C%D9%86%D9%81%D9%88-%DA%AF%D8%B1%D8%A7%D9%81%DB%8C,2026-10-01,false,"Conflicts with the Namnak table (e.g. Yazd 13.04 vs 12.4; Hormozgan 8.76 vs 8.74) and states national mean 9.94; treat as UNVERIFIED, do not use for analysis. | SUPERSEDED 2026-10-01: this block was a text-read of the Shargh infographic that mis-read several values (e.g. Bushehr 8.90 and Kohgiluyeh 8.90 violate the Ministry 9-10 and 8-9 bands; Yazd 13.04 vs 12.04 printed on the image). Replaced by the full 31-province re-read from the image below. Kept for the audit trail; do not use.",1,Shargh (misread),mean,,superseded
undated (infographic published 18 Khordad 1404 = 2025-06-08),12,unspecified,AZS,آذربایجان شرقی,10.59,Shargh Daily republishing a social-media infographic,province,https://www.sharghdaily.com/%D8%A8%D8%AE%D8%B4-%D8%AC%D8%A7%D9%85%D8%B9%D9%87-220/1018975-%D9%85%D8%B9%D8%AF%D9%84-%D9%86%D9%87%D8%A7%DB%8C%DB%8C-%D8%AF%D8%A7%D9%86%D8%B4-%D8%A2%D9%85%D9%88%D8%B2%D8%A7%D9%86-%D8%AA%D8%A7-%D8%A7%D8%B9%D9%84%D8%A7%D9%85-%D8%B4%D8%AF-%D8%A7%DB%8C%D9%86%D9%81%D9%88-%DA%AF%D8%B1%D8%A7%D9%81%DB%8C,2026-10-01,false,"Conflicts with the Namnak table (e.g. Yazd 13.04 vs 12.4; Hormozgan 8.76 vs 8.74) and states national mean 9.94; treat as UNVERIFIED, do not use for analysis. | SUPERSEDED 2026-10-01: this block was a text-read of the Shargh infographic that mis-read several values (e.g. Bushehr 8.90 and Kohgiluyeh 8.90 violate the Ministry 9-10 and 8-9 bands; Yazd 13.04 vs 12.04 printed on the image). Replaced by the full 31-province re-read from the image below. Kept for the audit trail; do not use.",1,Shargh (misread),mean,,superseded
undated (infographic published 18 Khordad 1404 = 2025-06-08),12,unspecified,AZG,آذربایجان غربی,9.19,Shargh Daily republishing a social-media infographic,province,https://www.sharghdaily.com/%D8%A8%D8%AE%D8%B4-%D8%AC%D8%A7%D9%85%D8%B9%D9%87-220/1018975-%D9%85%D8%B9%D8%AF%D9%84-%D9%86%D9%87%D8%A7%DB%8C%DB%8C-%D8%AF%D8%A7%D9%86%D8%B4-%D8%A2%D9%85%D9%88%D8%B2%D8%A7%D9%86-%D8%AA%D8%A7-%D8%A7%D8%B9%D9%84%D8%A7%D9%85-%D8%B4%D8%AF-%D8%A7%DB%8C%D9%86%D9%81%D9%88-%DA%AF%D8%B1%D8%A7%D9%81%DB%8C,2026-10-01,false,"Conflicts with the Namnak table (e.g. Yazd 13.04 vs 12.4; Hormozgan 8.76 vs 8.74) and states national mean 9.94; treat as UNVERIFIED, do not use for analysis. | SUPERSEDED 2026-10-01: this block was a text-read of the Shargh infographic that mis-read several values (e.g. Bushehr 8.90 and Kohgiluyeh 8.90 violate the Ministry 9-10 and 8-9 bands; Yazd 13.04 vs 12.04 printed on the image). Replaced by the full 31-province re-read from the image below. Kept for the audit trail; do not use.",1,Shargh (misread),mean,,superseded
undated (infographic published 18 Khordad 1404 = 2025-06-08),12,unspecified,GLS,گلستان,9.75,Shargh Daily republishing a social-media infographic,province,https://www.sharghdaily.com/%D8%A8%D8%AE%D8%B4-%D8%AC%D8%A7%D9%85%D8%B9%D9%87-220/1018975-%D9%85%D8%B9%D8%AF%D9%84-%D9%86%D9%87%D8%A7%DB%8C%DB%8C-%D8%AF%D8%A7%D9%86%D8%B4-%D8%A2%D9%85%D9%88%D8%B2%D8%A7%D9%86-%D8%AA%D8%A7-%D8%A7%D8%B9%D9%84%D8%A7%D9%85-%D8%B4%D8%AF-%D8%A7%DB%8C%D9%86%D9%81%D9%88-%DA%AF%D8%B1%D8%A7%D9%81%DB%8C,2026-10-01,false,"Conflicts with the Namnak table (e.g. Yazd 13.04 vs 12.4; Hormozgan 8.76 vs 8.74) and states national mean 9.94; treat as UNVERIFIED, do not use for analysis. | SUPERSEDED 2026-10-01: this block was a text-read of the Shargh infographic that mis-read several values (e.g. Bushehr 8.90 and Kohgiluyeh 8.90 violate the Ministry 9-10 and 8-9 bands; Yazd 13.04 vs 12.04 printed on the image). Replaced by the full 31-province re-read from the image below. Kept for the audit trail; do not use.",1,Shargh (misread),mean,,superseded
undated (infographic published 18 Khordad 1404 = 2025-06-08),12,unspecified,MZN,مازندران,10.33,Shargh Daily republishing a social-media infographic,province,https://www.sharghdaily.com/%D8%A8%D8%AE%D8%B4-%D8%AC%D8%A7%D9%85%D8%B9%D9%87-220/1018975-%D9%85%D8%B9%D8%AF%D9%84-%D9%86%D9%87%D8%A7%DB%8C%DB%8C-%D8%AF%D8%A7%D9%86%D8%B4-%D8%A2%D9%85%D9%88%D8%B2%D8%A7%D9%86-%D8%AA%D8%A7-%D8%A7%D8%B9%D9%84%D8%A7%D9%85-%D8%B4%D8%AF-%D8%A7%DB%8C%D9%86%D9%81%D9%88-%DA%AF%D8%B1%D8%A7%D9%81%DB%8C,2026-10-01,false,"Conflicts with the Namnak table (e.g. Yazd 13.04 vs 12.4; Hormozgan 8.76 vs 8.74) and states national mean 9.94; treat as UNVERIFIED, do not use for analysis. | SUPERSEDED 2026-10-01: this block was a text-read of the Shargh infographic that mis-read several values (e.g. Bushehr 8.90 and Kohgiluyeh 8.90 violate the Ministry 9-10 and 8-9 bands; Yazd 13.04 vs 12.04 printed on the image). Replaced by the full 31-province re-read from the image below. Kept for the audit trail; do not use.",1,Shargh (misread),mean,,superseded
undated (infographic published 18 Khordad 1404 = 2025-06-08),12,unspecified,MRK,مرکزی,11.1,Shargh Daily republishing a social-media infographic,province,https://www.sharghdaily.com/%D8%A8%D8%AE%D8%B4-%D8%AC%D8%A7%D9%85%D8%B9%D9%87-220/1018975-%D9%85%D8%B9%D8%AF%D9%84-%D9%86%D9%87%D8%A7%DB%8C%DB%8C-%D8%AF%D8%A7%D9%86%D8%B4-%D8%A2%D9%85%D9%88%D8%B2%D8%A7%D9%86-%D8%AA%D8%A7-%D8%A7%D8%B9%D9%84%D8%A7%D9%85-%D8%B4%D8%AF-%D8%A7%DB%8C%D9%86%D9%81%D9%88-%DA%AF%D8%B1%D8%A7%D9%81%DB%8C,2026-10-01,false,"Conflicts with the Namnak table (e.g. Yazd 13.04 vs 12.4; Hormozgan 8.76 vs 8.74) and states national mean 9.94; treat as UNVERIFIED, do not use for analysis. | SUPERSEDED 2026-10-01: this block was a text-read of the Shargh infographic that mis-read several values (e.g. Bushehr 8.90 and Kohgiluyeh 8.90 violate the Ministry 9-10 and 8-9 bands; Yazd 13.04 vs 12.04 printed on the image). Replaced by the full 31-province re-read from the image below. Kept for the audit trail; do not use.",1,Shargh (misread),mean,,superseded
undated (infographic published 18 Khordad 1404 = 2025-06-08),12,unspecified,SMN,سمنان,11.63,Shargh Daily republishing a social-media infographic,province,https://www.sharghdaily.com/%D8%A8%D8%AE%D8%B4-%D8%AC%D8%A7%D9%85%D8%B9%D9%87-220/1018975-%D9%85%D8%B9%D8%AF%D9%84-%D9%86%D9%87%D8%A7%DB%8C%DB%8C-%D8%AF%D8%A7%D9%86%D8%B4-%D8%A2%D9%85%D9%88%D8%B2%D8%A7%D9%86-%D8%AA%D8%A7-%D8%A7%D8%B9%D9%84%D8%A7%D9%85-%D8%B4%D8%AF-%D8%A7%DB%8C%D9%86%D9%81%D9%88-%DA%AF%D8%B1%D8%A7%D9%81%DB%8C,2026-10-01,false,"Conflicts with the Namnak table (e.g. Yazd 13.04 vs 12.4; Hormozgan 8.76 vs 8.74) and states national mean 9.94; treat as UNVERIFIED, do not use for analysis. | SUPERSEDED 2026-10-01: this block was a text-read of the Shargh infographic that mis-read several values (e.g. Bushehr 8.90 and Kohgiluyeh 8.90 violate the Ministry 9-10 and 8-9 bands; Yazd 13.04 vs 12.04 printed on the image). Replaced by the full 31-province re-read from the image below. Kept for the audit trail; do not use.",1,Shargh (misread),mean,,superseded
undated (infographic published 18 Khordad 1404 = 2025-06-08),12,unspecified,KRM,کرمان,9.44,Shargh Daily republishing a social-media infographic,province,https://www.sharghdaily.com/%D8%A8%D8%AE%D8%B4-%D8%AC%D8%A7%D9%85%D8%B9%D9%87-220/1018975-%D9%85%D8%B9%D8%AF%D9%84-%D9%86%D9%87%D8%A7%DB%8C%DB%8C-%D8%AF%D8%A7%D9%86%D8%B4-%D8%A2%D9%85%D9%88%D8%B2%D8%A7%D9%86-%D8%AA%D8%A7-%D8%A7%D8%B9%D9%84%D8%A7%D9%85-%D8%B4%D8%AF-%D8%A7%DB%8C%D9%86%D9%81%D9%88-%DA%AF%D8%B1%D8%A7%D9%81%DB%8C,2026-10-01,false,"Conflicts with the Namnak table (e.g. Yazd 13.04 vs 12.4; Hormozgan 8.76 vs 8.74) and states national mean 9.94; treat as UNVERIFIED, do not use for analysis. | SUPERSEDED 2026-10-01: this block was a text-read of the Shargh infographic that mis-read several values (e.g. Bushehr 8.90 and Kohgiluyeh 8.90 violate the Ministry 9-10 and 8-9 bands; Yazd 13.04 vs 12.04 printed on the image). Replaced by the full 31-province re-read from the image below. Kept for the audit trail; do not use.",1,Shargh (misread),mean,,superseded
undated (infographic published 18 Khordad 1404 = 2025-06-08),12,unspecified,BSH,بوشهر,8.9,Shargh Daily republishing a social-media infographic,province,https://www.sharghdaily.com/%D8%A8%D8%AE%D8%B4-%D8%AC%D8%A7%D9%85%D8%B9%D9%87-220/1018975-%D9%85%D8%B9%D8%AF%D9%84-%D9%86%D9%87%D8%A7%DB%8C%DB%8C-%D8%AF%D8%A7%D9%86%D8%B4-%D8%A2%D9%85%D9%88%D8%B2%D8%A7%D9%86-%D8%AA%D8%A7-%D8%A7%D8%B9%D9%84%D8%A7%D9%85-%D8%B4%D8%AF-%D8%A7%DB%8C%D9%86%D9%81%D9%88-%DA%AF%D8%B1%D8%A7%D9%81%DB%8C,2026-10-01,false,"Conflicts with the Namnak table (e.g. Yazd 13.04 vs 12.4; Hormozgan 8.76 vs 8.74) and states national mean 9.94; treat as UNVERIFIED, do not use for analysis. | SUPERSEDED 2026-10-01: this block was a text-read of the Shargh infographic that mis-read several values (e.g. Bushehr 8.90 and Kohgiluyeh 8.90 violate the Ministry 9-10 and 8-9 bands; Yazd 13.04 vs 12.04 printed on the image). Replaced by the full 31-province re-read from the image below. Kept for the audit trail; do not use.",1,Shargh (misread),mean,,superseded
undated (infographic published 18 Khordad 1404 = 2025-06-08),12,unspecified,KBA,کهگیلویه و بویراحمد,8.9,Shargh Daily republishing a social-media infographic,province,https://www.sharghdaily.com/%D8%A8%D8%AE%D8%B4-%D8%AC%D8%A7%D9%85%D8%B9%D9%87-220/1018975-%D9%85%D8%B9%D8%AF%D9%84-%D9%86%D9%87%D8%A7%DB%8C%DB%8C-%D8%AF%D8%A7%D9%86%D8%B4-%D8%A2%D9%85%D9%88%D8%B2%D8%A7%D9%86-%D8%AA%D8%A7-%D8%A7%D8%B9%D9%84%D8%A7%D9%85-%D8%B4%D8%AF-%D8%A7%DB%8C%D9%86%D9%81%D9%88-%DA%AF%D8%B1%D8%A7%D9%81%DB%8C,2026-10-01,false,"Conflicts with the Namnak table (e.g. Yazd 13.04 vs 12.4; Hormozgan 8.76 vs 8.74) and states national mean 9.94; treat as UNVERIFIED, do not use for analysis. | SUPERSEDED 2026-10-01: this block was a text-read of the Shargh infographic that mis-read several values (e.g. Bushehr 8.90 and Kohgiluyeh 8.90 violate the Ministry 9-10 and 8-9 bands; Yazd 13.04 vs 12.04 printed on the image). Replaced by the full 31-province re-read from the image below. Kept for the audit trail; do not use.",1,Shargh (misread),mean,,superseded
"Khordad 1402 (June 2023) (inferred, see note)",12,all theoretical fields (as printed),AZG,آذربایجان غربی,8.69,"Shargh Daily 2025-06-08: unattributed social-media infographic, re-read from the image 2026-10-01",province,https://www.sharghdaily.com/%D8%A8%D8%AE%D8%B4-%D8%AC%D8%A7%D9%85%D8%B9%D9%87-220/1018975-%D9%85%D8%B9%D8%AF%D9%84-%D9%86%D9%87%D8%A7%DB%8C%DB%8C-%D8%AF%D8%A7%D9%86%D8%B4-%D8%A2%D9%85%D9%88%D8%B2%D8%A7%D9%86-%D8%AA%D8%A7-%D8%A7%D8%B9%D9%84%D8%A7%D9%85-%D8%B4%D8%AF-%D8%A7%DB%8C%D9%86%D9%81%D9%88-%DA%AF%D8%B1%D8%A7%D9%81%DB%8C,2026-10-01,false,"Same dataset as the Namnak table (31 provinces, Chaharmahal 9.90, Fars 9.91, Tehran 10.67 identical) with a few digit differences (identical here). Printed national figure 9.94 (= the unweighted mean of these 31 provincial values, 9.944; not a Ministry national figure, which for 1402 is 10.26 for three fields and 10.02 for four). Dated to Khordad 1402 because Chaharmahal 9.90 + official 1403 growth 0.37 = official 10.27, and it was published before any Khordad 1404 papers could be graded.",2,Namnak; Shargh,mean,,current
"Khordad 1402 (June 2023) (inferred, see note)",12,all theoretical fields (as printed),AZS,آذربایجان شرقی,10.06,"Shargh Daily 2025-06-08: unattributed social-media infographic, re-read from the image 2026-10-01",province,https://www.sharghdaily.com/%D8%A8%D8%AE%D8%B4-%D8%AC%D8%A7%D9%85%D8%B9%D9%87-220/1018975-%D9%85%D8%B9%D8%AF%D9%84-%D9%86%D9%87%D8%A7%DB%8C%DB%8C-%D8%AF%D8%A7%D9%86%D8%B4-%D8%A2%D9%85%D9%88%D8%B2%D8%A7%D9%86-%D8%AA%D8%A7-%D8%A7%D8%B9%D9%84%D8%A7%D9%85-%D8%B4%D8%AF-%D8%A7%DB%8C%D9%86%D9%81%D9%88-%DA%AF%D8%B1%D8%A7%D9%81%DB%8C,2026-10-01,false,"Same dataset as the Namnak table (31 provinces, Chaharmahal 9.90, Fars 9.91, Tehran 10.67 identical) with a few digit differences (identical here). Printed national figure 9.94 (= the unweighted mean of these 31 provincial values, 9.944; not a Ministry national figure, which for 1402 is 10.26 for three fields and 10.02 for four). Dated to Khordad 1402 because Chaharmahal 9.90 + official 1403 growth 0.37 = official 10.27, and it was published before any Khordad 1404 papers could be graded.",2,Namnak; Shargh,mean,,current
"Khordad 1402 (June 2023) (inferred, see note)",12,all theoretical fields (as printed),ARD,اردبیل,9.5,"Shargh Daily 2025-06-08: unattributed social-media infographic, re-read from the image 2026-10-01",province,https://www.sharghdaily.com/%D8%A8%D8%AE%D8%B4-%D8%AC%D8%A7%D9%85%D8%B9%D9%87-220/1018975-%D9%85%D8%B9%D8%AF%D9%84-%D9%86%D9%87%D8%A7%DB%8C%DB%8C-%D8%AF%D8%A7%D9%86%D8%B4-%D8%A2%D9%85%D9%88%D8%B2%D8%A7%D9%86-%D8%AA%D8%A7-%D8%A7%D8%B9%D9%84%D8%A7%D9%85-%D8%B4%D8%AF-%D8%A7%DB%8C%D9%86%D9%81%D9%88-%DA%AF%D8%B1%D8%A7%D9%81%DB%8C,2026-10-01,false,"Same dataset as the Namnak table (31 provinces, Chaharmahal 9.90, Fars 9.91, Tehran 10.67 identical) with a few digit differences (identical here). Printed national figure 9.94 (= the unweighted mean of these 31 provincial values, 9.944; not a Ministry national figure, which for 1402 is 10.26 for three fields and 10.02 for four). Dated to Khordad 1402 because Chaharmahal 9.90 + official 1403 growth 0.37 = official 10.27, and it was published before any Khordad 1404 papers could be graded.",2,Namnak; Shargh,mean,,current
"Khordad 1402 (June 2023) (inferred, see note)",12,all theoretical fields (as printed),GIL,گیلان,9.33,"Shargh Daily 2025-06-08: unattributed social-media infographic, re-read from the image 2026-10-01",province,https://www.sharghdaily.com/%D8%A8%D8%AE%D8%B4-%D8%AC%D8%A7%D9%85%D8%B9%D9%87-220/1018975-%D9%85%D8%B9%D8%AF%D9%84-%D9%86%D9%87%D8%A7%DB%8C%DB%8C-%D8%AF%D8%A7%D9%86%D8%B4-%D8%A2%D9%85%D9%88%D8%B2%D8%A7%D9%86-%D8%AA%D8%A7-%D8%A7%D8%B9%D9%84%D8%A7%D9%85-%D8%B4%D8%AF-%D8%A7%DB%8C%D9%86%D9%81%D9%88-%DA%AF%D8%B1%D8%A7%D9%81%DB%8C,2026-10-01,false,"Same dataset as the Namnak table (31 provinces, Chaharmahal 9.90, Fars 9.91, Tehran 10.67 identical) with a few digit differences (identical here). Printed national figure 9.94 (= the unweighted mean of these 31 provincial values, 9.944; not a Ministry national figure, which for 1402 is 10.26 for three fields and 10.02 for four). Dated to Khordad 1402 because Chaharmahal 9.90 + official 1403 growth 0.37 = official 10.27, and it was published before any Khordad 1404 papers could be graded.",2,Namnak; Shargh,mean,,current
"Khordad 1402 (June 2023) (inferred, see note)",12,all theoretical fields (as printed),ZNJ,زنجان,10.29,"Shargh Daily 2025-06-08: unattributed social-media infographic, re-read from the image 2026-10-01",province,https://www.sharghdaily.com/%D8%A8%D8%AE%D8%B4-%D8%AC%D8%A7%D9%85%D8%B9%D9%87-220/1018975-%D9%85%D8%B9%D8%AF%D9%84-%D9%86%D9%87%D8%A7%DB%8C%DB%8C-%D8%AF%D8%A7%D9%86%D8%B4-%D8%A2%D9%85%D9%88%D8%B2%D8%A7%D9%86-%D8%AA%D8%A7-%D8%A7%D8%B9%D9%84%D8%A7%D9%85-%D8%B4%D8%AF-%D8%A7%DB%8C%D9%86%D9%81%D9%88-%DA%AF%D8%B1%D8%A7%D9%81%DB%8C,2026-10-01,false,"Same dataset as the Namnak table (31 provinces, Chaharmahal 9.90, Fars 9.91, Tehran 10.67 identical) with a few digit differences (Namnak 10.49). Printed national figure 9.94 (= the unweighted mean of these 31 provincial values, 9.944; not a Ministry national figure, which for 1402 is 10.26 for three fields and 10.02 for four). Dated to Khordad 1402 because Chaharmahal 9.90 + official 1403 growth 0.37 = official 10.27, and it was published before any Khordad 1404 papers could be graded.",2,Namnak; Shargh,mean,,current
"Khordad 1402 (June 2023) (inferred, see note)",12,all theoretical fields (as printed),QZV,قزوین,10.98,"Shargh Daily 2025-06-08: unattributed social-media infographic, re-read from the image 2026-10-01",province,https://www.sharghdaily.com/%D8%A8%D8%AE%D8%B4-%D8%AC%D8%A7%D9%85%D8%B9%D9%87-220/1018975-%D9%85%D8%B9%D8%AF%D9%84-%D9%86%D9%87%D8%A7%DB%8C%DB%8C-%D8%AF%D8%A7%D9%86%D8%B4-%D8%A2%D9%85%D9%88%D8%B2%D8%A7%D9%86-%D8%AA%D8%A7-%D8%A7%D8%B9%D9%84%D8%A7%D9%85-%D8%B4%D8%AF-%D8%A7%DB%8C%D9%86%D9%81%D9%88-%DA%AF%D8%B1%D8%A7%D9%81%DB%8C,2026-10-01,false,"Same dataset as the Namnak table (31 provinces, Chaharmahal 9.90, Fars 9.91, Tehran 10.67 identical) with a few digit differences (identical here). Printed national figure 9.94 (= the unweighted mean of these 31 provincial values, 9.944; not a Ministry national figure, which for 1402 is 10.26 for three fields and 10.02 for four). Dated to Khordad 1402 because Chaharmahal 9.90 + official 1403 growth 0.37 = official 10.27, and it was published before any Khordad 1404 papers could be graded.",2,Namnak; Shargh,mean,,current
"Khordad 1402 (June 2023) (inferred, see note)",12,all theoretical fields (as printed),ALB,البرز,10.09,"Shargh Daily 2025-06-08: unattributed social-media infographic, re-read from the image 2026-10-01",province,https://www.sharghdaily.com/%D8%A8%D8%AE%D8%B4-%D8%AC%D8%A7%D9%85%D8%B9%D9%87-220/1018975-%D9%85%D8%B9%D8%AF%D9%84-%D9%86%D9%87%D8%A7%DB%8C%DB%8C-%D8%AF%D8%A7%D9%86%D8%B4-%D8%A2%D9%85%D9%88%D8%B2%D8%A7%D9%86-%D8%AA%D8%A7-%D8%A7%D8%B9%D9%84%D8%A7%D9%85-%D8%B4%D8%AF-%D8%A7%DB%8C%D9%86%D9%81%D9%88-%DA%AF%D8%B1%D8%A7%D9%81%DB%8C,2026-10-01,false,"Same dataset as the Namnak table (31 provinces, Chaharmahal 9.90, Fars 9.91, Tehran 10.67 identical) with a few digit differences (identical here). Printed national figure 9.94 (= the unweighted mean of these 31 provincial values, 9.944; not a Ministry national figure, which for 1402 is 10.26 for three fields and 10.02 for four). Dated to Khordad 1402 because Chaharmahal 9.90 + official 1403 growth 0.37 = official 10.27, and it was published before any Khordad 1404 papers could be graded.",2,Namnak; Shargh,mean,,current
"Khordad 1402 (June 2023) (inferred, see note)",12,all theoretical fields (as printed),THR,تهران,10.67,"Shargh Daily 2025-06-08: unattributed social-media infographic, re-read from the image 2026-10-01",province,https://www.sharghdaily.com/%D8%A8%D8%AE%D8%B4-%D8%AC%D8%A7%D9%85%D8%B9%D9%87-220/1018975-%D9%85%D8%B9%D8%AF%D9%84-%D9%86%D9%87%D8%A7%DB%8C%DB%8C-%D8%AF%D8%A7%D9%86%D8%B4-%D8%A2%D9%85%D9%88%D8%B2%D8%A7%D9%86-%D8%AA%D8%A7-%D8%A7%D8%B9%D9%84%D8%A7%D9%85-%D8%B4%D8%AF-%D8%A7%DB%8C%D9%86%D9%81%D9%88-%DA%AF%D8%B1%D8%A7%D9%81%DB%8C,2026-10-01,false,"Same dataset as the Namnak table (31 provinces, Chaharmahal 9.90, Fars 9.91, Tehran 10.67 identical) with a few digit differences (identical here). Printed national figure 9.94 (= the unweighted mean of these 31 provincial values, 9.944; not a Ministry national figure, which for 1402 is 10.26 for three fields and 10.02 for four). Dated to Khordad 1402 because Chaharmahal 9.90 + official 1403 growth 0.37 = official 10.27, and it was published before any Khordad 1404 papers could be graded.",2,Namnak; Shargh,mean,,current
"Khordad 1402 (June 2023) (inferred, see note)",12,all theoretical fields (as printed),MZN,مازندران,10.32,"Shargh Daily 2025-06-08: unattributed social-media infographic, re-read from the image 2026-10-01",province,https://www.sharghdaily.com/%D8%A8%D8%AE%D8%B4-%D8%AC%D8%A7%D9%85%D8%B9%D9%87-220/1018975-%D9%85%D8%B9%D8%AF%D9%84-%D9%86%D9%87%D8%A7%DB%8C%DB%8C-%D8%AF%D8%A7%D9%86%D8%B4-%D8%A2%D9%85%D9%88%D8%B2%D8%A7%D9%86-%D8%AA%D8%A7-%D8%A7%D8%B9%D9%84%D8%A7%D9%85-%D8%B4%D8%AF-%D8%A7%DB%8C%D9%86%D9%81%D9%88-%DA%AF%D8%B1%D8%A7%D9%81%DB%8C,2026-10-01,false,"Same dataset as the Namnak table (31 provinces, Chaharmahal 9.90, Fars 9.91, Tehran 10.67 identical) with a few digit differences (Namnak 10.22). Printed national figure 9.94 (= the unweighted mean of these 31 provincial values, 9.944; not a Ministry national figure, which for 1402 is 10.26 for three fields and 10.02 for four). Dated to Khordad 1402 because Chaharmahal 9.90 + official 1403 growth 0.37 = official 10.27, and it was published before any Khordad 1404 papers could be graded.",2,Namnak; Shargh,mean,,current
"Khordad 1402 (June 2023) (inferred, see note)",12,all theoretical fields (as printed),GLS,گلستان,9.65,"Shargh Daily 2025-06-08: unattributed social-media infographic, re-read from the image 2026-10-01",province,https://www.sharghdaily.com/%D8%A8%D8%AE%D8%B4-%D8%AC%D8%A7%D9%85%D8%B9%D9%87-220/1018975-%D9%85%D8%B9%D8%AF%D9%84-%D9%86%D9%87%D8%A7%DB%8C%DB%8C-%D8%AF%D8%A7%D9%86%D8%B4-%D8%A2%D9%85%D9%88%D8%B2%D8%A7%D9%86-%D8%AA%D8%A7-%D8%A7%D8%B9%D9%84%D8%A7%D9%85-%D8%B4%D8%AF-%D8%A7%DB%8C%D9%86%D9%81%D9%88-%DA%AF%D8%B1%D8%A7%D9%81%DB%8C,2026-10-01,false,"Same dataset as the Namnak table (31 provinces, Chaharmahal 9.90, Fars 9.91, Tehran 10.67 identical) with a few digit differences (Namnak 9.58). Printed national figure 9.94 (= the unweighted mean of these 31 provincial values, 9.944; not a Ministry national figure, which for 1402 is 10.26 for three fields and 10.02 for four). Dated to Khordad 1402 because Chaharmahal 9.90 + official 1403 growth 0.37 = official 10.27, and it was published before any Khordad 1404 papers could be graded.",2,Namnak; Shargh,mean,,current
"Khordad 1402 (June 2023) (inferred, see note)",12,all theoretical fields (as printed),KHS,خراسان شمالی,9.82,"Shargh Daily 2025-06-08: unattributed social-media infographic, re-read from the image 2026-10-01",province,https://www.sharghdaily.com/%D8%A8%D8%AE%D8%B4-%D8%AC%D8%A7%D9%85%D8%B9%D9%87-220/1018975-%D9%85%D8%B9%D8%AF%D9%84-%D9%86%D9%87%D8%A7%DB%8C%DB%8C-%D8%AF%D8%A7%D9%86%D8%B4-%D8%A2%D9%85%D9%88%D8%B2%D8%A7%D9%86-%D8%AA%D8%A7-%D8%A7%D8%B9%D9%84%D8%A7%D9%85-%D8%B4%D8%AF-%D8%A7%DB%8C%D9%86%D9%81%D9%88-%DA%AF%D8%B1%D8%A7%D9%81%DB%8C,2026-10-01,false,"Same dataset as the Namnak table (31 provinces, Chaharmahal 9.90, Fars 9.91, Tehran 10.67 identical) with a few digit differences (identical here). Printed national figure 9.94 (= the unweighted mean of these 31 provincial values, 9.944; not a Ministry national figure, which for 1402 is 10.26 for three fields and 10.02 for four). Dated to Khordad 1402 because Chaharmahal 9.90 + official 1403 growth 0.37 = official 10.27, and it was published before any Khordad 1404 papers could be graded.",2,Namnak; Shargh,mean,,current
"Khordad 1402 (June 2023) (inferred, see note)",12,all theoretical fields (as printed),KHR,خراسان رضوی,11.17,"Shargh Daily 2025-06-08: unattributed social-media infographic, re-read from the image 2026-10-01",province,https://www.sharghdaily.com/%D8%A8%D8%AE%D8%B4-%D8%AC%D8%A7%D9%85%D8%B9%D9%87-220/1018975-%D9%85%D8%B9%D8%AF%D9%84-%D9%86%D9%87%D8%A7%DB%8C%DB%8C-%D8%AF%D8%A7%D9%86%D8%B4-%D8%A2%D9%85%D9%88%D8%B2%D8%A7%D9%86-%D8%AA%D8%A7-%D8%A7%D8%B9%D9%84%D8%A7%D9%85-%D8%B4%D8%AF-%D8%A7%DB%8C%D9%86%D9%81%D9%88-%DA%AF%D8%B1%D8%A7%D9%81%DB%8C,2026-10-01,false,"Same dataset as the Namnak table (31 provinces, Chaharmahal 9.90, Fars 9.91, Tehran 10.67 identical) with a few digit differences (Namnak 11.27). Printed national figure 9.94 (= the unweighted mean of these 31 provincial values, 9.944; not a Ministry national figure, which for 1402 is 10.26 for three fields and 10.02 for four). Dated to Khordad 1402 because Chaharmahal 9.90 + official 1403 growth 0.37 = official 10.27, and it was published before any Khordad 1404 papers could be graded.",2,Namnak; Shargh,mean,,current
"Khordad 1402 (June 2023) (inferred, see note)",12,all theoretical fields (as printed),SMN,سمنان,11.63,"Shargh Daily 2025-06-08: unattributed social-media infographic, re-read from the image 2026-10-01",province,https://www.sharghdaily.com/%D8%A8%D8%AE%D8%B4-%D8%AC%D8%A7%D9%85%D8%B9%D9%87-220/1018975-%D9%85%D8%B9%D8%AF%D9%84-%D9%86%D9%87%D8%A7%DB%8C%DB%8C-%D8%AF%D8%A7%D9%86%D8%B4-%D8%A2%D9%85%D9%88%D8%B2%D8%A7%D9%86-%D8%AA%D8%A7-%D8%A7%D8%B9%D9%84%D8%A7%D9%85-%D8%B4%D8%AF-%D8%A7%DB%8C%D9%86%D9%81%D9%88-%DA%AF%D8%B1%D8%A7%D9%81%DB%8C,2026-10-01,false,"Same dataset as the Namnak table (31 provinces, Chaharmahal 9.90, Fars 9.91, Tehran 10.67 identical) with a few digit differences (Namnak 11.62). Printed national figure 9.94 (= the unweighted mean of these 31 provincial values, 9.944; not a Ministry national figure, which for 1402 is 10.26 for three fields and 10.02 for four). Dated to Khordad 1402 because Chaharmahal 9.90 + official 1403 growth 0.37 = official 10.27, and it was published before any Khordad 1404 papers could be graded.",2,Namnak; Shargh,mean,,current
"Khordad 1402 (June 2023) (inferred, see note)",12,all theoretical fields (as printed),KHJ,خراسان جنوبی,11.81,"Shargh Daily 2025-06-08: unattributed social-media infographic, re-read from the image 2026-10-01",province,https://www.sharghdaily.com/%D8%A8%D8%AE%D8%B4-%D8%AC%D8%A7%D9%85%D8%B9%D9%87-220/1018975-%D9%85%D8%B9%D8%AF%D9%84-%D9%86%D9%87%D8%A7%DB%8C%DB%8C-%D8%AF%D8%A7%D9%86%D8%B4-%D8%A2%D9%85%D9%88%D8%B2%D8%A7%D9%86-%D8%AA%D8%A7-%D8%A7%D8%B9%D9%84%D8%A7%D9%85-%D8%B4%D8%AF-%D8%A7%DB%8C%D9%86%D9%81%D9%88-%DA%AF%D8%B1%D8%A7%D9%81%DB%8C,2026-10-01,false,"Same dataset as the Namnak table (31 provinces, Chaharmahal 9.90, Fars 9.91, Tehran 10.67 identical) with a few digit differences (identical here). Printed national figure 9.94 (= the unweighted mean of these 31 provincial values, 9.944; not a Ministry national figure, which for 1402 is 10.26 for three fields and 10.02 for four). Dated to Khordad 1402 because Chaharmahal 9.90 + official 1403 growth 0.37 = official 10.27, and it was published before any Khordad 1404 papers could be graded.",2,Namnak; Shargh,mean,,current
"Khordad 1402 (June 2023) (inferred, see note)",12,all theoretical fields (as printed),YZD,یزد,12.04,"Shargh Daily 2025-06-08: unattributed social-media infographic, re-read from the image 2026-10-01",province,https://www.sharghdaily.com/%D8%A8%D8%AE%D8%B4-%D8%AC%D8%A7%D9%85%D8%B9%D9%87-220/1018975-%D9%85%D8%B9%D8%AF%D9%84-%D9%86%D9%87%D8%A7%DB%8C%DB%8C-%D8%AF%D8%A7%D9%86%D8%B4-%D8%A2%D9%85%D9%88%D8%B2%D8%A7%D9%86-%D8%AA%D8%A7-%D8%A7%D8%B9%D9%84%D8%A7%D9%85-%D8%B4%D8%AF-%D8%A7%DB%8C%D9%86%D9%81%D9%88-%DA%AF%D8%B1%D8%A7%D9%81%DB%8C,2026-10-01,false,"Same dataset as the Namnak table (31 provinces, Chaharmahal 9.90, Fars 9.91, Tehran 10.67 identical) with a few digit differences (Namnak 12.40). Printed national figure 9.94 (= the unweighted mean of these 31 provincial values, 9.944; not a Ministry national figure, which for 1402 is 10.26 for three fields and 10.02 for four). Dated to Khordad 1402 because Chaharmahal 9.90 + official 1403 growth 0.37 = official 10.27, and it was published before any Khordad 1404 papers could be graded.",2,Namnak; Shargh,mean,,current
"Khordad 1402 (June 2023) (inferred, see note)",12,all theoretical fields (as printed),KRM,کرمان,9.44,"Shargh Daily 2025-06-08: unattributed social-media infographic, re-read from the image 2026-10-01",province,https://www.sharghdaily.com/%D8%A8%D8%AE%D8%B4-%D8%AC%D8%A7%D9%85%D8%B9%D9%87-220/1018975-%D9%85%D8%B9%D8%AF%D9%84-%D9%86%D9%87%D8%A7%DB%8C%DB%8C-%D8%AF%D8%A7%D9%86%D8%B4-%D8%A2%D9%85%D9%88%D8%B2%D8%A7%D9%86-%D8%AA%D8%A7-%D8%A7%D8%B9%D9%84%D8%A7%D9%85-%D8%B4%D8%AF-%D8%A7%DB%8C%D9%86%D9%81%D9%88-%DA%AF%D8%B1%D8%A7%D9%81%DB%8C,2026-10-01,false,"Same dataset as the Namnak table (31 provinces, Chaharmahal 9.90, Fars 9.91, Tehran 10.67 identical) with a few digit differences (identical here). Printed national figure 9.94 (= the unweighted mean of these 31 provincial values, 9.944; not a Ministry national figure, which for 1402 is 10.26 for three fields and 10.02 for four). Dated to Khordad 1402 because Chaharmahal 9.90 + official 1403 growth 0.37 = official 10.27, and it was published before any Khordad 1404 papers could be graded.",2,Namnak; Shargh,mean,,current
"Khordad 1402 (June 2023) (inferred, see note)",12,all theoretical fields (as printed),SBL,سیستان و بلوچستان,7.74,"Shargh Daily 2025-06-08: unattributed social-media infographic, re-read from the image 2026-10-01",province,https://www.sharghdaily.com/%D8%A8%D8%AE%D8%B4-%D8%AC%D8%A7%D9%85%D8%B9%D9%87-220/1018975-%D9%85%D8%B9%D8%AF%D9%84-%D9%86%D9%87%D8%A7%DB%8C%DB%8C-%D8%AF%D8%A7%D9%86%D8%B4-%D8%A2%D9%85%D9%88%D8%B2%D8%A7%D9%86-%D8%AA%D8%A7-%D8%A7%D8%B9%D9%84%D8%A7%D9%85-%D8%B4%D8%AF-%D8%A7%DB%8C%D9%86%D9%81%D9%88-%DA%AF%D8%B1%D8%A7%D9%81%DB%8C,2026-10-01,false,"Same dataset as the Namnak table (31 provinces, Chaharmahal 9.90, Fars 9.91, Tehran 10.67 identical) with a few digit differences (Namnak 7.73). Printed national figure 9.94 (= the unweighted mean of these 31 provincial values, 9.944; not a Ministry national figure, which for 1402 is 10.26 for three fields and 10.02 for four). Dated to Khordad 1402 because Chaharmahal 9.90 + official 1403 growth 0.37 = official 10.27, and it was published before any Khordad 1404 papers could be graded.",2,Namnak; Shargh,mean,,current
"Khordad 1402 (June 2023) (inferred, see note)",12,all theoretical fields (as printed),HRM,هرمزگان,8.76,"Shargh Daily 2025-06-08: unattributed social-media infographic, re-read from the image 2026-10-01",province,https://www.sharghdaily.com/%D8%A8%D8%AE%D8%B4-%D8%AC%D8%A7%D9%85%D8%B9%D9%87-220/1018975-%D9%85%D8%B9%D8%AF%D9%84-%D9%86%D9%87%D8%A7%DB%8C%DB%8C-%D8%AF%D8%A7%D9%86%D8%B4-%D8%A2%D9%85%D9%88%D8%B2%D8%A7%D9%86-%D8%AA%D8%A7-%D8%A7%D8%B9%D9%84%D8%A7%D9%85-%D8%B4%D8%AF-%D8%A7%DB%8C%D9%86%D9%81%D9%88-%DA%AF%D8%B1%D8%A7%D9%81%DB%8C,2026-10-01,false,"Same dataset as the Namnak table (31 provinces, Chaharmahal 9.90, Fars 9.91, Tehran 10.67 identical) with a few digit differences (Namnak 8.74). Printed national figure 9.94 (= the unweighted mean of these 31 provincial values, 9.944; not a Ministry national figure, which for 1402 is 10.26 for three fields and 10.02 for four). Dated to Khordad 1402 because Chaharmahal 9.90 + official 1403 growth 0.37 = official 10.27, and it was published before any Khordad 1404 papers could be graded.",2,Namnak; Shargh,mean,,current
"Khordad 1402 (June 2023) (inferred, see note)",12,all theoretical fields (as printed),BSH,بوشهر,9.49,"Shargh Daily 2025-06-08: unattributed social-media infographic, re-read from the image 2026-10-01",province,https://www.sharghdaily.com/%D8%A8%D8%AE%D8%B4-%D8%AC%D8%A7%D9%85%D8%B9%D9%87-220/1018975-%D9%85%D8%B9%D8%AF%D9%84-%D9%86%D9%87%D8%A7%DB%8C%DB%8C-%D8%AF%D8%A7%D9%86%D8%B4-%D8%A2%D9%85%D9%88%D8%B2%D8%A7%D9%86-%D8%AA%D8%A7-%D8%A7%D8%B9%D9%84%D8%A7%D9%85-%D8%B4%D8%AF-%D8%A7%DB%8C%D9%86%D9%81%D9%88-%DA%AF%D8%B1%D8%A7%D9%81%DB%8C,2026-10-01,false,"Same dataset as the Namnak table (31 provinces, Chaharmahal 9.90, Fars 9.91, Tehran 10.67 identical) with a few digit differences (identical here). Printed national figure 9.94 (= the unweighted mean of these 31 provincial values, 9.944; not a Ministry national figure, which for 1402 is 10.26 for three fields and 10.02 for four). Dated to Khordad 1402 because Chaharmahal 9.90 + official 1403 growth 0.37 = official 10.27, and it was published before any Khordad 1404 papers could be graded.",2,Namnak; Shargh,mean,,current
"Khordad 1402 (June 2023) (inferred, see note)",12,all theoretical fields (as printed),FRS,فارس,9.91,"Shargh Daily 2025-06-08: unattributed social-media infographic, re-read from the image 2026-10-01",province,https://www.sharghdaily.com/%D8%A8%D8%AE%D8%B4-%D8%AC%D8%A7%D9%85%D8%B9%D9%87-220/1018975-%D9%85%D8%B9%D8%AF%D9%84-%D9%86%D9%87%D8%A7%DB%8C%DB%8C-%D8%AF%D8%A7%D9%86%D8%B4-%D8%A2%D9%85%D9%88%D8%B2%D8%A7%D9%86-%D8%AA%D8%A7-%D8%A7%D8%B9%D9%84%D8%A7%D9%85-%D8%B4%D8%AF-%D8%A7%DB%8C%D9%86%D9%81%D9%88-%DA%AF%D8%B1%D8%A7%D9%81%DB%8C,2026-10-01,false,"Same dataset as the Namnak table (31 provinces, Chaharmahal 9.90, Fars 9.91, Tehran 10.67 identical) with a few digit differences (identical here). Printed national figure 9.94 (= the unweighted mean of these 31 provincial values, 9.944; not a Ministry national figure, which for 1402 is 10.26 for three fields and 10.02 for four). Dated to Khordad 1402 because Chaharmahal 9.90 + official 1403 growth 0.37 = official 10.27, and it was published before any Khordad 1404 papers could be graded.",2,Namnak; Shargh,mean,,current
"Khordad 1402 (June 2023) (inferred, see note)",12,all theoretical fields (as printed),KBA,کهگیلویه و بویراحمد,8.01,"Shargh Daily 2025-06-08: unattributed social-media infographic, re-read from the image 2026-10-01",province,https://www.sharghdaily.com/%D8%A8%D8%AE%D8%B4-%D8%AC%D8%A7%D9%85%D8%B9%D9%87-220/1018975-%D9%85%D8%B9%D8%AF%D9%84-%D9%86%D9%87%D8%A7%DB%8C%DB%8C-%D8%AF%D8%A7%D9%86%D8%B4-%D8%A2%D9%85%D9%88%D8%B2%D8%A7%D9%86-%D8%AA%D8%A7-%D8%A7%D8%B9%D9%84%D8%A7%D9%85-%D8%B4%D8%AF-%D8%A7%DB%8C%D9%86%D9%81%D9%88-%DA%AF%D8%B1%D8%A7%D9%81%DB%8C,2026-10-01,false,"Same dataset as the Namnak table (31 provinces, Chaharmahal 9.90, Fars 9.91, Tehran 10.67 identical) with a few digit differences (identical here). Printed national figure 9.94 (= the unweighted mean of these 31 provincial values, 9.944; not a Ministry national figure, which for 1402 is 10.26 for three fields and 10.02 for four). Dated to Khordad 1402 because Chaharmahal 9.90 + official 1403 growth 0.37 = official 10.27, and it was published before any Khordad 1404 papers could be graded.",2,Namnak; Shargh,mean,,current
"Khordad 1402 (June 2023) (inferred, see note)",12,all theoretical fields (as printed),KHZ,خوزستان,8.29,"Shargh Daily 2025-06-08: unattributed social-media infographic, re-read from the image 2026-10-01",province,https://www.sharghdaily.com/%D8%A8%D8%AE%D8%B4-%D8%AC%D8%A7%D9%85%D8%B9%D9%87-220/1018975-%D9%85%D8%B9%D8%AF%D9%84-%D9%86%D9%87%D8%A7%DB%8C%DB%8C-%D8%AF%D8%A7%D9%86%D8%B4-%D8%A2%D9%85%D9%88%D8%B2%D8%A7%D9%86-%D8%AA%D8%A7-%D8%A7%D8%B9%D9%84%D8%A7%D9%85-%D8%B4%D8%AF-%D8%A7%DB%8C%D9%86%D9%81%D9%88-%DA%AF%D8%B1%D8%A7%D9%81%DB%8C,2026-10-01,false,"Same dataset as the Namnak table (31 provinces, Chaharmahal 9.90, Fars 9.91, Tehran 10.67 identical) with a few digit differences (Namnak 8.39). Printed national figure 9.94 (= the unweighted mean of these 31 provincial values, 9.944; not a Ministry national figure, which for 1402 is 10.26 for three fields and 10.02 for four). Dated to Khordad 1402 because Chaharmahal 9.90 + official 1403 growth 0.37 = official 10.27, and it was published before any Khordad 1404 papers could be graded.",2,Namnak; Shargh,mean,,current
"Khordad 1402 (June 2023) (inferred, see note)",12,all theoretical fields (as printed),CHB,چهارمحال و بختیاری,9.9,"Shargh Daily 2025-06-08: unattributed social-media infographic, re-read from the image 2026-10-01",province,https://www.sharghdaily.com/%D8%A8%D8%AE%D8%B4-%D8%AC%D8%A7%D9%85%D8%B9%D9%87-220/1018975-%D9%85%D8%B9%D8%AF%D9%84-%D9%86%D9%87%D8%A7%DB%8C%DB%8C-%D8%AF%D8%A7%D9%86%D8%B4-%D8%A2%D9%85%D9%88%D8%B2%D8%A7%D9%86-%D8%AA%D8%A7-%D8%A7%D8%B9%D9%84%D8%A7%D9%85-%D8%B4%D8%AF-%D8%A7%DB%8C%D9%86%D9%81%D9%88-%DA%AF%D8%B1%D8%A7%D9%81%DB%8C,2026-10-01,false,"Same dataset as the Namnak table (31 provinces, Chaharmahal 9.90, Fars 9.91, Tehran 10.67 identical) with a few digit differences (identical here). Printed national figure 9.94 (= the unweighted mean of these 31 provincial values, 9.944; not a Ministry national figure, which for 1402 is 10.26 for three fields and 10.02 for four). Dated to Khordad 1402 because Chaharmahal 9.90 + official 1403 growth 0.37 = official 10.27, and it was published before any Khordad 1404 papers could be graded.",2,Namnak; Shargh,mean,,current
"Khordad 1402 (June 2023) (inferred, see note)",12,all theoretical fields (as printed),ISF,اصفهان,11.43,"Shargh Daily 2025-06-08: unattributed social-media infographic, re-read from the image 2026-10-01",province,https://www.sharghdaily.com/%D8%A8%D8%AE%D8%B4-%D8%AC%D8%A7%D9%85%D8%B9%D9%87-220/1018975-%D9%85%D8%B9%D8%AF%D9%84-%D9%86%D9%87%D8%A7%DB%8C%DB%8C-%D8%AF%D8%A7%D9%86%D8%B4-%D8%A2%D9%85%D9%88%D8%B2%D8%A7%D9%86-%D8%AA%D8%A7-%D8%A7%D8%B9%D9%84%D8%A7%D9%85-%D8%B4%D8%AF-%D8%A7%DB%8C%D9%86%D9%81%D9%88-%DA%AF%D8%B1%D8%A7%D9%81%DB%8C,2026-10-01,false,"Same dataset as the Namnak table (31 provinces, Chaharmahal 9.90, Fars 9.91, Tehran 10.67 identical) with a few digit differences (identical here). Printed national figure 9.94 (= the unweighted mean of these 31 provincial values, 9.944; not a Ministry national figure, which for 1402 is 10.26 for three fields and 10.02 for four). Dated to Khordad 1402 because Chaharmahal 9.90 + official 1403 growth 0.37 = official 10.27, and it was published before any Khordad 1404 papers could be graded.",2,Namnak; Shargh,mean,,current
"Khordad 1402 (June 2023) (inferred, see note)",12,all theoretical fields (as printed),QOM,قم,11.17,"Shargh Daily 2025-06-08: unattributed social-media infographic, re-read from the image 2026-10-01",province,https://www.sharghdaily.com/%D8%A8%D8%AE%D8%B4-%D8%AC%D8%A7%D9%85%D8%B9%D9%87-220/1018975-%D9%85%D8%B9%D8%AF%D9%84-%D9%86%D9%87%D8%A7%DB%8C%DB%8C-%D8%AF%D8%A7%D9%86%D8%B4-%D8%A2%D9%85%D9%88%D8%B2%D8%A7%D9%86-%D8%AA%D8%A7-%D8%A7%D8%B9%D9%84%D8%A7%D9%85-%D8%B4%D8%AF-%D8%A7%DB%8C%D9%86%D9%81%D9%88-%DA%AF%D8%B1%D8%A7%D9%81%DB%8C,2026-10-01,false,"Same dataset as the Namnak table (31 provinces, Chaharmahal 9.90, Fars 9.91, Tehran 10.67 identical) with a few digit differences (Namnak 11.27). Printed national figure 9.94 (= the unweighted mean of these 31 provincial values, 9.944; not a Ministry national figure, which for 1402 is 10.26 for three fields and 10.02 for four). Dated to Khordad 1402 because Chaharmahal 9.90 + official 1403 growth 0.37 = official 10.27, and it was published before any Khordad 1404 papers could be graded.",2,Namnak; Shargh,mean,,current
"Khordad 1402 (June 2023) (inferred, see note)",12,all theoretical fields (as printed),MRK,مرکزی,11.1,"Shargh Daily 2025-06-08: unattributed social-media infographic, re-read from the image 2026-10-01",province,https://www.sharghdaily.com/%D8%A8%D8%AE%D8%B4-%D8%AC%D8%A7%D9%85%D8%B9%D9%87-220/1018975-%D9%85%D8%B9%D8%AF%D9%84-%D9%86%D9%87%D8%A7%DB%8C%DB%8C-%D8%AF%D8%A7%D9%86%D8%B4-%D8%A2%D9%85%D9%88%D8%B2%D8%A7%D9%86-%D8%AA%D8%A7-%D8%A7%D8%B9%D9%84%D8%A7%D9%85-%D8%B4%D8%AF-%D8%A7%DB%8C%D9%86%D9%81%D9%88-%DA%AF%D8%B1%D8%A7%D9%81%DB%8C,2026-10-01,false,"Same dataset as the Namnak table (31 provinces, Chaharmahal 9.90, Fars 9.91, Tehran 10.67 identical) with a few digit differences (identical here). Printed national figure 9.94 (= the unweighted mean of these 31 provincial values, 9.944; not a Ministry national figure, which for 1402 is 10.26 for three fields and 10.02 for four). Dated to Khordad 1402 because Chaharmahal 9.90 + official 1403 growth 0.37 = official 10.27, and it was published before any Khordad 1404 papers could be graded.",2,Namnak; Shargh,mean,,current
"Khordad 1402 (June 2023) (inferred, see note)",12,all theoretical fields (as printed),HMD,همدان,10.23,"Shargh Daily 2025-06-08: unattributed social-media infographic, re-read from the image 2026-10-01",province,https://www.sharghdaily.com/%D8%A8%D8%AE%D8%B4-%D8%AC%D8%A7%D9%85%D8%B9%D9%87-220/1018975-%D9%85%D8%B9%D8%AF%D9%84-%D9%86%D9%87%D8%A7%DB%8C%DB%8C-%D8%AF%D8%A7%D9%86%D8%B4-%D8%A2%D9%85%D9%88%D8%B2%D8%A7%D9%86-%D8%AA%D8%A7-%D8%A7%D8%B9%D9%84%D8%A7%D9%85-%D8%B4%D8%AF-%D8%A7%DB%8C%D9%86%D9%81%D9%88-%DA%AF%D8%B1%D8%A7%D9%81%DB%8C,2026-10-01,false,"Same dataset as the Namnak table (31 provinces, Chaharmahal 9.90, Fars 9.91, Tehran 10.67 identical) with a few digit differences (identical here). Printed national figure 9.94 (= the unweighted mean of these 31 provincial values, 9.944; not a Ministry national figure, which for 1402 is 10.26 for three fields and 10.02 for four). Dated to Khordad 1402 because Chaharmahal 9.90 + official 1403 growth 0.37 = official 10.27, and it was published before any Khordad 1404 papers could be graded.",2,Namnak; Shargh,mean,,current
"Khordad 1402 (June 2023) (inferred, see note)",12,all theoretical fields (as printed),KSH,کرمانشاه,9.2,"Shargh Daily 2025-06-08: unattributed social-media infographic, re-read from the image 2026-10-01",province,https://www.sharghdaily.com/%D8%A8%D8%AE%D8%B4-%D8%AC%D8%A7%D9%85%D8%B9%D9%87-220/1018975-%D9%85%D8%B9%D8%AF%D9%84-%D9%86%D9%87%D8%A7%DB%8C%DB%8C-%D8%AF%D8%A7%D9%86%D8%B4-%D8%A2%D9%85%D9%88%D8%B2%D8%A7%D9%86-%D8%AA%D8%A7-%D8%A7%D8%B9%D9%84%D8%A7%D9%85-%D8%B4%D8%AF-%D8%A7%DB%8C%D9%86%D9%81%D9%88-%DA%AF%D8%B1%D8%A7%D9%81%DB%8C,2026-10-01,false,"Same dataset as the Namnak table (31 provinces, Chaharmahal 9.90, Fars 9.91, Tehran 10.67 identical) with a few digit differences (Namnak 9.03). Printed national figure 9.94 (= the unweighted mean of these 31 provincial values, 9.944; not a Ministry national figure, which for 1402 is 10.26 for three fields and 10.02 for four). Dated to Khordad 1402 because Chaharmahal 9.90 + official 1403 growth 0.37 = official 10.27, and it was published before any Khordad 1404 papers could be graded.",2,Namnak; Shargh,mean,,current
"Khordad 1402 (June 2023) (inferred, see note)",12,all theoretical fields (as printed),LRS,لرستان,9.11,"Shargh Daily 2025-06-08: unattributed social-media infographic, re-read from the image 2026-10-01",province,https://www.sharghdaily.com/%D8%A8%D8%AE%D8%B4-%D8%AC%D8%A7%D9%85%D8%B9%D9%87-220/1018975-%D9%85%D8%B9%D8%AF%D9%84-%D9%86%D9%87%D8%A7%DB%8C%DB%8C-%D8%AF%D8%A7%D9%86%D8%B4-%D8%A2%D9%85%D9%88%D8%B2%D8%A7%D9%86-%D8%AA%D8%A7-%D8%A7%D8%B9%D9%84%D8%A7%D9%85-%D8%B4%D8%AF-%D8%A7%DB%8C%D9%86%D9%81%D9%88-%DA%AF%D8%B1%D8%A7%D9%81%DB%8C,2026-10-01,false,"Same dataset as the Namnak table (31 provinces, Chaharmahal 9.90, Fars 9.91, Tehran 10.67 identical) with a few digit differences (identical here). Printed national figure 9.94 (= the unweighted mean of these 31 provincial values, 9.944; not a Ministry national figure, which for 1402 is 10.26 for three fields and 10.02 for four). Dated to Khordad 1402 because Chaharmahal 9.90 + official 1403 growth 0.37 = official 10.27, and it was published before any Khordad 1404 papers could be graded.",2,Namnak; Shargh,mean,,current
"Khordad 1402 (June 2023) (inferred, see note)",12,all theoretical fields (as printed),ILM,ایلام,9.37,"Shargh Daily 2025-06-08: unattributed social-media infographic, re-read from the image 2026-10-01",province,https://www.sharghdaily.com/%D8%A8%D8%AE%D8%B4-%D8%AC%D8%A7%D9%85%D8%B9%D9%87-220/1018975-%D9%85%D8%B9%D8%AF%D9%84-%D9%86%D9%87%D8%A7%DB%8C%DB%8C-%D8%AF%D8%A7%D9%86%D8%B4-%D8%A2%D9%85%D9%88%D8%B2%D8%A7%D9%86-%D8%AA%D8%A7-%D8%A7%D8%B9%D9%84%D8%A7%D9%85-%D8%B4%D8%AF-%D8%A7%DB%8C%D9%86%D9%81%D9%88-%DA%AF%D8%B1%D8%A7%D9%81%DB%8C,2026-10-01,false,"Same dataset as the Namnak table (31 provinces, Chaharmahal 9.90, Fars 9.91, Tehran 10.67 identical) with a few digit differences (Namnak 9.27). Printed national figure 9.94 (= the unweighted mean of these 31 provincial values, 9.944; not a Ministry national figure, which for 1402 is 10.26 for three fields and 10.02 for four). Dated to Khordad 1402 because Chaharmahal 9.90 + official 1403 growth 0.37 = official 10.27, and it was published before any Khordad 1404 papers could be graded.",2,Namnak; Shargh,mean,,current
"Khordad 1402 (June 2023) (inferred, see note)",12,all theoretical fields (as printed),KRD,کردستان,9.07,"Shargh Daily 2025-06-08: unattributed social-media infographic, re-read from the image 2026-10-01",province,https://www.sharghdaily.com/%D8%A8%D8%AE%D8%B4-%D8%AC%D8%A7%D9%85%D8%B9%D9%87-220/1018975-%D9%85%D8%B9%D8%AF%D9%84-%D9%86%D9%87%D8%A7%DB%8C%DB%8C-%D8%AF%D8%A7%D9%86%D8%B4-%D8%A2%D9%85%D9%88%D8%B2%D8%A7%D9%86-%D8%AA%D8%A7-%D8%A7%D8%B9%D9%84%D8%A7%D9%85-%D8%B4%D8%AF-%D8%A7%DB%8C%D9%86%D9%81%D9%88-%DA%AF%D8%B1%D8%A7%D9%81%DB%8C,2026-10-01,false,"Same dataset as the Namnak table (31 provinces, Chaharmahal 9.90, Fars 9.91, Tehran 10.67 identical) with a few digit differences (identical here). Printed national figure 9.94 (= the unweighted mean of these 31 provincial values, 9.944; not a Ministry national figure, which for 1402 is 10.26 for three fields and 10.02 for four). Dated to Khordad 1402 because Chaharmahal 9.90 + official 1403 growth 0.37 = official 10.27, and it was published before any Khordad 1404 papers could be graded.",2,Namnak; Shargh,mean,,current
Academic year 1398-99 (Farhikhtegan label; exam session Khordad 1398 vs 1399 not stated),12,"theoretical fields combined (chart 3, Farhikhtegan)",KHZ,خوزستان,10.93,"Farhikhtegan chart, reproduced by Rokna 2024-07-25 (Tabnak 2024-07-25 quotes the same text and the Ministry map for 1402)",province,https://www.rokna.net/%D8%A8%D8%AE%D8%B4-%D8%A7%D8%AE%D8%A8%D8%A7%D8%B1-%D8%A7%D8%AC%D8%AA%D9%85%D8%A7%D8%B9%DB%8C-95/1022156,2026-10-01,false,"Chart image read by eye (bars labelled to 2 decimals). Text confirms best = Khorasan-e-Jonubi 14.43, Yazd, Isfahan; worst = Khuzestan, West Azerbaijan, Sistan. Same series gives about 14 points in the best province vs about 11 in the worst; national 1398 field means in final_exam_national.csv (13.77/13.28/10.76) are consistent in level. Rokna and Tabnak are both reposts of one Farhikhtegan graphic, so n_sources counts the origin once.",1,"Farhikhtegan (via Rokna, Tabnak)",mean,,current
Academic year 1398-99 (Farhikhtegan label; exam session Khordad 1398 vs 1399 not stated),12,"theoretical fields combined (chart 3, Farhikhtegan)",AZG,آذربایجان غربی,11.27,"Farhikhtegan chart, reproduced by Rokna 2024-07-25 (Tabnak 2024-07-25 quotes the same text and the Ministry map for 1402)",province,https://www.rokna.net/%D8%A8%D8%AE%D8%B4-%D8%A7%D8%AE%D8%A8%D8%A7%D8%B1-%D8%A7%D8%AC%D8%AA%D9%85%D8%A7%D8%B9%DB%8C-95/1022156,2026-10-01,false,"Chart image read by eye (bars labelled to 2 decimals). Text confirms best = Khorasan-e-Jonubi 14.43, Yazd, Isfahan; worst = Khuzestan, West Azerbaijan, Sistan. Same series gives about 14 points in the best province vs about 11 in the worst; national 1398 field means in final_exam_national.csv (13.77/13.28/10.76) are consistent in level. Rokna and Tabnak are both reposts of one Farhikhtegan graphic, so n_sources counts the origin once.",1,"Farhikhtegan (via Rokna, Tabnak)",mean,,current
Academic year 1398-99 (Farhikhtegan label; exam session Khordad 1398 vs 1399 not stated),12,"theoretical fields combined (chart 3, Farhikhtegan)",SBL,سیستان و بلوچستان,11.4,"Farhikhtegan chart, reproduced by Rokna 2024-07-25 (Tabnak 2024-07-25 quotes the same text and the Ministry map for 1402)",province,https://www.rokna.net/%D8%A8%D8%AE%D8%B4-%D8%A7%D8%AE%D8%A8%D8%A7%D8%B1-%D8%A7%D8%AC%D8%AA%D9%85%D8%A7%D8%B9%DB%8C-95/1022156,2026-10-01,false,"Chart image read by eye (bars labelled to 2 decimals). Text confirms best = Khorasan-e-Jonubi 14.43, Yazd, Isfahan; worst = Khuzestan, West Azerbaijan, Sistan. Same series gives about 14 points in the best province vs about 11 in the worst; national 1398 field means in final_exam_national.csv (13.77/13.28/10.76) are consistent in level. Rokna and Tabnak are both reposts of one Farhikhtegan graphic, so n_sources counts the origin once.",1,"Farhikhtegan (via Rokna, Tabnak)",mean,,current
Academic year 1398-99 (Farhikhtegan label; exam session Khordad 1398 vs 1399 not stated),12,"theoretical fields combined (chart 3, Farhikhtegan)",LRS,لرستان,11.74,"Farhikhtegan chart, reproduced by Rokna 2024-07-25 (Tabnak 2024-07-25 quotes the same text and the Ministry map for 1402)",province,https://www.rokna.net/%D8%A8%D8%AE%D8%B4-%D8%A7%D8%AE%D8%A8%D8%A7%D8%B1-%D8%A7%D8%AC%D8%AA%D9%85%D8%A7%D8%B9%DB%8C-95/1022156,2026-10-01,false,"Chart image read by eye (bars labelled to 2 decimals). Text confirms best = Khorasan-e-Jonubi 14.43, Yazd, Isfahan; worst = Khuzestan, West Azerbaijan, Sistan. Same series gives about 14 points in the best province vs about 11 in the worst; national 1398 field means in final_exam_national.csv (13.77/13.28/10.76) are consistent in level. Rokna and Tabnak are both reposts of one Farhikhtegan graphic, so n_sources counts the origin once.",1,"Farhikhtegan (via Rokna, Tabnak)",mean,,current
Academic year 1398-99 (Farhikhtegan label; exam session Khordad 1398 vs 1399 not stated),12,"theoretical fields combined (chart 3, Farhikhtegan)",ARD,اردبیل,11.78,"Farhikhtegan chart, reproduced by Rokna 2024-07-25 (Tabnak 2024-07-25 quotes the same text and the Ministry map for 1402)",province,https://www.rokna.net/%D8%A8%D8%AE%D8%B4-%D8%A7%D8%AE%D8%A8%D8%A7%D8%B1-%D8%A7%D8%AC%D8%AA%D9%85%D8%A7%D8%B9%DB%8C-95/1022156,2026-10-01,false,"Chart image read by eye (bars labelled to 2 decimals). Text confirms best = Khorasan-e-Jonubi 14.43, Yazd, Isfahan; worst = Khuzestan, West Azerbaijan, Sistan. Same series gives about 14 points in the best province vs about 11 in the worst; national 1398 field means in final_exam_national.csv (13.77/13.28/10.76) are consistent in level. Rokna and Tabnak are both reposts of one Farhikhtegan graphic, so n_sources counts the origin once.",1,"Farhikhtegan (via Rokna, Tabnak)",mean,,current
Academic year 1398-99 (Farhikhtegan label; exam session Khordad 1398 vs 1399 not stated),12,"theoretical fields combined (chart 3, Farhikhtegan)",KSH,کرمانشاه,11.8,"Farhikhtegan chart, reproduced by Rokna 2024-07-25 (Tabnak 2024-07-25 quotes the same text and the Ministry map for 1402)",province,https://www.rokna.net/%D8%A8%D8%AE%D8%B4-%D8%A7%D8%AE%D8%A8%D8%A7%D8%B1-%D8%A7%D8%AC%D8%AA%D9%85%D8%A7%D8%B9%DB%8C-95/1022156,2026-10-01,false,"Chart image read by eye (bars labelled to 2 decimals). Text confirms best = Khorasan-e-Jonubi 14.43, Yazd, Isfahan; worst = Khuzestan, West Azerbaijan, Sistan. Same series gives about 14 points in the best province vs about 11 in the worst; national 1398 field means in final_exam_national.csv (13.77/13.28/10.76) are consistent in level. Rokna and Tabnak are both reposts of one Farhikhtegan graphic, so n_sources counts the origin once.",1,"Farhikhtegan (via Rokna, Tabnak)",mean,,current
Academic year 1398-99 (Farhikhtegan label; exam session Khordad 1398 vs 1399 not stated),12,"theoretical fields combined (chart 3, Farhikhtegan)",KBA,کهگیلویه و بویراحمد,11.89,"Farhikhtegan chart, reproduced by Rokna 2024-07-25 (Tabnak 2024-07-25 quotes the same text and the Ministry map for 1402)",province,https://www.rokna.net/%D8%A8%D8%AE%D8%B4-%D8%A7%D8%AE%D8%A8%D8%A7%D8%B1-%D8%A7%D8%AC%D8%AA%D9%85%D8%A7%D8%B9%DB%8C-95/1022156,2026-10-01,false,"Chart image read by eye (bars labelled to 2 decimals). Text confirms best = Khorasan-e-Jonubi 14.43, Yazd, Isfahan; worst = Khuzestan, West Azerbaijan, Sistan. Same series gives about 14 points in the best province vs about 11 in the worst; national 1398 field means in final_exam_national.csv (13.77/13.28/10.76) are consistent in level. Rokna and Tabnak are both reposts of one Farhikhtegan graphic, so n_sources counts the origin once.",1,"Farhikhtegan (via Rokna, Tabnak)",mean,,current
Academic year 1398-99 (Farhikhtegan label; exam session Khordad 1398 vs 1399 not stated),12,"theoretical fields combined (chart 3, Farhikhtegan)",GIL,گیلان,11.99,"Farhikhtegan chart, reproduced by Rokna 2024-07-25 (Tabnak 2024-07-25 quotes the same text and the Ministry map for 1402)",province,https://www.rokna.net/%D8%A8%D8%AE%D8%B4-%D8%A7%D8%AE%D8%A8%D8%A7%D8%B1-%D8%A7%D8%AC%D8%AA%D9%85%D8%A7%D8%B9%DB%8C-95/1022156,2026-10-01,false,"Chart image read by eye (bars labelled to 2 decimals). Text confirms best = Khorasan-e-Jonubi 14.43, Yazd, Isfahan; worst = Khuzestan, West Azerbaijan, Sistan. Same series gives about 14 points in the best province vs about 11 in the worst; national 1398 field means in final_exam_national.csv (13.77/13.28/10.76) are consistent in level. Rokna and Tabnak are both reposts of one Farhikhtegan graphic, so n_sources counts the origin once.",1,"Farhikhtegan (via Rokna, Tabnak)",mean,,current
Academic year 1398-99 (Farhikhtegan label; exam session Khordad 1398 vs 1399 not stated),12,"theoretical fields combined (chart 3, Farhikhtegan)",HRM,هرمزگان,12.16,"Farhikhtegan chart, reproduced by Rokna 2024-07-25 (Tabnak 2024-07-25 quotes the same text and the Ministry map for 1402)",province,https://www.rokna.net/%D8%A8%D8%AE%D8%B4-%D8%A7%D8%AE%D8%A8%D8%A7%D8%B1-%D8%A7%D8%AC%D8%AA%D9%85%D8%A7%D8%B9%DB%8C-95/1022156,2026-10-01,false,"Chart image read by eye (bars labelled to 2 decimals). Text confirms best = Khorasan-e-Jonubi 14.43, Yazd, Isfahan; worst = Khuzestan, West Azerbaijan, Sistan. Same series gives about 14 points in the best province vs about 11 in the worst; national 1398 field means in final_exam_national.csv (13.77/13.28/10.76) are consistent in level. Rokna and Tabnak are both reposts of one Farhikhtegan graphic, so n_sources counts the origin once.",1,"Farhikhtegan (via Rokna, Tabnak)",mean,,current
Academic year 1398-99 (Farhikhtegan label; exam session Khordad 1398 vs 1399 not stated),12,"theoretical fields combined (chart 3, Farhikhtegan)",ZNJ,زنجان,12.17,"Farhikhtegan chart, reproduced by Rokna 2024-07-25 (Tabnak 2024-07-25 quotes the same text and the Ministry map for 1402)",province,https://www.rokna.net/%D8%A8%D8%AE%D8%B4-%D8%A7%D8%AE%D8%A8%D8%A7%D8%B1-%D8%A7%D8%AC%D8%AA%D9%85%D8%A7%D8%B9%DB%8C-95/1022156,2026-10-01,false,"Chart image read by eye (bars labelled to 2 decimals). Text confirms best = Khorasan-e-Jonubi 14.43, Yazd, Isfahan; worst = Khuzestan, West Azerbaijan, Sistan. Same series gives about 14 points in the best province vs about 11 in the worst; national 1398 field means in final_exam_national.csv (13.77/13.28/10.76) are consistent in level. Rokna and Tabnak are both reposts of one Farhikhtegan graphic, so n_sources counts the origin once.",1,"Farhikhtegan (via Rokna, Tabnak)",mean,,current
Academic year 1398-99 (Farhikhtegan label; exam session Khordad 1398 vs 1399 not stated),12,"theoretical fields combined (chart 3, Farhikhtegan)",HMD,همدان,12.2,"Farhikhtegan chart, reproduced by Rokna 2024-07-25 (Tabnak 2024-07-25 quotes the same text and the Ministry map for 1402)",province,https://www.rokna.net/%D8%A8%D8%AE%D8%B4-%D8%A7%D8%AE%D8%A8%D8%A7%D8%B1-%D8%A7%D8%AC%D8%AA%D9%85%D8%A7%D8%B9%DB%8C-95/1022156,2026-10-01,false,"Chart image read by eye (bars labelled to 2 decimals). Text confirms best = Khorasan-e-Jonubi 14.43, Yazd, Isfahan; worst = Khuzestan, West Azerbaijan, Sistan. Same series gives about 14 points in the best province vs about 11 in the worst; national 1398 field means in final_exam_national.csv (13.77/13.28/10.76) are consistent in level. Rokna and Tabnak are both reposts of one Farhikhtegan graphic, so n_sources counts the origin once.",1,"Farhikhtegan (via Rokna, Tabnak)",mean,,current
Academic year 1398-99 (Farhikhtegan label; exam session Khordad 1398 vs 1399 not stated),12,"theoretical fields combined (chart 3, Farhikhtegan)",KRM,کرمان,12.21,"Farhikhtegan chart, reproduced by Rokna 2024-07-25 (Tabnak 2024-07-25 quotes the same text and the Ministry map for 1402)",province,https://www.rokna.net/%D8%A8%D8%AE%D8%B4-%D8%A7%D8%AE%D8%A8%D8%A7%D8%B1-%D8%A7%D8%AC%D8%AA%D9%85%D8%A7%D8%B9%DB%8C-95/1022156,2026-10-01,false,"Chart image read by eye (bars labelled to 2 decimals). Text confirms best = Khorasan-e-Jonubi 14.43, Yazd, Isfahan; worst = Khuzestan, West Azerbaijan, Sistan. Same series gives about 14 points in the best province vs about 11 in the worst; national 1398 field means in final_exam_national.csv (13.77/13.28/10.76) are consistent in level. Rokna and Tabnak are both reposts of one Farhikhtegan graphic, so n_sources counts the origin once.",1,"Farhikhtegan (via Rokna, Tabnak)",mean,,current
Academic year 1398-99 (Farhikhtegan label; exam session Khordad 1398 vs 1399 not stated),12,"theoretical fields combined (chart 3, Farhikhtegan)",KRD,کردستان,12.26,"Farhikhtegan chart, reproduced by Rokna 2024-07-25 (Tabnak 2024-07-25 quotes the same text and the Ministry map for 1402)",province,https://www.rokna.net/%D8%A8%D8%AE%D8%B4-%D8%A7%D8%AE%D8%A8%D8%A7%D8%B1-%D8%A7%D8%AC%D8%AA%D9%85%D8%A7%D8%B9%DB%8C-95/1022156,2026-10-01,false,"Chart image read by eye (bars labelled to 2 decimals). Text confirms best = Khorasan-e-Jonubi 14.43, Yazd, Isfahan; worst = Khuzestan, West Azerbaijan, Sistan. Same series gives about 14 points in the best province vs about 11 in the worst; national 1398 field means in final_exam_national.csv (13.77/13.28/10.76) are consistent in level. Rokna and Tabnak are both reposts of one Farhikhtegan graphic, so n_sources counts the origin once.",1,"Farhikhtegan (via Rokna, Tabnak)",mean,,current
Academic year 1398-99 (Farhikhtegan label; exam session Khordad 1398 vs 1399 not stated),12,"theoretical fields combined (chart 3, Farhikhtegan)",KHS,خراسان شمالی,12.26,"Farhikhtegan chart, reproduced by Rokna 2024-07-25 (Tabnak 2024-07-25 quotes the same text and the Ministry map for 1402)",province,https://www.rokna.net/%D8%A8%D8%AE%D8%B4-%D8%A7%D8%AE%D8%A8%D8%A7%D8%B1-%D8%A7%D8%AC%D8%AA%D9%85%D8%A7%D8%B9%DB%8C-95/1022156,2026-10-01,false,"Chart image read by eye (bars labelled to 2 decimals). Text confirms best = Khorasan-e-Jonubi 14.43, Yazd, Isfahan; worst = Khuzestan, West Azerbaijan, Sistan. Same series gives about 14 points in the best province vs about 11 in the worst; national 1398 field means in final_exam_national.csv (13.77/13.28/10.76) are consistent in level. Rokna and Tabnak are both reposts of one Farhikhtegan graphic, so n_sources counts the origin once.",1,"Farhikhtegan (via Rokna, Tabnak)",mean,,current
Academic year 1398-99 (Farhikhtegan label; exam session Khordad 1398 vs 1399 not stated),12,"theoretical fields combined (chart 3, Farhikhtegan)",BSH,بوشهر,12.26,"Farhikhtegan chart, reproduced by Rokna 2024-07-25 (Tabnak 2024-07-25 quotes the same text and the Ministry map for 1402)",province,https://www.rokna.net/%D8%A8%D8%AE%D8%B4-%D8%A7%D8%AE%D8%A8%D8%A7%D8%B1-%D8%A7%D8%AC%D8%AA%D9%85%D8%A7%D8%B9%DB%8C-95/1022156,2026-10-01,false,"Chart image read by eye (bars labelled to 2 decimals). Text confirms best = Khorasan-e-Jonubi 14.43, Yazd, Isfahan; worst = Khuzestan, West Azerbaijan, Sistan. Same series gives about 14 points in the best province vs about 11 in the worst; national 1398 field means in final_exam_national.csv (13.77/13.28/10.76) are consistent in level. Rokna and Tabnak are both reposts of one Farhikhtegan graphic, so n_sources counts the origin once.",1,"Farhikhtegan (via Rokna, Tabnak)",mean,,current
Academic year 1398-99 (Farhikhtegan label; exam session Khordad 1398 vs 1399 not stated),12,"theoretical fields combined (chart 3, Farhikhtegan)",FRS,فارس,12.43,"Farhikhtegan chart, reproduced by Rokna 2024-07-25 (Tabnak 2024-07-25 quotes the same text and the Ministry map for 1402)",province,https://www.rokna.net/%D8%A8%D8%AE%D8%B4-%D8%A7%D8%AE%D8%A8%D8%A7%D8%B1-%D8%A7%D8%AC%D8%AA%D9%85%D8%A7%D8%B9%DB%8C-95/1022156,2026-10-01,false,"Chart image read by eye (bars labelled to 2 decimals). Text confirms best = Khorasan-e-Jonubi 14.43, Yazd, Isfahan; worst = Khuzestan, West Azerbaijan, Sistan. Same series gives about 14 points in the best province vs about 11 in the worst; national 1398 field means in final_exam_national.csv (13.77/13.28/10.76) are consistent in level. Rokna and Tabnak are both reposts of one Farhikhtegan graphic, so n_sources counts the origin once.",1,"Farhikhtegan (via Rokna, Tabnak)",mean,,current
Academic year 1398-99 (Farhikhtegan label; exam session Khordad 1398 vs 1399 not stated),12,"theoretical fields combined (chart 3, Farhikhtegan)",ILM,ایلام,12.48,"Farhikhtegan chart, reproduced by Rokna 2024-07-25 (Tabnak 2024-07-25 quotes the same text and the Ministry map for 1402)",province,https://www.rokna.net/%D8%A8%D8%AE%D8%B4-%D8%A7%D8%AE%D8%A8%D8%A7%D8%B1-%D8%A7%D8%AC%D8%AA%D9%85%D8%A7%D8%B9%DB%8C-95/1022156,2026-10-01,false,"Chart image read by eye (bars labelled to 2 decimals). Text confirms best = Khorasan-e-Jonubi 14.43, Yazd, Isfahan; worst = Khuzestan, West Azerbaijan, Sistan. Same series gives about 14 points in the best province vs about 11 in the worst; national 1398 field means in final_exam_national.csv (13.77/13.28/10.76) are consistent in level. Rokna and Tabnak are both reposts of one Farhikhtegan graphic, so n_sources counts the origin once.",1,"Farhikhtegan (via Rokna, Tabnak)",mean,,current
Academic year 1398-99 (Farhikhtegan label; exam session Khordad 1398 vs 1399 not stated),12,"theoretical fields combined (chart 3, Farhikhtegan)",AZS,آذربایجان شرقی,12.56,"Farhikhtegan chart, reproduced by Rokna 2024-07-25 (Tabnak 2024-07-25 quotes the same text and the Ministry map for 1402)",province,https://www.rokna.net/%D8%A8%D8%AE%D8%B4-%D8%A7%D8%AE%D8%A8%D8%A7%D8%B1-%D8%A7%D8%AC%D8%AA%D9%85%D8%A7%D8%B9%DB%8C-95/1022156,2026-10-01,false,"Chart image read by eye (bars labelled to 2 decimals). Text confirms best = Khorasan-e-Jonubi 14.43, Yazd, Isfahan; worst = Khuzestan, West Azerbaijan, Sistan. Same series gives about 14 points in the best province vs about 11 in the worst; national 1398 field means in final_exam_national.csv (13.77/13.28/10.76) are consistent in level. Rokna and Tabnak are both reposts of one Farhikhtegan graphic, so n_sources counts the origin once.",1,"Farhikhtegan (via Rokna, Tabnak)",mean,,current
Academic year 1398-99 (Farhikhtegan label; exam session Khordad 1398 vs 1399 not stated),12,"theoretical fields combined (chart 3, Farhikhtegan)",ALB,البرز,12.67,"Farhikhtegan chart, reproduced by Rokna 2024-07-25 (Tabnak 2024-07-25 quotes the same text and the Ministry map for 1402)",province,https://www.rokna.net/%D8%A8%D8%AE%D8%B4-%D8%A7%D8%AE%D8%A8%D8%A7%D8%B1-%D8%A7%D8%AC%D8%AA%D9%85%D8%A7%D8%B9%DB%8C-95/1022156,2026-10-01,false,"Chart image read by eye (bars labelled to 2 decimals). Text confirms best = Khorasan-e-Jonubi 14.43, Yazd, Isfahan; worst = Khuzestan, West Azerbaijan, Sistan. Same series gives about 14 points in the best province vs about 11 in the worst; national 1398 field means in final_exam_national.csv (13.77/13.28/10.76) are consistent in level. Rokna and Tabnak are both reposts of one Farhikhtegan graphic, so n_sources counts the origin once.",1,"Farhikhtegan (via Rokna, Tabnak)",mean,,current
Academic year 1398-99 (Farhikhtegan label; exam session Khordad 1398 vs 1399 not stated),12,"theoretical fields combined (chart 3, Farhikhtegan)",CHB,چهارمحال و بختیاری,12.71,"Farhikhtegan chart, reproduced by Rokna 2024-07-25 (Tabnak 2024-07-25 quotes the same text and the Ministry map for 1402)",province,https://www.rokna.net/%D8%A8%D8%AE%D8%B4-%D8%A7%D8%AE%D8%A8%D8%A7%D8%B1-%D8%A7%D8%AC%D8%AA%D9%85%D8%A7%D8%B9%DB%8C-95/1022156,2026-10-01,false,"Chart image read by eye (bars labelled to 2 decimals). Text confirms best = Khorasan-e-Jonubi 14.43, Yazd, Isfahan; worst = Khuzestan, West Azerbaijan, Sistan. Same series gives about 14 points in the best province vs about 11 in the worst; national 1398 field means in final_exam_national.csv (13.77/13.28/10.76) are consistent in level. Rokna and Tabnak are both reposts of one Farhikhtegan graphic, so n_sources counts the origin once.",1,"Farhikhtegan (via Rokna, Tabnak)",mean,,current
Academic year 1398-99 (Farhikhtegan label; exam session Khordad 1398 vs 1399 not stated),12,"theoretical fields combined (chart 3, Farhikhtegan)",GLS,گلستان,12.86,"Farhikhtegan chart, reproduced by Rokna 2024-07-25 (Tabnak 2024-07-25 quotes the same text and the Ministry map for 1402)",province,https://www.rokna.net/%D8%A8%D8%AE%D8%B4-%D8%A7%D8%AE%D8%A8%D8%A7%D8%B1-%D8%A7%D8%AC%D8%AA%D9%85%D8%A7%D8%B9%DB%8C-95/1022156,2026-10-01,false,"Chart image read by eye (bars labelled to 2 decimals). Text confirms best = Khorasan-e-Jonubi 14.43, Yazd, Isfahan; worst = Khuzestan, West Azerbaijan, Sistan. Same series gives about 14 points in the best province vs about 11 in the worst; national 1398 field means in final_exam_national.csv (13.77/13.28/10.76) are consistent in level. Rokna and Tabnak are both reposts of one Farhikhtegan graphic, so n_sources counts the origin once.",1,"Farhikhtegan (via Rokna, Tabnak)",mean,,current
Academic year 1398-99 (Farhikhtegan label; exam session Khordad 1398 vs 1399 not stated),12,"theoretical fields combined (chart 3, Farhikhtegan)",QZV,قزوین,12.94,"Farhikhtegan chart, reproduced by Rokna 2024-07-25 (Tabnak 2024-07-25 quotes the same text and the Ministry map for 1402)",province,https://www.rokna.net/%D8%A8%D8%AE%D8%B4-%D8%A7%D8%AE%D8%A8%D8%A7%D8%B1-%D8%A7%D8%AC%D8%AA%D9%85%D8%A7%D8%B9%DB%8C-95/1022156,2026-10-01,false,"Chart image read by eye (bars labelled to 2 decimals). Text confirms best = Khorasan-e-Jonubi 14.43, Yazd, Isfahan; worst = Khuzestan, West Azerbaijan, Sistan. Same series gives about 14 points in the best province vs about 11 in the worst; national 1398 field means in final_exam_national.csv (13.77/13.28/10.76) are consistent in level. Rokna and Tabnak are both reposts of one Farhikhtegan graphic, so n_sources counts the origin once.",1,"Farhikhtegan (via Rokna, Tabnak)",mean,,current
Academic year 1398-99 (Farhikhtegan label; exam session Khordad 1398 vs 1399 not stated),12,"theoretical fields combined (chart 3, Farhikhtegan)",MRK,مرکزی,13.24,"Farhikhtegan chart, reproduced by Rokna 2024-07-25 (Tabnak 2024-07-25 quotes the same text and the Ministry map for 1402)",province,https://www.rokna.net/%D8%A8%D8%AE%D8%B4-%D8%A7%D8%AE%D8%A8%D8%A7%D8%B1-%D8%A7%D8%AC%D8%AA%D9%85%D8%A7%D8%B9%DB%8C-95/1022156,2026-10-01,false,"Chart image read by eye (bars labelled to 2 decimals). Text confirms best = Khorasan-e-Jonubi 14.43, Yazd, Isfahan; worst = Khuzestan, West Azerbaijan, Sistan. Same series gives about 14 points in the best province vs about 11 in the worst; national 1398 field means in final_exam_national.csv (13.77/13.28/10.76) are consistent in level. Rokna and Tabnak are both reposts of one Farhikhtegan graphic, so n_sources counts the origin once.",1,"Farhikhtegan (via Rokna, Tabnak)",mean,,current
Academic year 1398-99 (Farhikhtegan label; exam session Khordad 1398 vs 1399 not stated),12,"theoretical fields combined (chart 3, Farhikhtegan)",KHR,خراسان رضوی,13.28,"Farhikhtegan chart, reproduced by Rokna 2024-07-25 (Tabnak 2024-07-25 quotes the same text and the Ministry map for 1402)",province,https://www.rokna.net/%D8%A8%D8%AE%D8%B4-%D8%A7%D8%AE%D8%A8%D8%A7%D8%B1-%D8%A7%D8%AC%D8%AA%D9%85%D8%A7%D8%B9%DB%8C-95/1022156,2026-10-01,false,"Chart image read by eye (bars labelled to 2 decimals). Text confirms best = Khorasan-e-Jonubi 14.43, Yazd, Isfahan; worst = Khuzestan, West Azerbaijan, Sistan. Same series gives about 14 points in the best province vs about 11 in the worst; national 1398 field means in final_exam_national.csv (13.77/13.28/10.76) are consistent in level. Rokna and Tabnak are both reposts of one Farhikhtegan graphic, so n_sources counts the origin once.",1,"Farhikhtegan (via Rokna, Tabnak)",mean,,current
Academic year 1398-99 (Farhikhtegan label; exam session Khordad 1398 vs 1399 not stated),12,"theoretical fields combined (chart 3, Farhikhtegan)",QOM,قم,13.41,"Farhikhtegan chart, reproduced by Rokna 2024-07-25 (Tabnak 2024-07-25 quotes the same text and the Ministry map for 1402)",province,https://www.rokna.net/%D8%A8%D8%AE%D8%B4-%D8%A7%D8%AE%D8%A8%D8%A7%D8%B1-%D8%A7%D8%AC%D8%AA%D9%85%D8%A7%D8%B9%DB%8C-95/1022156,2026-10-01,false,"Chart image read by eye (bars labelled to 2 decimals). Text confirms best = Khorasan-e-Jonubi 14.43, Yazd, Isfahan; worst = Khuzestan, West Azerbaijan, Sistan. Same series gives about 14 points in the best province vs about 11 in the worst; national 1398 field means in final_exam_national.csv (13.77/13.28/10.76) are consistent in level. Rokna and Tabnak are both reposts of one Farhikhtegan graphic, so n_sources counts the origin once.",1,"Farhikhtegan (via Rokna, Tabnak)",mean,,current
Academic year 1398-99 (Farhikhtegan label; exam session Khordad 1398 vs 1399 not stated),12,"theoretical fields combined (chart 3, Farhikhtegan)",MZN,مازندران,13.53,"Farhikhtegan chart, reproduced by Rokna 2024-07-25 (Tabnak 2024-07-25 quotes the same text and the Ministry map for 1402)",province,https://www.rokna.net/%D8%A8%D8%AE%D8%B4-%D8%A7%D8%AE%D8%A8%D8%A7%D8%B1-%D8%A7%D8%AC%D8%AA%D9%85%D8%A7%D8%B9%DB%8C-95/1022156,2026-10-01,false,"Chart image read by eye (bars labelled to 2 decimals). Text confirms best = Khorasan-e-Jonubi 14.43, Yazd, Isfahan; worst = Khuzestan, West Azerbaijan, Sistan. Same series gives about 14 points in the best province vs about 11 in the worst; national 1398 field means in final_exam_national.csv (13.77/13.28/10.76) are consistent in level. Rokna and Tabnak are both reposts of one Farhikhtegan graphic, so n_sources counts the origin once.",1,"Farhikhtegan (via Rokna, Tabnak)",mean,,current
Academic year 1398-99 (Farhikhtegan label; exam session Khordad 1398 vs 1399 not stated),12,"theoretical fields combined (chart 3, Farhikhtegan)",THR,تهران,13.58,"Farhikhtegan chart, reproduced by Rokna 2024-07-25 (Tabnak 2024-07-25 quotes the same text and the Ministry map for 1402)",province,https://www.rokna.net/%D8%A8%D8%AE%D8%B4-%D8%A7%D8%AE%D8%A8%D8%A7%D8%B1-%D8%A7%D8%AC%D8%AA%D9%85%D8%A7%D8%B9%DB%8C-95/1022156,2026-10-01,false,"Chart image read by eye (bars labelled to 2 decimals). Text confirms best = Khorasan-e-Jonubi 14.43, Yazd, Isfahan; worst = Khuzestan, West Azerbaijan, Sistan. Same series gives about 14 points in the best province vs about 11 in the worst; national 1398 field means in final_exam_national.csv (13.77/13.28/10.76) are consistent in level. Rokna and Tabnak are both reposts of one Farhikhtegan graphic, so n_sources counts the origin once.",1,"Farhikhtegan (via Rokna, Tabnak)",mean,,current
Academic year 1398-99 (Farhikhtegan label; exam session Khordad 1398 vs 1399 not stated),12,"theoretical fields combined (chart 3, Farhikhtegan)",SMN,سمنان,13.71,"Farhikhtegan chart, reproduced by Rokna 2024-07-25 (Tabnak 2024-07-25 quotes the same text and the Ministry map for 1402)",province,https://www.rokna.net/%D8%A8%D8%AE%D8%B4-%D8%A7%D8%AE%D8%A8%D8%A7%D8%B1-%D8%A7%D8%AC%D8%AA%D9%85%D8%A7%D8%B9%DB%8C-95/1022156,2026-10-01,false,"Chart image read by eye (bars labelled to 2 decimals). Text confirms best = Khorasan-e-Jonubi 14.43, Yazd, Isfahan; worst = Khuzestan, West Azerbaijan, Sistan. Same series gives about 14 points in the best province vs about 11 in the worst; national 1398 field means in final_exam_national.csv (13.77/13.28/10.76) are consistent in level. Rokna and Tabnak are both reposts of one Farhikhtegan graphic, so n_sources counts the origin once.",1,"Farhikhtegan (via Rokna, Tabnak)",mean,,current
Academic year 1398-99 (Farhikhtegan label; exam session Khordad 1398 vs 1399 not stated),12,"theoretical fields combined (chart 3, Farhikhtegan)",ISF,اصفهان,13.73,"Farhikhtegan chart, reproduced by Rokna 2024-07-25 (Tabnak 2024-07-25 quotes the same text and the Ministry map for 1402)",province,https://www.rokna.net/%D8%A8%D8%AE%D8%B4-%D8%A7%D8%AE%D8%A8%D8%A7%D8%B1-%D8%A7%D8%AC%D8%AA%D9%85%D8%A7%D8%B9%DB%8C-95/1022156,2026-10-01,false,"Chart image read by eye (bars labelled to 2 decimals). Text confirms best = Khorasan-e-Jonubi 14.43, Yazd, Isfahan; worst = Khuzestan, West Azerbaijan, Sistan. Same series gives about 14 points in the best province vs about 11 in the worst; national 1398 field means in final_exam_national.csv (13.77/13.28/10.76) are consistent in level. Rokna and Tabnak are both reposts of one Farhikhtegan graphic, so n_sources counts the origin once.",1,"Farhikhtegan (via Rokna, Tabnak)",mean,,current
Academic year 1398-99 (Farhikhtegan label; exam session Khordad 1398 vs 1399 not stated),12,"theoretical fields combined (chart 3, Farhikhtegan)",YZD,یزد,14.32,"Farhikhtegan chart, reproduced by Rokna 2024-07-25 (Tabnak 2024-07-25 quotes the same text and the Ministry map for 1402)",province,https://www.rokna.net/%D8%A8%D8%AE%D8%B4-%D8%A7%D8%AE%D8%A8%D8%A7%D8%B1-%D8%A7%D8%AC%D8%AA%D9%85%D8%A7%D8%B9%DB%8C-95/1022156,2026-10-01,false,"Chart image read by eye (bars labelled to 2 decimals). Text confirms best = Khorasan-e-Jonubi 14.43, Yazd, Isfahan; worst = Khuzestan, West Azerbaijan, Sistan. Same series gives about 14 points in the best province vs about 11 in the worst; national 1398 field means in final_exam_national.csv (13.77/13.28/10.76) are consistent in level. Rokna and Tabnak are both reposts of one Farhikhtegan graphic, so n_sources counts the origin once.",1,"Farhikhtegan (via Rokna, Tabnak)",mean,,current
Academic year 1398-99 (Farhikhtegan label; exam session Khordad 1398 vs 1399 not stated),12,"theoretical fields combined (chart 3, Farhikhtegan)",KHJ,خراسان جنوبی,14.43,"Farhikhtegan chart, reproduced by Rokna 2024-07-25 (Tabnak 2024-07-25 quotes the same text and the Ministry map for 1402)",province,https://www.rokna.net/%D8%A8%D8%AE%D8%B4-%D8%A7%D8%AE%D8%A8%D8%A7%D8%B1-%D8%A7%D8%AC%D8%AA%D9%85%D8%A7%D8%B9%DB%8C-95/1022156,2026-10-01,false,"Chart image read by eye (bars labelled to 2 decimals). Text confirms best = Khorasan-e-Jonubi 14.43, Yazd, Isfahan; worst = Khuzestan, West Azerbaijan, Sistan. Same series gives about 14 points in the best province vs about 11 in the worst; national 1398 field means in final_exam_national.csv (13.77/13.28/10.76) are consistent in level. Rokna and Tabnak are both reposts of one Farhikhtegan graphic, so n_sources counts the origin once.",1,"Farhikhtegan (via Rokna, Tabnak)",mean,,current
Khordad 1402 (June 2023),12,all theoretical fields (Ministry map bands),SBL,سیستان و بلوچستان,,"Ministry of Education map ""Khordad 1402"", reproduced by Farhikhtegan (image) and quoted in text by Sobhesahel (citing the Ministry) and Tabnak",province,https://sobhesahel.com/news/104493/,2026-10-01,true,"Band 7-8 read from the Ministry map legend (colour). Provinces named by Sobhesahel as 8-9 and 9-10 match this assignment exactly; every press-table value falls inside its band. Band edges only, not a mean.",3,Ministry map via Farhikhtegan/Rokna; Sobhesahel text; Tabnak text,band:7-8,,current
Khordad 1402 (June 2023),12,all theoretical fields (Ministry map bands),AZG,آذربایجان غربی,,"Ministry of Education map ""Khordad 1402"", reproduced by Farhikhtegan (image) and quoted in text by Sobhesahel (citing the Ministry) and Tabnak",province,https://sobhesahel.com/news/104493/,2026-10-01,true,"Band 8-9 read from the Ministry map legend (colour). Provinces named by Sobhesahel as 8-9 and 9-10 match this assignment exactly; every press-table value falls inside its band. Band edges only, not a mean.",3,Ministry map via Farhikhtegan/Rokna; Sobhesahel text; Tabnak text,band:8-9,,current
Khordad 1402 (June 2023),12,all theoretical fields (Ministry map bands),KHZ,خوزستان,,"Ministry of Education map ""Khordad 1402"", reproduced by Farhikhtegan (image) and quoted in text by Sobhesahel (citing the Ministry) and Tabnak",province,https://sobhesahel.com/news/104493/,2026-10-01,true,"Band 8-9 read from the Ministry map legend (colour). Provinces named by Sobhesahel as 8-9 and 9-10 match this assignment exactly; every press-table value falls inside its band. Band edges only, not a mean.",3,Ministry map via Farhikhtegan/Rokna; Sobhesahel text; Tabnak text,band:8-9,,current
Khordad 1402 (June 2023),12,all theoretical fields (Ministry map bands),KBA,کهگیلویه و بویراحمد,,"Ministry of Education map ""Khordad 1402"", reproduced by Farhikhtegan (image) and quoted in text by Sobhesahel (citing the Ministry) and Tabnak",province,https://sobhesahel.com/news/104493/,2026-10-01,true,"Band 8-9 read from the Ministry map legend (colour). Provinces named by Sobhesahel as 8-9 and 9-10 match this assignment exactly; every press-table value falls inside its band. Band edges only, not a mean.",3,Ministry map via Farhikhtegan/Rokna; Sobhesahel text; Tabnak text,band:8-9,,current
Khordad 1402 (June 2023),12,all theoretical fields (Ministry map bands),HRM,هرمزگان,,"Ministry of Education map ""Khordad 1402"", reproduced by Farhikhtegan (image) and quoted in text by Sobhesahel (citing the Ministry) and Tabnak",province,https://sobhesahel.com/news/104493/,2026-10-01,true,"Band 8-9 read from the Ministry map legend (colour). Provinces named by Sobhesahel as 8-9 and 9-10 match this assignment exactly; every press-table value falls inside its band. Band edges only, not a mean.",3,Ministry map via Farhikhtegan/Rokna; Sobhesahel text; Tabnak text,band:8-9,,current
Khordad 1402 (June 2023),12,all theoretical fields (Ministry map bands),ARD,اردبیل,,"Ministry of Education map ""Khordad 1402"", reproduced by Farhikhtegan (image) and quoted in text by Sobhesahel (citing the Ministry) and Tabnak",province,https://sobhesahel.com/news/104493/,2026-10-01,true,"Band 9-10 read from the Ministry map legend (colour). Provinces named by Sobhesahel as 8-9 and 9-10 match this assignment exactly; every press-table value falls inside its band. Band edges only, not a mean.",3,Ministry map via Farhikhtegan/Rokna; Sobhesahel text; Tabnak text,band:9-10,,current
Khordad 1402 (June 2023),12,all theoretical fields (Ministry map bands),GIL,گیلان,,"Ministry of Education map ""Khordad 1402"", reproduced by Farhikhtegan (image) and quoted in text by Sobhesahel (citing the Ministry) and Tabnak",province,https://sobhesahel.com/news/104493/,2026-10-01,true,"Band 9-10 read from the Ministry map legend (colour). Provinces named by Sobhesahel as 8-9 and 9-10 match this assignment exactly; every press-table value falls inside its band. Band edges only, not a mean.",3,Ministry map via Farhikhtegan/Rokna; Sobhesahel text; Tabnak text,band:9-10,,current
Khordad 1402 (June 2023),12,all theoretical fields (Ministry map bands),GLS,گلستان,,"Ministry of Education map ""Khordad 1402"", reproduced by Farhikhtegan (image) and quoted in text by Sobhesahel (citing the Ministry) and Tabnak",province,https://sobhesahel.com/news/104493/,2026-10-01,true,"Band 9-10 read from the Ministry map legend (colour). Provinces named by Sobhesahel as 8-9 and 9-10 match this assignment exactly; every press-table value falls inside its band. Band edges only, not a mean.",3,Ministry map via Farhikhtegan/Rokna; Sobhesahel text; Tabnak text,band:9-10,,current
Khordad 1402 (June 2023),12,all theoretical fields (Ministry map bands),KHS,خراسان شمالی,,"Ministry of Education map ""Khordad 1402"", reproduced by Farhikhtegan (image) and quoted in text by Sobhesahel (citing the Ministry) and Tabnak",province,https://sobhesahel.com/news/104493/,2026-10-01,true,"Band 9-10 read from the Ministry map legend (colour). Provinces named by Sobhesahel as 8-9 and 9-10 match this assignment exactly; every press-table value falls inside its band. Band edges only, not a mean.",3,Ministry map via Farhikhtegan/Rokna; Sobhesahel text; Tabnak text,band:9-10,,current
Khordad 1402 (June 2023),12,all theoretical fields (Ministry map bands),KRD,کردستان,,"Ministry of Education map ""Khordad 1402"", reproduced by Farhikhtegan (image) and quoted in text by Sobhesahel (citing the Ministry) and Tabnak",province,https://sobhesahel.com/news/104493/,2026-10-01,true,"Band 9-10 read from the Ministry map legend (colour). Provinces named by Sobhesahel as 8-9 and 9-10 match this assignment exactly; every press-table value falls inside its band. Band edges only, not a mean.",3,Ministry map via Farhikhtegan/Rokna; Sobhesahel text; Tabnak text,band:9-10,,current
Khordad 1402 (June 2023),12,all theoretical fields (Ministry map bands),KSH,کرمانشاه,,"Ministry of Education map ""Khordad 1402"", reproduced by Farhikhtegan (image) and quoted in text by Sobhesahel (citing the Ministry) and Tabnak",province,https://sobhesahel.com/news/104493/,2026-10-01,true,"Band 9-10 read from the Ministry map legend (colour). Provinces named by Sobhesahel as 8-9 and 9-10 match this assignment exactly; every press-table value falls inside its band. Band edges only, not a mean.",3,Ministry map via Farhikhtegan/Rokna; Sobhesahel text; Tabnak text,band:9-10,,current
Khordad 1402 (June 2023),12,all theoretical fields (Ministry map bands),ILM,ایلام,,"Ministry of Education map ""Khordad 1402"", reproduced by Farhikhtegan (image) and quoted in text by Sobhesahel (citing the Ministry) and Tabnak",province,https://sobhesahel.com/news/104493/,2026-10-01,true,"Band 9-10 read from the Ministry map legend (colour). Provinces named by Sobhesahel as 8-9 and 9-10 match this assignment exactly; every press-table value falls inside its band. Band edges only, not a mean.",3,Ministry map via Farhikhtegan/Rokna; Sobhesahel text; Tabnak text,band:9-10,,current
Khordad 1402 (June 2023),12,all theoretical fields (Ministry map bands),LRS,لرستان,,"Ministry of Education map ""Khordad 1402"", reproduced by Farhikhtegan (image) and quoted in text by Sobhesahel (citing the Ministry) and Tabnak",province,https://sobhesahel.com/news/104493/,2026-10-01,true,"Band 9-10 read from the Ministry map legend (colour). Provinces named by Sobhesahel as 8-9 and 9-10 match this assignment exactly; every press-table value falls inside its band. Band edges only, not a mean.",3,Ministry map via Farhikhtegan/Rokna; Sobhesahel text; Tabnak text,band:9-10,,current
Khordad 1402 (June 2023),12,all theoretical fields (Ministry map bands),CHB,چهارمحال و بختیاری,,"Ministry of Education map ""Khordad 1402"", reproduced by Farhikhtegan (image) and quoted in text by Sobhesahel (citing the Ministry) and Tabnak",province,https://sobhesahel.com/news/104493/,2026-10-01,true,"Band 9-10 read from the Ministry map legend (colour). Provinces named by Sobhesahel as 8-9 and 9-10 match this assignment exactly; every press-table value falls inside its band. Band edges only, not a mean.",3,Ministry map via Farhikhtegan/Rokna; Sobhesahel text; Tabnak text,band:9-10,,current
Khordad 1402 (June 2023),12,all theoretical fields (Ministry map bands),FRS,فارس,,"Ministry of Education map ""Khordad 1402"", reproduced by Farhikhtegan (image) and quoted in text by Sobhesahel (citing the Ministry) and Tabnak",province,https://sobhesahel.com/news/104493/,2026-10-01,true,"Band 9-10 read from the Ministry map legend (colour). Provinces named by Sobhesahel as 8-9 and 9-10 match this assignment exactly; every press-table value falls inside its band. Band edges only, not a mean.",3,Ministry map via Farhikhtegan/Rokna; Sobhesahel text; Tabnak text,band:9-10,,current
Khordad 1402 (June 2023),12,all theoretical fields (Ministry map bands),BSH,بوشهر,,"Ministry of Education map ""Khordad 1402"", reproduced by Farhikhtegan (image) and quoted in text by Sobhesahel (citing the Ministry) and Tabnak",province,https://sobhesahel.com/news/104493/,2026-10-01,true,"Band 9-10 read from the Ministry map legend (colour). Provinces named by Sobhesahel as 8-9 and 9-10 match this assignment exactly; every press-table value falls inside its band. Band edges only, not a mean.",3,Ministry map via Farhikhtegan/Rokna; Sobhesahel text; Tabnak text,band:9-10,,current
Khordad 1402 (June 2023),12,all theoretical fields (Ministry map bands),KRM,کرمان,,"Ministry of Education map ""Khordad 1402"", reproduced by Farhikhtegan (image) and quoted in text by Sobhesahel (citing the Ministry) and Tabnak",province,https://sobhesahel.com/news/104493/,2026-10-01,true,"Band 9-10 read from the Ministry map legend (colour). Provinces named by Sobhesahel as 8-9 and 9-10 match this assignment exactly; every press-table value falls inside its band. Band edges only, not a mean.",3,Ministry map via Farhikhtegan/Rokna; Sobhesahel text; Tabnak text,band:9-10,,current
Khordad 1402 (June 2023),12,all theoretical fields (Ministry map bands),AZS,آذربایجان شرقی,,"Ministry of Education map ""Khordad 1402"", reproduced by Farhikhtegan (image) and quoted in text by Sobhesahel (citing the Ministry) and Tabnak",province,https://sobhesahel.com/news/104493/,2026-10-01,true,"Band 10-11 read from the Ministry map legend (colour). Provinces named by Sobhesahel as 8-9 and 9-10 match this assignment exactly; every press-table value falls inside its band. Band edges only, not a mean.",3,Ministry map via Farhikhtegan/Rokna; Sobhesahel text; Tabnak text,band:10-11,,current
Khordad 1402 (June 2023),12,all theoretical fields (Ministry map bands),ZNJ,زنجان,,"Ministry of Education map ""Khordad 1402"", reproduced by Farhikhtegan (image) and quoted in text by Sobhesahel (citing the Ministry) and Tabnak",province,https://sobhesahel.com/news/104493/,2026-10-01,true,"Band 10-11 read from the Ministry map legend (colour). Provinces named by Sobhesahel as 8-9 and 9-10 match this assignment exactly; every press-table value falls inside its band. Band edges only, not a mean.",3,Ministry map via Farhikhtegan/Rokna; Sobhesahel text; Tabnak text,band:10-11,,current
Khordad 1402 (June 2023),12,all theoretical fields (Ministry map bands),QZV,قزوین,,"Ministry of Education map ""Khordad 1402"", reproduced by Farhikhtegan (image) and quoted in text by Sobhesahel (citing the Ministry) and Tabnak",province,https://sobhesahel.com/news/104493/,2026-10-01,true,"Band 10-11 read from the Ministry map legend (colour). Provinces named by Sobhesahel as 8-9 and 9-10 match this assignment exactly; every press-table value falls inside its band. Band edges only, not a mean.",3,Ministry map via Farhikhtegan/Rokna; Sobhesahel text; Tabnak text,band:10-11,,current
Khordad 1402 (June 2023),12,all theoretical fields (Ministry map bands),ALB,البرز,,"Ministry of Education map ""Khordad 1402"", reproduced by Farhikhtegan (image) and quoted in text by Sobhesahel (citing the Ministry) and Tabnak",province,https://sobhesahel.com/news/104493/,2026-10-01,true,"Band 10-11 read from the Ministry map legend (colour). Provinces named by Sobhesahel as 8-9 and 9-10 match this assignment exactly; every press-table value falls inside its band. Band edges only, not a mean.",3,Ministry map via Farhikhtegan/Rokna; Sobhesahel text; Tabnak text,band:10-11,,current
Khordad 1402 (June 2023),12,all theoretical fields (Ministry map bands),THR,تهران,,"Ministry of Education map ""Khordad 1402"", reproduced by Farhikhtegan (image) and quoted in text by Sobhesahel (citing the Ministry) and Tabnak",province,https://sobhesahel.com/news/104493/,2026-10-01,true,"Band 10-11 read from the Ministry map legend (colour). Provinces named by Sobhesahel as 8-9 and 9-10 match this assignment exactly; every press-table value falls inside its band. Band edges only, not a mean.",3,Ministry map via Farhikhtegan/Rokna; Sobhesahel text; Tabnak text,band:10-11,,current
Khordad 1402 (June 2023),12,all theoretical fields (Ministry map bands),MZN,مازندران,,"Ministry of Education map ""Khordad 1402"", reproduced by Farhikhtegan (image) and quoted in text by Sobhesahel (citing the Ministry) and Tabnak",province,https://sobhesahel.com/news/104493/,2026-10-01,true,"Band 10-11 read from the Ministry map legend (colour). Provinces named by Sobhesahel as 8-9 and 9-10 match this assignment exactly; every press-table value falls inside its band. Band edges only, not a mean.",3,Ministry map via Farhikhtegan/Rokna; Sobhesahel text; Tabnak text,band:10-11,,current
Khordad 1402 (June 2023),12,all theoretical fields (Ministry map bands),HMD,همدان,,"Ministry of Education map ""Khordad 1402"", reproduced by Farhikhtegan (image) and quoted in text by Sobhesahel (citing the Ministry) and Tabnak",province,https://sobhesahel.com/news/104493/,2026-10-01,true,"Band 10-11 read from the Ministry map legend (colour). Provinces named by Sobhesahel as 8-9 and 9-10 match this assignment exactly; every press-table value falls inside its band. Band edges only, not a mean.",3,Ministry map via Farhikhtegan/Rokna; Sobhesahel text; Tabnak text,band:10-11,,current
Khordad 1402 (June 2023),12,all theoretical fields (Ministry map bands),MRK,مرکزی,,"Ministry of Education map ""Khordad 1402"", reproduced by Farhikhtegan (image) and quoted in text by Sobhesahel (citing the Ministry) and Tabnak",province,https://sobhesahel.com/news/104493/,2026-10-01,true,"Band 11-13 read from the Ministry map legend (colour). Provinces named by Sobhesahel as 8-9 and 9-10 match this assignment exactly; every press-table value falls inside its band. Band edges only, not a mean.",3,Ministry map via Farhikhtegan/Rokna; Sobhesahel text; Tabnak text,band:11-13,,current
Khordad 1402 (June 2023),12,all theoretical fields (Ministry map bands),QOM,قم,,"Ministry of Education map ""Khordad 1402"", reproduced by Farhikhtegan (image) and quoted in text by Sobhesahel (citing the Ministry) and Tabnak",province,https://sobhesahel.com/news/104493/,2026-10-01,true,"Band 11-13 read from the Ministry map legend (colour). Provinces named by Sobhesahel as 8-9 and 9-10 match this assignment exactly; every press-table value falls inside its band. Band edges only, not a mean.",3,Ministry map via Farhikhtegan/Rokna; Sobhesahel text; Tabnak text,band:11-13,,current
Khordad 1402 (June 2023),12,all theoretical fields (Ministry map bands),SMN,سمنان,,"Ministry of Education map ""Khordad 1402"", reproduced by Farhikhtegan (image) and quoted in text by Sobhesahel (citing the Ministry) and Tabnak",province,https://sobhesahel.com/news/104493/,2026-10-01,true,"Band 11-13 read from the Ministry map legend (colour). Provinces named by Sobhesahel as 8-9 and 9-10 match this assignment exactly; every press-table value falls inside its band. Band edges only, not a mean.",3,Ministry map via Farhikhtegan/Rokna; Sobhesahel text; Tabnak text,band:11-13,,current
Khordad 1402 (June 2023),12,all theoretical fields (Ministry map bands),KHR,خراسان رضوی,,"Ministry of Education map ""Khordad 1402"", reproduced by Farhikhtegan (image) and quoted in text by Sobhesahel (citing the Ministry) and Tabnak",province,https://sobhesahel.com/news/104493/,2026-10-01,true,"Band 11-13 read from the Ministry map legend (colour). Provinces named by Sobhesahel as 8-9 and 9-10 match this assignment exactly; every press-table value falls inside its band. Band edges only, not a mean.",3,Ministry map via Farhikhtegan/Rokna; Sobhesahel text; Tabnak text,band:11-13,,current
Khordad 1402 (June 2023),12,all theoretical fields (Ministry map bands),ISF,اصفهان,,"Ministry of Education map ""Khordad 1402"", reproduced by Farhikhtegan (image) and quoted in text by Sobhesahel (citing the Ministry) and Tabnak",province,https://sobhesahel.com/news/104493/,2026-10-01,true,"Band 11-13 read from the Ministry map legend (colour). Provinces named by Sobhesahel as 8-9 and 9-10 match this assignment exactly; every press-table value falls inside its band. Band edges only, not a mean.",3,Ministry map via Farhikhtegan/Rokna; Sobhesahel text; Tabnak text,band:11-13,,current
Khordad 1402 (June 2023),12,all theoretical fields (Ministry map bands),KHJ,خراسان جنوبی,,"Ministry of Education map ""Khordad 1402"", reproduced by Farhikhtegan (image) and quoted in text by Sobhesahel (citing the Ministry) and Tabnak",province,https://sobhesahel.com/news/104493/,2026-10-01,true,"Band 11-13 read from the Ministry map legend (colour). Provinces named by Sobhesahel as 8-9 and 9-10 match this assignment exactly; every press-table value falls inside its band. Band edges only, not a mean.",3,Ministry map via Farhikhtegan/Rokna; Sobhesahel text; Tabnak text,band:11-13,,current
Khordad 1402 (June 2023),12,all theoretical fields (Ministry map bands),YZD,یزد,,"Ministry of Education map ""Khordad 1402"", reproduced by Farhikhtegan (image) and quoted in text by Sobhesahel (citing the Ministry) and Tabnak",province,https://sobhesahel.com/news/104493/,2026-10-01,true,"Band 11-13 read from the Ministry map legend (colour). Provinces named by Sobhesahel as 8-9 and 9-10 match this assignment exactly; every press-table value falls inside its band. Band edges only, not a mean.",3,Ministry map via Farhikhtegan/Rokna; Sobhesahel text; Tabnak text,band:11-13,,current
Khordad 1403 (June 2024) minus Khordad 1402,12,"sum of theoretical fields, grade 12 (change in mean)",AZG,آذربایجان غربی,0.51,"Centre for Evaluation and Quality Assurance slide ""changes in provincial means 1403 vs 1402"", reproduced by Tabnak 2024-09-29 (image 1887579)",province,https://www.tabnak.ir/fa/news/1262531/,2026-10-01,true,"Official slide, values read by eye from a 954 px image (digits cross-checked against the colour legend). Independent official check: Chaharmahal 0.37 equals the provincial education director quote (IMNA 2024-11-29). Zarei said Yazd about +1, then Semnan, Mazandaran, Tehran about +0.5 and ""all provinces at least +0.5""; the slide shows Lorestan 0.38, Chaharmahal 0.37, Sistan 0.36 so ""all provinces +0.5"" is loose wording. Kermanshah (digit cut off) and Bushehr (illegible) not recorded. A second small label ""0.48"" for ""Tehran counties"" (excluding the city) is also on the slide.",1,Centre slide via Tabnak,delta_vs_prev_year,,current
Khordad 1403 (June 2024) minus Khordad 1402,12,"sum of theoretical fields, grade 12 (change in mean)",AZS,آذربایجان شرقی,0.42,"Centre for Evaluation and Quality Assurance slide ""changes in provincial means 1403 vs 1402"", reproduced by Tabnak 2024-09-29 (image 1887579)",province,https://www.tabnak.ir/fa/news/1262531/,2026-10-01,true,"Official slide, values read by eye from a 954 px image (digits cross-checked against the colour legend). Independent official check: Chaharmahal 0.37 equals the provincial education director quote (IMNA 2024-11-29). Zarei said Yazd about +1, then Semnan, Mazandaran, Tehran about +0.5 and ""all provinces at least +0.5""; the slide shows Lorestan 0.38, Chaharmahal 0.37, Sistan 0.36 so ""all provinces +0.5"" is loose wording. Kermanshah (digit cut off) and Bushehr (illegible) not recorded. A second small label ""0.48"" for ""Tehran counties"" (excluding the city) is also on the slide.",1,Centre slide via Tabnak,delta_vs_prev_year,,current
Khordad 1403 (June 2024) minus Khordad 1402,12,"sum of theoretical fields, grade 12 (change in mean)",ARD,اردبیل,0.45,"Centre for Evaluation and Quality Assurance slide ""changes in provincial means 1403 vs 1402"", reproduced by Tabnak 2024-09-29 (image 1887579)",province,https://www.tabnak.ir/fa/news/1262531/,2026-10-01,true,"Official slide, values read by eye from a 954 px image (digits cross-checked against the colour legend). Independent official check: Chaharmahal 0.37 equals the provincial education director quote (IMNA 2024-11-29). Zarei said Yazd about +1, then Semnan, Mazandaran, Tehran about +0.5 and ""all provinces at least +0.5""; the slide shows Lorestan 0.38, Chaharmahal 0.37, Sistan 0.36 so ""all provinces +0.5"" is loose wording. Kermanshah (digit cut off) and Bushehr (illegible) not recorded. A second small label ""0.48"" for ""Tehran counties"" (excluding the city) is also on the slide.",1,Centre slide via Tabnak,delta_vs_prev_year,,current
Khordad 1403 (June 2024) minus Khordad 1402,12,"sum of theoretical fields, grade 12 (change in mean)",GIL,گیلان,0.62,"Centre for Evaluation and Quality Assurance slide ""changes in provincial means 1403 vs 1402"", reproduced by Tabnak 2024-09-29 (image 1887579)",province,https://www.tabnak.ir/fa/news/1262531/,2026-10-01,true,"Official slide, values read by eye from a 954 px image (digits cross-checked against the colour legend). Independent official check: Chaharmahal 0.37 equals the provincial education director quote (IMNA 2024-11-29). Zarei said Yazd about +1, then Semnan, Mazandaran, Tehran about +0.5 and ""all provinces at least +0.5""; the slide shows Lorestan 0.38, Chaharmahal 0.37, Sistan 0.36 so ""all provinces +0.5"" is loose wording. Kermanshah (digit cut off) and Bushehr (illegible) not recorded. A second small label ""0.48"" for ""Tehran counties"" (excluding the city) is also on the slide.",1,Centre slide via Tabnak,delta_vs_prev_year,,current
Khordad 1403 (June 2024) minus Khordad 1402,12,"sum of theoretical fields, grade 12 (change in mean)",ZNJ,زنجان,0.78,"Centre for Evaluation and Quality Assurance slide ""changes in provincial means 1403 vs 1402"", reproduced by Tabnak 2024-09-29 (image 1887579)",province,https://www.tabnak.ir/fa/news/1262531/,2026-10-01,true,"Official slide, values read by eye from a 954 px image (digits cross-checked against the colour legend). Independent official check: Chaharmahal 0.37 equals the provincial education director quote (IMNA 2024-11-29). Zarei said Yazd about +1, then Semnan, Mazandaran, Tehran about +0.5 and ""all provinces at least +0.5""; the slide shows Lorestan 0.38, Chaharmahal 0.37, Sistan 0.36 so ""all provinces +0.5"" is loose wording. Kermanshah (digit cut off) and Bushehr (illegible) not recorded. A second small label ""0.48"" for ""Tehran counties"" (excluding the city) is also on the slide.",1,Centre slide via Tabnak,delta_vs_prev_year,,current
Khordad 1403 (June 2024) minus Khordad 1402,12,"sum of theoretical fields, grade 12 (change in mean)",QZV,قزوین,0.72,"Centre for Evaluation and Quality Assurance slide ""changes in provincial means 1403 vs 1402"", reproduced by Tabnak 2024-09-29 (image 1887579)",province,https://www.tabnak.ir/fa/news/1262531/,2026-10-01,true,"Official slide, values read by eye from a 954 px image (digits cross-checked against the colour legend). Independent official check: Chaharmahal 0.37 equals the provincial education director quote (IMNA 2024-11-29). Zarei said Yazd about +1, then Semnan, Mazandaran, Tehran about +0.5 and ""all provinces at least +0.5""; the slide shows Lorestan 0.38, Chaharmahal 0.37, Sistan 0.36 so ""all provinces +0.5"" is loose wording. Kermanshah (digit cut off) and Bushehr (illegible) not recorded. A second small label ""0.48"" for ""Tehran counties"" (excluding the city) is also on the slide.",1,Centre slide via Tabnak,delta_vs_prev_year,,current
Khordad 1403 (June 2024) minus Khordad 1402,12,"sum of theoretical fields, grade 12 (change in mean)",ALB,البرز,0.65,"Centre for Evaluation and Quality Assurance slide ""changes in provincial means 1403 vs 1402"", reproduced by Tabnak 2024-09-29 (image 1887579)",province,https://www.tabnak.ir/fa/news/1262531/,2026-10-01,true,"Official slide, values read by eye from a 954 px image (digits cross-checked against the colour legend). Independent official check: Chaharmahal 0.37 equals the provincial education director quote (IMNA 2024-11-29). Zarei said Yazd about +1, then Semnan, Mazandaran, Tehran about +0.5 and ""all provinces at least +0.5""; the slide shows Lorestan 0.38, Chaharmahal 0.37, Sistan 0.36 so ""all provinces +0.5"" is loose wording. Kermanshah (digit cut off) and Bushehr (illegible) not recorded. A second small label ""0.48"" for ""Tehran counties"" (excluding the city) is also on the slide.",1,Centre slide via Tabnak,delta_vs_prev_year,,current
Khordad 1403 (June 2024) minus Khordad 1402,12,"sum of theoretical fields, grade 12 (change in mean)",THR,تهران,0.84,"Centre for Evaluation and Quality Assurance slide ""changes in provincial means 1403 vs 1402"", reproduced by Tabnak 2024-09-29 (image 1887579)",province,https://www.tabnak.ir/fa/news/1262531/,2026-10-01,true,"Official slide, values read by eye from a 954 px image (digits cross-checked against the colour legend). Independent official check: Chaharmahal 0.37 equals the provincial education director quote (IMNA 2024-11-29). Zarei said Yazd about +1, then Semnan, Mazandaran, Tehran about +0.5 and ""all provinces at least +0.5""; the slide shows Lorestan 0.38, Chaharmahal 0.37, Sistan 0.36 so ""all provinces +0.5"" is loose wording. Kermanshah (digit cut off) and Bushehr (illegible) not recorded. A second small label ""0.48"" for ""Tehran counties"" (excluding the city) is also on the slide.",1,Centre slide via Tabnak,delta_vs_prev_year,,current
Khordad 1403 (June 2024) minus Khordad 1402,12,"sum of theoretical fields, grade 12 (change in mean)",MZN,مازندران,0.86,"Centre for Evaluation and Quality Assurance slide ""changes in provincial means 1403 vs 1402"", reproduced by Tabnak 2024-09-29 (image 1887579)",province,https://www.tabnak.ir/fa/news/1262531/,2026-10-01,true,"Official slide, values read by eye from a 954 px image (digits cross-checked against the colour legend). Independent official check: Chaharmahal 0.37 equals the provincial education director quote (IMNA 2024-11-29). Zarei said Yazd about +1, then Semnan, Mazandaran, Tehran about +0.5 and ""all provinces at least +0.5""; the slide shows Lorestan 0.38, Chaharmahal 0.37, Sistan 0.36 so ""all provinces +0.5"" is loose wording. Kermanshah (digit cut off) and Bushehr (illegible) not recorded. A second small label ""0.48"" for ""Tehran counties"" (excluding the city) is also on the slide.",1,Centre slide via Tabnak,delta_vs_prev_year,,current
Khordad 1403 (June 2024) minus Khordad 1402,12,"sum of theoretical fields, grade 12 (change in mean)",SMN,سمنان,0.85,"Centre for Evaluation and Quality Assurance slide ""changes in provincial means 1403 vs 1402"", reproduced by Tabnak 2024-09-29 (image 1887579)",province,https://www.tabnak.ir/fa/news/1262531/,2026-10-01,true,"Official slide, values read by eye from a 954 px image (digits cross-checked against the colour legend). Independent official check: Chaharmahal 0.37 equals the provincial education director quote (IMNA 2024-11-29). Zarei said Yazd about +1, then Semnan, Mazandaran, Tehran about +0.5 and ""all provinces at least +0.5""; the slide shows Lorestan 0.38, Chaharmahal 0.37, Sistan 0.36 so ""all provinces +0.5"" is loose wording. Kermanshah (digit cut off) and Bushehr (illegible) not recorded. A second small label ""0.48"" for ""Tehran counties"" (excluding the city) is also on the slide.",1,Centre slide via Tabnak,delta_vs_prev_year,,current
Khordad 1403 (June 2024) minus Khordad 1402,12,"sum of theoretical fields, grade 12 (change in mean)",GLS,گلستان,0.42,"Centre for Evaluation and Quality Assurance slide ""changes in provincial means 1403 vs 1402"", reproduced by Tabnak 2024-09-29 (image 1887579)",province,https://www.tabnak.ir/fa/news/1262531/,2026-10-01,true,"Official slide, values read by eye from a 954 px image (digits cross-checked against the colour legend). Independent official check: Chaharmahal 0.37 equals the provincial education director quote (IMNA 2024-11-29). Zarei said Yazd about +1, then Semnan, Mazandaran, Tehran about +0.5 and ""all provinces at least +0.5""; the slide shows Lorestan 0.38, Chaharmahal 0.37, Sistan 0.36 so ""all provinces +0.5"" is loose wording. Kermanshah (digit cut off) and Bushehr (illegible) not recorded. A second small label ""0.48"" for ""Tehran counties"" (excluding the city) is also on the slide.",1,Centre slide via Tabnak,delta_vs_prev_year,,current
Khordad 1403 (June 2024) minus Khordad 1402,12,"sum of theoretical fields, grade 12 (change in mean)",KHS,خراسان شمالی,0.62,"Centre for Evaluation and Quality Assurance slide ""changes in provincial means 1403 vs 1402"", reproduced by Tabnak 2024-09-29 (image 1887579)",province,https://www.tabnak.ir/fa/news/1262531/,2026-10-01,true,"Official slide, values read by eye from a 954 px image (digits cross-checked against the colour legend). Independent official check: Chaharmahal 0.37 equals the provincial education director quote (IMNA 2024-11-29). Zarei said Yazd about +1, then Semnan, Mazandaran, Tehran about +0.5 and ""all provinces at least +0.5""; the slide shows Lorestan 0.38, Chaharmahal 0.37, Sistan 0.36 so ""all provinces +0.5"" is loose wording. Kermanshah (digit cut off) and Bushehr (illegible) not recorded. A second small label ""0.48"" for ""Tehran counties"" (excluding the city) is also on the slide.",1,Centre slide via Tabnak,delta_vs_prev_year,,current
Khordad 1403 (June 2024) minus Khordad 1402,12,"sum of theoretical fields, grade 12 (change in mean)",KHR,خراسان رضوی,0.71,"Centre for Evaluation and Quality Assurance slide ""changes in provincial means 1403 vs 1402"", reproduced by Tabnak 2024-09-29 (image 1887579)",province,https://www.tabnak.ir/fa/news/1262531/,2026-10-01,true,"Official slide, values read by eye from a 954 px image (digits cross-checked against the colour legend). Independent official check: Chaharmahal 0.37 equals the provincial education director quote (IMNA 2024-11-29). Zarei said Yazd about +1, then Semnan, Mazandaran, Tehran about +0.5 and ""all provinces at least +0.5""; the slide shows Lorestan 0.38, Chaharmahal 0.37, Sistan 0.36 so ""all provinces +0.5"" is loose wording. Kermanshah (digit cut off) and Bushehr (illegible) not recorded. A second small label ""0.48"" for ""Tehran counties"" (excluding the city) is also on the slide.",1,Centre slide via Tabnak,delta_vs_prev_year,,current
Khordad 1403 (June 2024) minus Khordad 1402,12,"sum of theoretical fields, grade 12 (change in mean)",KRD,کردستان,0.55,"Centre for Evaluation and Quality Assurance slide ""changes in provincial means 1403 vs 1402"", reproduced by Tabnak 2024-09-29 (image 1887579)",province,https://www.tabnak.ir/fa/news/1262531/,2026-10-01,true,"Official slide, values read by eye from a 954 px image (digits cross-checked against the colour legend). Independent official check: Chaharmahal 0.37 equals the provincial education director quote (IMNA 2024-11-29). Zarei said Yazd about +1, then Semnan, Mazandaran, Tehran about +0.5 and ""all provinces at least +0.5""; the slide shows Lorestan 0.38, Chaharmahal 0.37, Sistan 0.36 so ""all provinces +0.5"" is loose wording. Kermanshah (digit cut off) and Bushehr (illegible) not recorded. A second small label ""0.48"" for ""Tehran counties"" (excluding the city) is also on the slide.",1,Centre slide via Tabnak,delta_vs_prev_year,,current
Khordad 1403 (June 2024) minus Khordad 1402,12,"sum of theoretical fields, grade 12 (change in mean)",HMD,همدان,0.76,"Centre for Evaluation and Quality Assurance slide ""changes in provincial means 1403 vs 1402"", reproduced by Tabnak 2024-09-29 (image 1887579)",province,https://www.tabnak.ir/fa/news/1262531/,2026-10-01,true,"Official slide, values read by eye from a 954 px image (digits cross-checked against the colour legend). Independent official check: Chaharmahal 0.37 equals the provincial education director quote (IMNA 2024-11-29). Zarei said Yazd about +1, then Semnan, Mazandaran, Tehran about +0.5 and ""all provinces at least +0.5""; the slide shows Lorestan 0.38, Chaharmahal 0.37, Sistan 0.36 so ""all provinces +0.5"" is loose wording. Kermanshah (digit cut off) and Bushehr (illegible) not recorded. A second small label ""0.48"" for ""Tehran counties"" (excluding the city) is also on the slide.",1,Centre slide via Tabnak,delta_vs_prev_year,,current
Khordad 1403 (June 2024) minus Khordad 1402,12,"sum of theoretical fields, grade 12 (change in mean)",MRK,مرکزی,0.64,"Centre for Evaluation and Quality Assurance slide ""changes in provincial means 1403 vs 1402"", reproduced by Tabnak 2024-09-29 (image 1887579)",province,https://www.tabnak.ir/fa/news/1262531/,2026-10-01,true,"Official slide, values read by eye from a 954 px image (digits cross-checked against the colour legend). Independent official check: Chaharmahal 0.37 equals the provincial education director quote (IMNA 2024-11-29). Zarei said Yazd about +1, then Semnan, Mazandaran, Tehran about +0.5 and ""all provinces at least +0.5""; the slide shows Lorestan 0.38, Chaharmahal 0.37, Sistan 0.36 so ""all provinces +0.5"" is loose wording. Kermanshah (digit cut off) and Bushehr (illegible) not recorded. A second small label ""0.48"" for ""Tehran counties"" (excluding the city) is also on the slide.",1,Centre slide via Tabnak,delta_vs_prev_year,,current
Khordad 1403 (June 2024) minus Khordad 1402,12,"sum of theoretical fields, grade 12 (change in mean)",QOM,قم,0.78,"Centre for Evaluation and Quality Assurance slide ""changes in provincial means 1403 vs 1402"", reproduced by Tabnak 2024-09-29 (image 1887579)",province,https://www.tabnak.ir/fa/news/1262531/,2026-10-01,true,"Official slide, values read by eye from a 954 px image (digits cross-checked against the colour legend). Independent official check: Chaharmahal 0.37 equals the provincial education director quote (IMNA 2024-11-29). Zarei said Yazd about +1, then Semnan, Mazandaran, Tehran about +0.5 and ""all provinces at least +0.5""; the slide shows Lorestan 0.38, Chaharmahal 0.37, Sistan 0.36 so ""all provinces +0.5"" is loose wording. Kermanshah (digit cut off) and Bushehr (illegible) not recorded. A second small label ""0.48"" for ""Tehran counties"" (excluding the city) is also on the slide.",1,Centre slide via Tabnak,delta_vs_prev_year,,current
Khordad 1403 (June 2024) minus Khordad 1402,12,"sum of theoretical fields, grade 12 (change in mean)",LRS,لرستان,0.38,"Centre for Evaluation and Quality Assurance slide ""changes in provincial means 1403 vs 1402"", reproduced by Tabnak 2024-09-29 (image 1887579)",province,https://www.tabnak.ir/fa/news/1262531/,2026-10-01,true,"Official slide, values read by eye from a 954 px image (digits cross-checked against the colour legend). Independent official check: Chaharmahal 0.37 equals the provincial education director quote (IMNA 2024-11-29). Zarei said Yazd about +1, then Semnan, Mazandaran, Tehran about +0.5 and ""all provinces at least +0.5""; the slide shows Lorestan 0.38, Chaharmahal 0.37, Sistan 0.36 so ""all provinces +0.5"" is loose wording. Kermanshah (digit cut off) and Bushehr (illegible) not recorded. A second small label ""0.48"" for ""Tehran counties"" (excluding the city) is also on the slide.",1,Centre slide via Tabnak,delta_vs_prev_year,,current
Khordad 1403 (June 2024) minus Khordad 1402,12,"sum of theoretical fields, grade 12 (change in mean)",ILM,ایلام,0.49,"Centre for Evaluation and Quality Assurance slide ""changes in provincial means 1403 vs 1402"", reproduced by Tabnak 2024-09-29 (image 1887579)",province,https://www.tabnak.ir/fa/news/1262531/,2026-10-01,true,"Official slide, values read by eye from a 954 px image (digits cross-checked against the colour legend). Independent official check: Chaharmahal 0.37 equals the provincial education director quote (IMNA 2024-11-29). Zarei said Yazd about +1, then Semnan, Mazandaran, Tehran about +0.5 and ""all provinces at least +0.5""; the slide shows Lorestan 0.38, Chaharmahal 0.37, Sistan 0.36 so ""all provinces +0.5"" is loose wording. Kermanshah (digit cut off) and Bushehr (illegible) not recorded. A second small label ""0.48"" for ""Tehran counties"" (excluding the city) is also on the slide.",1,Centre slide via Tabnak,delta_vs_prev_year,,current
Khordad 1403 (June 2024) minus Khordad 1402,12,"sum of theoretical fields, grade 12 (change in mean)",ISF,اصفهان,0.62,"Centre for Evaluation and Quality Assurance slide ""changes in provincial means 1403 vs 1402"", reproduced by Tabnak 2024-09-29 (image 1887579)",province,https://www.tabnak.ir/fa/news/1262531/,2026-10-01,true,"Official slide, values read by eye from a 954 px image (digits cross-checked against the colour legend). Independent official check: Chaharmahal 0.37 equals the provincial education director quote (IMNA 2024-11-29). Zarei said Yazd about +1, then Semnan, Mazandaran, Tehran about +0.5 and ""all provinces at least +0.5""; the slide shows Lorestan 0.38, Chaharmahal 0.37, Sistan 0.36 so ""all provinces +0.5"" is loose wording. Kermanshah (digit cut off) and Bushehr (illegible) not recorded. A second small label ""0.48"" for ""Tehran counties"" (excluding the city) is also on the slide.",1,Centre slide via Tabnak,delta_vs_prev_year,,current
Khordad 1403 (June 2024) minus Khordad 1402,12,"sum of theoretical fields, grade 12 (change in mean)",YZD,یزد,0.99,"Centre for Evaluation and Quality Assurance slide ""changes in provincial means 1403 vs 1402"", reproduced by Tabnak 2024-09-29 (image 1887579)",province,https://www.tabnak.ir/fa/news/1262531/,2026-10-01,true,"Official slide, values read by eye from a 954 px image (digits cross-checked against the colour legend). Independent official check: Chaharmahal 0.37 equals the provincial education director quote (IMNA 2024-11-29). Zarei said Yazd about +1, then Semnan, Mazandaran, Tehran about +0.5 and ""all provinces at least +0.5""; the slide shows Lorestan 0.38, Chaharmahal 0.37, Sistan 0.36 so ""all provinces +0.5"" is loose wording. Kermanshah (digit cut off) and Bushehr (illegible) not recorded. A second small label ""0.48"" for ""Tehran counties"" (excluding the city) is also on the slide.",1,Centre slide via Tabnak,delta_vs_prev_year,,current
Khordad 1403 (June 2024) minus Khordad 1402,12,"sum of theoretical fields, grade 12 (change in mean)",KHZ,خوزستان,0.74,"Centre for Evaluation and Quality Assurance slide ""changes in provincial means 1403 vs 1402"", reproduced by Tabnak 2024-09-29 (image 1887579)",province,https://www.tabnak.ir/fa/news/1262531/,2026-10-01,true,"Official slide, values read by eye from a 954 px image (digits cross-checked against the colour legend). Independent official check: Chaharmahal 0.37 equals the provincial education director quote (IMNA 2024-11-29). Zarei said Yazd about +1, then Semnan, Mazandaran, Tehran about +0.5 and ""all provinces at least +0.5""; the slide shows Lorestan 0.38, Chaharmahal 0.37, Sistan 0.36 so ""all provinces +0.5"" is loose wording. Kermanshah (digit cut off) and Bushehr (illegible) not recorded. A second small label ""0.48"" for ""Tehran counties"" (excluding the city) is also on the slide.",1,Centre slide via Tabnak,delta_vs_prev_year,,current
Khordad 1403 (June 2024) minus Khordad 1402,12,"sum of theoretical fields, grade 12 (change in mean)",CHB,چهارمحال و بختیاری,0.37,"Centre for Evaluation and Quality Assurance slide ""changes in provincial means 1403 vs 1402"", reproduced by Tabnak 2024-09-29 (image 1887579)",province,https://www.tabnak.ir/fa/news/1262531/,2026-10-01,true,"Official slide, values read by eye from a 954 px image (digits cross-checked against the colour legend). Independent official check: Chaharmahal 0.37 equals the provincial education director quote (IMNA 2024-11-29). Zarei said Yazd about +1, then Semnan, Mazandaran, Tehran about +0.5 and ""all provinces at least +0.5""; the slide shows Lorestan 0.38, Chaharmahal 0.37, Sistan 0.36 so ""all provinces +0.5"" is loose wording. Kermanshah (digit cut off) and Bushehr (illegible) not recorded. A second small label ""0.48"" for ""Tehran counties"" (excluding the city) is also on the slide.",2,Centre slide via Tabnak; IMNA provincial director,delta_vs_prev_year,,current
Khordad 1403 (June 2024) minus Khordad 1402,12,"sum of theoretical fields, grade 12 (change in mean)",KBA,کهگیلویه و بویراحمد,0.39,"Centre for Evaluation and Quality Assurance slide ""changes in provincial means 1403 vs 1402"", reproduced by Tabnak 2024-09-29 (image 1887579)",province,https://www.tabnak.ir/fa/news/1262531/,2026-10-01,true,"Official slide, values read by eye from a 954 px image (digits cross-checked against the colour legend). Independent official check: Chaharmahal 0.37 equals the provincial education director quote (IMNA 2024-11-29). Zarei said Yazd about +1, then Semnan, Mazandaran, Tehran about +0.5 and ""all provinces at least +0.5""; the slide shows Lorestan 0.38, Chaharmahal 0.37, Sistan 0.36 so ""all provinces +0.5"" is loose wording. Kermanshah (digit cut off) and Bushehr (illegible) not recorded. A second small label ""0.48"" for ""Tehran counties"" (excluding the city) is also on the slide.",1,Centre slide via Tabnak,delta_vs_prev_year,,current
Khordad 1403 (June 2024) minus Khordad 1402,12,"sum of theoretical fields, grade 12 (change in mean)",KRM,کرمان,0.53,"Centre for Evaluation and Quality Assurance slide ""changes in provincial means 1403 vs 1402"", reproduced by Tabnak 2024-09-29 (image 1887579)",province,https://www.tabnak.ir/fa/news/1262531/,2026-10-01,true,"Official slide, values read by eye from a 954 px image (digits cross-checked against the colour legend). Independent official check: Chaharmahal 0.37 equals the provincial education director quote (IMNA 2024-11-29). Zarei said Yazd about +1, then Semnan, Mazandaran, Tehran about +0.5 and ""all provinces at least +0.5""; the slide shows Lorestan 0.38, Chaharmahal 0.37, Sistan 0.36 so ""all provinces +0.5"" is loose wording. Kermanshah (digit cut off) and Bushehr (illegible) not recorded. A second small label ""0.48"" for ""Tehran counties"" (excluding the city) is also on the slide.",1,Centre slide via Tabnak,delta_vs_prev_year,,current
Khordad 1403 (June 2024) minus Khordad 1402,12,"sum of theoretical fields, grade 12 (change in mean)",FRS,فارس,0.54,"Centre for Evaluation and Quality Assurance slide ""changes in provincial means 1403 vs 1402"", reproduced by Tabnak 2024-09-29 (image 1887579)",province,https://www.tabnak.ir/fa/news/1262531/,2026-10-01,true,"Official slide, values read by eye from a 954 px image (digits cross-checked against the colour legend). Independent official check: Chaharmahal 0.37 equals the provincial education director quote (IMNA 2024-11-29). Zarei said Yazd about +1, then Semnan, Mazandaran, Tehran about +0.5 and ""all provinces at least +0.5""; the slide shows Lorestan 0.38, Chaharmahal 0.37, Sistan 0.36 so ""all provinces +0.5"" is loose wording. Kermanshah (digit cut off) and Bushehr (illegible) not recorded. A second small label ""0.48"" for ""Tehran counties"" (excluding the city) is also on the slide.",1,Centre slide via Tabnak,delta_vs_prev_year,,current
Khordad 1403 (June 2024) minus Khordad 1402,12,"sum of theoretical fields, grade 12 (change in mean)",HRM,هرمزگان,0.62,"Centre for Evaluation and Quality Assurance slide ""changes in provincial means 1403 vs 1402"", reproduced by Tabnak 2024-09-29 (image 1887579)",province,https://www.tabnak.ir/fa/news/1262531/,2026-10-01,true,"Official slide, values read by eye from a 954 px image (digits cross-checked against the colour legend). Independent official check: Chaharmahal 0.37 equals the provincial education director quote (IMNA 2024-11-29). Zarei said Yazd about +1, then Semnan, Mazandaran, Tehran about +0.5 and ""all provinces at least +0.5""; the slide shows Lorestan 0.38, Chaharmahal 0.37, Sistan 0.36 so ""all provinces +0.5"" is loose wording. Kermanshah (digit cut off) and Bushehr (illegible) not recorded. A second small label ""0.48"" for ""Tehran counties"" (excluding the city) is also on the slide.",1,Centre slide via Tabnak,delta_vs_prev_year,,current
Khordad 1403 (June 2024) minus Khordad 1402,12,"sum of theoretical fields, grade 12 (change in mean)",KHJ,خراسان جنوبی,0.66,"Centre for Evaluation and Quality Assurance slide ""changes in provincial means 1403 vs 1402"", reproduced by Tabnak 2024-09-29 (image 1887579)",province,https://www.tabnak.ir/fa/news/1262531/,2026-10-01,true,"Official slide, values read by eye from a 954 px image (digits cross-checked against the colour legend). Independent official check: Chaharmahal 0.37 equals the provincial education director quote (IMNA 2024-11-29). Zarei said Yazd about +1, then Semnan, Mazandaran, Tehran about +0.5 and ""all provinces at least +0.5""; the slide shows Lorestan 0.38, Chaharmahal 0.37, Sistan 0.36 so ""all provinces +0.5"" is loose wording. Kermanshah (digit cut off) and Bushehr (illegible) not recorded. A second small label ""0.48"" for ""Tehran counties"" (excluding the city) is also on the slide.",1,Centre slide via Tabnak,delta_vs_prev_year,,current
Khordad 1403 (June 2024) minus Khordad 1402,12,"sum of theoretical fields, grade 12 (change in mean)",SBL,سیستان و بلوچستان,0.36,"Centre for Evaluation and Quality Assurance slide ""changes in provincial means 1403 vs 1402"", reproduced by Tabnak 2024-09-29 (image 1887579)",province,https://www.tabnak.ir/fa/news/1262531/,2026-10-01,true,"Official slide, values read by eye from a 954 px image (digits cross-checked against the colour legend). Independent official check: Chaharmahal 0.37 equals the provincial education director quote (IMNA 2024-11-29). Zarei said Yazd about +1, then Semnan, Mazandaran, Tehran about +0.5 and ""all provinces at least +0.5""; the slide shows Lorestan 0.38, Chaharmahal 0.37, Sistan 0.36 so ""all provinces +0.5"" is loose wording. Kermanshah (digit cut off) and Bushehr (illegible) not recorded. A second small label ""0.48"" for ""Tehran counties"" (excluding the city) is also on the slide.",1,Centre slide via Tabnak,delta_vs_prev_year,,current
Khordad 1403 (June 2024) DERIVED,12,theoretical fields combined; = Namnak 1402 value + official delta,AZG,آذربایجان غربی,9.2,derived by the researcher,province,https://namnak.com/iranian-final-exam-results.p107989 + https://www.tabnak.ir/fa/news/1262531/,2026-10-01,false,Arithmetic only. The 1402 base is the unofficial press table. Check: Chaharmahal derived 10.27 = official 10.27 (rank 16). Unweighted mean of the 29 derived values 10.62 vs national three-field mean 10.98.,2,Namnak table; Centre delta slide,derived_mean,,current
Khordad 1403 (June 2024) DERIVED,12,theoretical fields combined; = Namnak 1402 value + official delta,AZS,آذربایجان شرقی,10.48,derived by the researcher,province,https://namnak.com/iranian-final-exam-results.p107989 + https://www.tabnak.ir/fa/news/1262531/,2026-10-01,false,Arithmetic only. The 1402 base is the unofficial press table. Check: Chaharmahal derived 10.27 = official 10.27 (rank 16). Unweighted mean of the 29 derived values 10.62 vs national three-field mean 10.98.,2,Namnak table; Centre delta slide,derived_mean,,current
Khordad 1403 (June 2024) DERIVED,12,theoretical fields combined; = Namnak 1402 value + official delta,ARD,اردبیل,9.95,derived by the researcher,province,https://namnak.com/iranian-final-exam-results.p107989 + https://www.tabnak.ir/fa/news/1262531/,2026-10-01,false,Arithmetic only. The 1402 base is the unofficial press table. Check: Chaharmahal derived 10.27 = official 10.27 (rank 16). Unweighted mean of the 29 derived values 10.62 vs national three-field mean 10.98.,2,Namnak table; Centre delta slide,derived_mean,,current
Khordad 1403 (June 2024) DERIVED,12,theoretical fields combined; = Namnak 1402 value + official delta,GIL,گیلان,9.95,derived by the researcher,province,https://namnak.com/iranian-final-exam-results.p107989 + https://www.tabnak.ir/fa/news/1262531/,2026-10-01,false,Arithmetic only. The 1402 base is the unofficial press table. Check: Chaharmahal derived 10.27 = official 10.27 (rank 16). Unweighted mean of the 29 derived values 10.62 vs national three-field mean 10.98.,2,Namnak table; Centre delta slide,derived_mean,,current
Khordad 1403 (June 2024) DERIVED,12,theoretical fields combined; = Namnak 1402 value + official delta,ZNJ,زنجان,11.27,derived by the researcher,province,https://namnak.com/iranian-final-exam-results.p107989 + https://www.tabnak.ir/fa/news/1262531/,2026-10-01,false,Arithmetic only. The 1402 base is the unofficial press table. Check: Chaharmahal derived 10.27 = official 10.27 (rank 16). Unweighted mean of the 29 derived values 10.62 vs national three-field mean 10.98.,2,Namnak table; Centre delta slide,derived_mean,,current
Khordad 1403 (June 2024) DERIVED,12,theoretical fields combined; = Namnak 1402 value + official delta,QZV,قزوین,11.7,derived by the researcher,province,https://namnak.com/iranian-final-exam-results.p107989 + https://www.tabnak.ir/fa/news/1262531/,2026-10-01,false,Arithmetic only. The 1402 base is the unofficial press table. Check: Chaharmahal derived 10.27 = official 10.27 (rank 16). Unweighted mean of the 29 derived values 10.62 vs national three-field mean 10.98.,2,Namnak table; Centre delta slide,derived_mean,,current
Khordad 1403 (June 2024) DERIVED,12,theoretical fields combined; = Namnak 1402 value + official delta,ALB,البرز,10.74,derived by the researcher,province,https://namnak.com/iranian-final-exam-results.p107989 + https://www.tabnak.ir/fa/news/1262531/,2026-10-01,false,Arithmetic only. The 1402 base is the unofficial press table. Check: Chaharmahal derived 10.27 = official 10.27 (rank 16). Unweighted mean of the 29 derived values 10.62 vs national three-field mean 10.98.,2,Namnak table; Centre delta slide,derived_mean,,current
Khordad 1403 (June 2024) DERIVED,12,theoretical fields combined; = Namnak 1402 value + official delta,THR,تهران,11.51,derived by the researcher,province,https://namnak.com/iranian-final-exam-results.p107989 + https://www.tabnak.ir/fa/news/1262531/,2026-10-01,false,Arithmetic only. The 1402 base is the unofficial press table. Check: Chaharmahal derived 10.27 = official 10.27 (rank 16). Unweighted mean of the 29 derived values 10.62 vs national three-field mean 10.98.,2,Namnak table; Centre delta slide,derived_mean,,current
Khordad 1403 (June 2024) DERIVED,12,theoretical fields combined; = Namnak 1402 value + official delta,MZN,مازندران,11.08,derived by the researcher,province,https://namnak.com/iranian-final-exam-results.p107989 + https://www.tabnak.ir/fa/news/1262531/,2026-10-01,false,Arithmetic only. The 1402 base is the unofficial press table. Check: Chaharmahal derived 10.27 = official 10.27 (rank 16). Unweighted mean of the 29 derived values 10.62 vs national three-field mean 10.98.,2,Namnak table; Centre delta slide,derived_mean,,current
Khordad 1403 (June 2024) DERIVED,12,theoretical fields combined; = Namnak 1402 value + official delta,SMN,سمنان,12.47,derived by the researcher,province,https://namnak.com/iranian-final-exam-results.p107989 + https://www.tabnak.ir/fa/news/1262531/,2026-10-01,false,Arithmetic only. The 1402 base is the unofficial press table. Check: Chaharmahal derived 10.27 = official 10.27 (rank 16). Unweighted mean of the 29 derived values 10.62 vs national three-field mean 10.98.,2,Namnak table; Centre delta slide,derived_mean,,current
Khordad 1403 (June 2024) DERIVED,12,theoretical fields combined; = Namnak 1402 value + official delta,GLS,گلستان,10.0,derived by the researcher,province,https://namnak.com/iranian-final-exam-results.p107989 + https://www.tabnak.ir/fa/news/1262531/,2026-10-01,false,Arithmetic only. The 1402 base is the unofficial press table. Check: Chaharmahal derived 10.27 = official 10.27 (rank 16). Unweighted mean of the 29 derived values 10.62 vs national three-field mean 10.98.,2,Namnak table; Centre delta slide,derived_mean,,current
Khordad 1403 (June 2024) DERIVED,12,theoretical fields combined; = Namnak 1402 value + official delta,KHS,خراسان شمالی,10.44,derived by the researcher,province,https://namnak.com/iranian-final-exam-results.p107989 + https://www.tabnak.ir/fa/news/1262531/,2026-10-01,false,Arithmetic only. The 1402 base is the unofficial press table. Check: Chaharmahal derived 10.27 = official 10.27 (rank 16). Unweighted mean of the 29 derived values 10.62 vs national three-field mean 10.98.,2,Namnak table; Centre delta slide,derived_mean,,current
Khordad 1403 (June 2024) DERIVED,12,theoretical fields combined; = Namnak 1402 value + official delta,KHR,خراسان رضوی,11.98,derived by the researcher,province,https://namnak.com/iranian-final-exam-results.p107989 + https://www.tabnak.ir/fa/news/1262531/,2026-10-01,false,Arithmetic only. The 1402 base is the unofficial press table. Check: Chaharmahal derived 10.27 = official 10.27 (rank 16). Unweighted mean of the 29 derived values 10.62 vs national three-field mean 10.98.,2,Namnak table; Centre delta slide,derived_mean,,current
Khordad 1403 (June 2024) DERIVED,12,theoretical fields combined; = Namnak 1402 value + official delta,KRD,کردستان,9.62,derived by the researcher,province,https://namnak.com/iranian-final-exam-results.p107989 + https://www.tabnak.ir/fa/news/1262531/,2026-10-01,false,Arithmetic only. The 1402 base is the unofficial press table. Check: Chaharmahal derived 10.27 = official 10.27 (rank 16). Unweighted mean of the 29 derived values 10.62 vs national three-field mean 10.98.,2,Namnak table; Centre delta slide,derived_mean,,current
Khordad 1403 (June 2024) DERIVED,12,theoretical fields combined; = Namnak 1402 value + official delta,HMD,همدان,10.99,derived by the researcher,province,https://namnak.com/iranian-final-exam-results.p107989 + https://www.tabnak.ir/fa/news/1262531/,2026-10-01,false,Arithmetic only. The 1402 base is the unofficial press table. Check: Chaharmahal derived 10.27 = official 10.27 (rank 16). Unweighted mean of the 29 derived values 10.62 vs national three-field mean 10.98.,2,Namnak table; Centre delta slide,derived_mean,,current
Khordad 1403 (June 2024) DERIVED,12,theoretical fields combined; = Namnak 1402 value + official delta,MRK,مرکزی,11.74,derived by the researcher,province,https://namnak.com/iranian-final-exam-results.p107989 + https://www.tabnak.ir/fa/news/1262531/,2026-10-01,false,Arithmetic only. The 1402 base is the unofficial press table. Check: Chaharmahal derived 10.27 = official 10.27 (rank 16). Unweighted mean of the 29 derived values 10.62 vs national three-field mean 10.98.,2,Namnak table; Centre delta slide,derived_mean,,current
Khordad 1403 (June 2024) DERIVED,12,theoretical fields combined; = Namnak 1402 value + official delta,QOM,قم,12.05,derived by the researcher,province,https://namnak.com/iranian-final-exam-results.p107989 + https://www.tabnak.ir/fa/news/1262531/,2026-10-01,false,Arithmetic only. The 1402 base is the unofficial press table. Check: Chaharmahal derived 10.27 = official 10.27 (rank 16). Unweighted mean of the 29 derived values 10.62 vs national three-field mean 10.98.,2,Namnak table; Centre delta slide,derived_mean,,current
Khordad 1403 (June 2024) DERIVED,12,theoretical fields combined; = Namnak 1402 value + official delta,LRS,لرستان,9.49,derived by the researcher,province,https://namnak.com/iranian-final-exam-results.p107989 + https://www.tabnak.ir/fa/news/1262531/,2026-10-01,false,Arithmetic only. The 1402 base is the unofficial press table. Check: Chaharmahal derived 10.27 = official 10.27 (rank 16). Unweighted mean of the 29 derived values 10.62 vs national three-field mean 10.98.,2,Namnak table; Centre delta slide,derived_mean,,current
Khordad 1403 (June 2024) DERIVED,12,theoretical fields combined; = Namnak 1402 value + official delta,ILM,ایلام,9.76,derived by the researcher,province,https://namnak.com/iranian-final-exam-results.p107989 + https://www.tabnak.ir/fa/news/1262531/,2026-10-01,false,Arithmetic only. The 1402 base is the unofficial press table. Check: Chaharmahal derived 10.27 = official 10.27 (rank 16). Unweighted mean of the 29 derived values 10.62 vs national three-field mean 10.98.,2,Namnak table; Centre delta slide,derived_mean,,current
Khordad 1403 (June 2024) DERIVED,12,theoretical fields combined; = Namnak 1402 value + official delta,ISF,اصفهان,12.05,derived by the researcher,province,https://namnak.com/iranian-final-exam-results.p107989 + https://www.tabnak.ir/fa/news/1262531/,2026-10-01,false,Arithmetic only. The 1402 base is the unofficial press table. Check: Chaharmahal derived 10.27 = official 10.27 (rank 16). Unweighted mean of the 29 derived values 10.62 vs national three-field mean 10.98.,2,Namnak table; Centre delta slide,derived_mean,,current
Khordad 1403 (June 2024) DERIVED,12,theoretical fields combined; = Namnak 1402 value + official delta,YZD,یزد,13.39,derived by the researcher,province,https://namnak.com/iranian-final-exam-results.p107989 + https://www.tabnak.ir/fa/news/1262531/,2026-10-01,false,Arithmetic only. The 1402 base is the unofficial press table. Check: Chaharmahal derived 10.27 = official 10.27 (rank 16). Unweighted mean of the 29 derived values 10.62 vs national three-field mean 10.98.,2,Namnak table; Centre delta slide,derived_mean,,current
Khordad 1403 (June 2024) DERIVED,12,theoretical fields combined; = Namnak 1402 value + official delta,KHZ,خوزستان,9.13,derived by the researcher,province,https://namnak.com/iranian-final-exam-results.p107989 + https://www.tabnak.ir/fa/news/1262531/,2026-10-01,false,Arithmetic only. The 1402 base is the unofficial press table. Check: Chaharmahal derived 10.27 = official 10.27 (rank 16). Unweighted mean of the 29 derived values 10.62 vs national three-field mean 10.98.,2,Namnak table; Centre delta slide,derived_mean,,current
Khordad 1403 (June 2024) DERIVED,12,theoretical fields combined; = Namnak 1402 value + official delta,CHB,چهارمحال و بختیاری,10.27,derived by the researcher,province,https://namnak.com/iranian-final-exam-results.p107989 + https://www.tabnak.ir/fa/news/1262531/,2026-10-01,false,Arithmetic only. The 1402 base is the unofficial press table. Check: Chaharmahal derived 10.27 = official 10.27 (rank 16). Unweighted mean of the 29 derived values 10.62 vs national three-field mean 10.98.,2,Namnak table; Centre delta slide,derived_mean,,current
Khordad 1403 (June 2024) DERIVED,12,theoretical fields combined; = Namnak 1402 value + official delta,KBA,کهگیلویه و بویراحمد,8.4,derived by the researcher,province,https://namnak.com/iranian-final-exam-results.p107989 + https://www.tabnak.ir/fa/news/1262531/,2026-10-01,false,Arithmetic only. The 1402 base is the unofficial press table. Check: Chaharmahal derived 10.27 = official 10.27 (rank 16). Unweighted mean of the 29 derived values 10.62 vs national three-field mean 10.98.,2,Namnak table; Centre delta slide,derived_mean,,current
Khordad 1403 (June 2024) DERIVED,12,theoretical fields combined; = Namnak 1402 value + official delta,KRM,کرمان,9.97,derived by the researcher,province,https://namnak.com/iranian-final-exam-results.p107989 + https://www.tabnak.ir/fa/news/1262531/,2026-10-01,false,Arithmetic only. The 1402 base is the unofficial press table. Check: Chaharmahal derived 10.27 = official 10.27 (rank 16). Unweighted mean of the 29 derived values 10.62 vs national three-field mean 10.98.,2,Namnak table; Centre delta slide,derived_mean,,current
Khordad 1403 (June 2024) DERIVED,12,theoretical fields combined; = Namnak 1402 value + official delta,FRS,فارس,10.45,derived by the researcher,province,https://namnak.com/iranian-final-exam-results.p107989 + https://www.tabnak.ir/fa/news/1262531/,2026-10-01,false,Arithmetic only. The 1402 base is the unofficial press table. Check: Chaharmahal derived 10.27 = official 10.27 (rank 16). Unweighted mean of the 29 derived values 10.62 vs national three-field mean 10.98.,2,Namnak table; Centre delta slide,derived_mean,,current
Khordad 1403 (June 2024) DERIVED,12,theoretical fields combined; = Namnak 1402 value + official delta,HRM,هرمزگان,9.36,derived by the researcher,province,https://namnak.com/iranian-final-exam-results.p107989 + https://www.tabnak.ir/fa/news/1262531/,2026-10-01,false,Arithmetic only. The 1402 base is the unofficial press table. Check: Chaharmahal derived 10.27 = official 10.27 (rank 16). Unweighted mean of the 29 derived values 10.62 vs national three-field mean 10.98.,2,Namnak table; Centre delta slide,derived_mean,,current
Khordad 1403 (June 2024) DERIVED,12,theoretical fields combined; = Namnak 1402 value + official delta,KHJ,خراسان جنوبی,12.47,derived by the researcher,province,https://namnak.com/iranian-final-exam-results.p107989 + https://www.tabnak.ir/fa/news/1262531/,2026-10-01,false,Arithmetic only. The 1402 base is the unofficial press table. Check: Chaharmahal derived 10.27 = official 10.27 (rank 16). Unweighted mean of the 29 derived values 10.62 vs national three-field mean 10.98.,2,Namnak table; Centre delta slide,derived_mean,,current
Khordad 1403 (June 2024) DERIVED,12,theoretical fields combined; = Namnak 1402 value + official delta,SBL,سیستان و بلوچستان,8.09,derived by the researcher,province,https://namnak.com/iranian-final-exam-results.p107989 + https://www.tabnak.ir/fa/news/1262531/,2026-10-01,false,Arithmetic only. The 1402 base is the unofficial press table. Check: Chaharmahal derived 10.27 = official 10.27 (rank 16). Unweighted mean of the 29 derived values 10.62 vs national three-field mean 10.98.,2,Namnak table; Centre delta slide,derived_mean,,current
Khordad 1402 (June 2023),12,"all four theoretical fields (experimental, maths, humanities, Islamic studies)",FRS,فارس,9.91,"Fars Education Dept head of general secondary education (Shojaeipour) via IRNA, Entekhab 2024-01-13",province,https://www.entekhab.ir/fa/news/757218/,2026-10-01,true,"Official provincial source. National mean in the same statement 10.02 (all four fields; the 10.26 figure elsewhere is three fields). Fields: experimental 11.22 (nat 11.23), maths 10.17 (nat 10.75), Islamic studies 10.63 (nat 10.54), humanities 8.58 (nat 8.74). Matches the Namnak table 9.91 and Shargh 9.91. Rank 15 (up from 19 in 1401); the Namnak ordering also puts Fars 15th.",3,Fars Education Dept (IRNA/Entekhab); Namnak; Shargh,mean,15,current
Khordad 1401 (June 2022),12,all theoretical fields,FRS,فارس,11.09,"Fars Education Dept via IRNA, Entekhab 2024-01-13",province,https://www.entekhab.ir/fa/news/757218/,2026-10-01,true,Official provincial source. National mean 1401 = 11.62 in the same statement. Rank 19. Only province with a 1401 value found.,1,Fars Education Dept (IRNA/Entekhab),mean,19,current
Khordad 1403 (June 2024),12,theoretical fields combined (3 fields),CHB,چهارمحال و بختیاری,10.27,Chaharmahal and Bakhtiari Education DG (Amirian) via IMNA 2024-11-29,province,https://www.imna.ir/news/814790/,2026-10-01,true,Official provincial source. Rank 16 nationally; growth +0.37 vs 1402; improvement in all three fields. Quotes a country mean of 10.6 (differs from the Centre 10.98 three-field figure; 10.6 is probably the all-field mean incl. Islamic studies: unverified). 9.90 (1402 table) + 0.37 = 10.27 reproduces the value exactly.,2,CHB Education DG (IMNA); Centre delta slide,mean,16,current
Khordad 1403 (June 2024),12,"theoretical fields combined, Tehran CITY education department only",THC,شهر تهران (city),12.51,"Tehran City Education Dept via Tasnim, YJC 2025-02-04, Asr-e-Iran 2025-02-04","city (Tehran city, not Tehran province)",https://www.yjc.ir/fa/news/8908142/,2026-10-01,true,"Official, but a different unit from the Tehran province value (1402 province 10.67; +0.84 gives 11.51). Reported growth in the city +0.84 (called ""percent"" in the press) vs 1402. Ordinary state schools 10.43, humanities 10.64. Do not mix with province rows.",3,"Tehran city Education Dept (Tasnim, YJC, Asr-e-Iran)",mean,,current
Khordad 1402 (June 2023),12,all theoretical fields,AZS,آذربایجان شرقی,10.06,Nasr (Tabriz) via Ensaf News 2025-07-15,province,https://ensafnews.com/601425/,2026-10-01,false,"Rank 14. Matches Namnak (10.06, also 14th) and Shargh (10.06).",3,Nasr/Ensaf; Namnak; Shargh,mean,14,current
Khordad 1402 (June 2023),12,all theoretical fields,THR,تهران,10.67,Nasr (Tabriz) via Ensaf News 2025-07-15,province,https://ensafnews.com/601425/,2026-10-01,false,"Rank 10 per Nasr; the Namnak and Shargh values put Tehran 9th. The same piece lists Yazd 12.40, Khorasan-e-Jonubi 11.81, Semnan 11.62 (= Namnak values) and wrongly calls North Khorasan 9.82 the weakest.",3,Nasr/Ensaf; Namnak; Shargh,mean,10,current
Khordad 1402 (June 2023),12,all theoretical fields,YZD,یزد,12.4,Nasr (Tabriz) via Ensaf News 2025-07-15,province,https://ensafnews.com/601425/,2026-10-01,false,"Yazd values in circulation: 12.40 (Namnak, Nasr), 12.04 (Shargh image), 13.04 (Rokna 2025-10-11 and the web summary of Shargh, labelled as 1404). 12.40 has the most support; 12.04 is probably a transposition. Treat 13.04 as unverified.",3,Namnak; Nasr/Ensaf; Shargh (12.04),mean,1,current
Khordad 1404 (June 2025),12,theoretical fields (Yazd DG claim),YZD,یزد,,Yazd Education DG via Tejarat News 2026-02-12,province,https://tejaratnews.com/%DB%8C%D8%B2%D8%AF-%D8%AF%D8%B1-%D8%B5%D8%AF%D8%B1-%D8%A2%D9%85%D9%88%D8%B2%D8%B4-%DA%A9%D8%B4%D9%88%D8%B1-%D9%82%D8%B1%D8%A7%D8%B1-%DA%AF%D8%B1%D9%81%D8%AA,2026-10-01,true,"Official provincial claim: first in the country in mean of the Khordad 1404 final exams. No value given. Rokna (2025-10-11, ex-deputy minister Saharkhiz) prints 13.04 for Yazd and national 9.94 ""this year"", which is the old unattributed infographic, not a 1404 Ministry table.",2,Yazd Education DG (Tejarat News); Rokna,rank_only,1,current
Khordad 1403 (June 2024),12,"theoretical fields grade 12, growth ranking",KRM,کرمان,,Kerman Education DG (Rezaei) via Mehr 2024-11-06,province,https://www.mehrnews.com/news/6280799/,2026-10-01,true,Official provincial claim: 3rd in the country in percentage growth of grade-12 theoretical marks 1402-03 vs 1401-02 (wording ambiguous on which exams); 1st in growth of rank in maths. No value.,1,Kerman Education DG (Mehr),rank_only,3 (growth),current
Khordad 1403/1404 (not specified),12,theoretical fields,KRM,کرمان,,Kerman Education DG (Farahbakhsh) via Fardaye Kerman / Ensaf 2025-05-01,province,https://ensafnews.com/590251/,2026-10-01,true,"Official provincial statement: theoretical-field mean ""below 10""; within the province it ranges from about 5 to 13 across counties. Consistent with 9.44 (1402 table).",1,Kerman Education DG,upper_bound:10,,current
"Khordad 1405 (2026), results not final",12,province ranking,ALL,,,"Centre for Evaluation and Quality Assurance (Ministry of Education) statement via Mehr, ANA 2026-09-12 (also Dana, Javan, Purson)",national,https://www.mehrnews.com/news/6944655/,2026-10-01,true,"DENIAL: provincial ranking tables of final-exam means circulating on social media and unofficial sites were declared undocumented; grade 11 and 12 papers were still being marked and no result had been officially announced. Tells us there is no official 1405 provincial table and that the Centre disowns circulated rankings. It does not name which table. The earlier Khordad-1402 maps came from Ministry slides, not from this episode.",5,"Mehr, ANA, Dana, Javan Online, Purson",denial,,current
