provider,indicator_code,indicator_name,year,value,qualifier,source_url,retrieved,verified
UIS,GER.1,"Gross enrolment ratio, primary, both sexes (%)",1971,69.03028106689453,,https://api.uis.unesco.org/api/public/data/indicators?indicator=GER.1&geoUnit=IRN&start=1960&end=2026,2026-10-01,true
UIS,GER.1,"Gross enrolment ratio, primary, both sexes (%)",1972,75.99442291259766,,https://api.uis.unesco.org/api/public/data/indicators?indicator=GER.1&geoUnit=IRN&start=1960&end=2026,2026-10-01,true
UIS,GER.1,"Gross enrolment ratio, primary, both sexes (%)",1973,79.06070709228516,,https://api.uis.unesco.org/api/public/data/indicators?indicator=GER.1&geoUnit=IRN&start=1960&end=2026,2026-10-01,true
UIS,GER.1,"Gross enrolment ratio, primary, both sexes (%)",1974,81.33551788330078,,https://api.uis.unesco.org/api/public/data/indicators?indicator=GER.1&geoUnit=IRN&start=1960&end=2026,2026-10-01,true
UIS,GER.1,"Gross enrolment ratio, primary, both sexes (%)",1975,89.10272979736328,,https://api.uis.unesco.org/api/public/data/indicators?indicator=GER.1&geoUnit=IRN&start=1960&end=2026,2026-10-01,true
UIS,GER.1,"Gross enrolment ratio, primary, both sexes (%)",1976,93.61647033691406,,https://api.uis.unesco.org/api/public/data/indicators?indicator=GER.1&geoUnit=IRN&start=1960&end=2026,2026-10-01,true
UIS,GER.1,"Gross enrolment ratio, primary, both sexes (%)",1977,97.10285186767578,,https://api.uis.unesco.org/api/public/data/indicators?indicator=GER.1&geoUnit=IRN&start=1960&end=2026,2026-10-01,true
UIS,GER.1,"Gross enrolment ratio, primary, both sexes (%)",1978,99.81082153320312,,https://api.uis.unesco.org/api/public/data/indicators?indicator=GER.1&geoUnit=IRN&start=1960&end=2026,2026-10-01,true
UIS,GER.1,"Gross enrolment ratio, primary, both sexes (%)",1979,85.86456298828125,,https://api.uis.unesco.org/api/public/data/indicators?indicator=GER.1&geoUnit=IRN&start=1960&end=2026,2026-10-01,true
UIS,GER.1,"Gross enrolment ratio, primary, both sexes (%)",1980,94.7447509765625,,https://api.uis.unesco.org/api/public/data/indicators?indicator=GER.1&geoUnit=IRN&start=1960&end=2026,2026-10-01,true
UIS,GER.1,"Gross enrolment ratio, primary, both sexes (%)",1981,90.57140350341797,,https://api.uis.unesco.org/api/public/data/indicators?indicator=GER.1&geoUnit=IRN&start=1960&end=2026,2026-10-01,true
UIS,GER.1,"Gross enrolment ratio, primary, both sexes (%)",1982,96.88844299316406,,https://api.uis.unesco.org/api/public/data/indicators?indicator=GER.1&geoUnit=IRN&start=1960&end=2026,2026-10-01,true
UIS,GER.1,"Gross enrolment ratio, primary, both sexes (%)",1983,98.81594848632812,,https://api.uis.unesco.org/api/public/data/indicators?indicator=GER.1&geoUnit=IRN&start=1960&end=2026,2026-10-01,true
UIS,GER.1,"Gross enrolment ratio, primary, both sexes (%)",1984,100.8930969238281,,https://api.uis.unesco.org/api/public/data/indicators?indicator=GER.1&geoUnit=IRN&start=1960&end=2026,2026-10-01,true
UIS,GER.1,"Gross enrolment ratio, primary, both sexes (%)",1985,100.7602310180664,,https://api.uis.unesco.org/api/public/data/indicators?indicator=GER.1&geoUnit=IRN&start=1960&end=2026,2026-10-01,true
UIS,GER.1,"Gross enrolment ratio, primary, both sexes (%)",1986,100.9884033203125,,https://api.uis.unesco.org/api/public/data/indicators?indicator=GER.1&geoUnit=IRN&start=1960&end=2026,2026-10-01,true
UIS,GER.1,"Gross enrolment ratio, primary, both sexes (%)",1987,100.6744613647461,,https://api.uis.unesco.org/api/public/data/indicators?indicator=GER.1&geoUnit=IRN&start=1960&end=2026,2026-10-01,true
UIS,GER.1,"Gross enrolment ratio, primary, both sexes (%)",1988,101.6228713989258,,https://api.uis.unesco.org/api/public/data/indicators?indicator=GER.1&geoUnit=IRN&start=1960&end=2026,2026-10-01,true
UIS,GER.1,"Gross enrolment ratio, primary, both sexes (%)",1989,101.649658203125,,https://api.uis.unesco.org/api/public/data/indicators?indicator=GER.1&geoUnit=IRN&start=1960&end=2026,2026-10-01,true
UIS,GER.1,"Gross enrolment ratio, primary, both sexes (%)",1990,102.681770324707,,https://api.uis.unesco.org/api/public/data/indicators?indicator=GER.1&geoUnit=IRN&start=1960&end=2026,2026-10-01,true
UIS,GER.1,"Gross enrolment ratio, primary, both sexes (%)",1991,104.3258819580078,,https://api.uis.unesco.org/api/public/data/indicators?indicator=GER.1&geoUnit=IRN&start=1960&end=2026,2026-10-01,true
UIS,GER.1,"Gross enrolment ratio, primary, both sexes (%)",1992,105.2299728393555,,https://api.uis.unesco.org/api/public/data/indicators?indicator=GER.1&geoUnit=IRN&start=1960&end=2026,2026-10-01,true
UIS,GER.1,"Gross enrolment ratio, primary, both sexes (%)",1993,104.1376113891602,,https://api.uis.unesco.org/api/public/data/indicators?indicator=GER.1&geoUnit=IRN&start=1960&end=2026,2026-10-01,true
UIS,GER.1,"Gross enrolment ratio, primary, both sexes (%)",1994,102.6636505126953,,https://api.uis.unesco.org/api/public/data/indicators?indicator=GER.1&geoUnit=IRN&start=1960&end=2026,2026-10-01,true
UIS,GER.1,"Gross enrolment ratio, primary, both sexes (%)",1995,101.4040374755859,,https://api.uis.unesco.org/api/public/data/indicators?indicator=GER.1&geoUnit=IRN&start=1960&end=2026,2026-10-01,true
UIS,GER.1,"Gross enrolment ratio, primary, both sexes (%)",1996,100.6812591552734,,https://api.uis.unesco.org/api/public/data/indicators?indicator=GER.1&geoUnit=IRN&start=1960&end=2026,2026-10-01,true
UIS,GER.1,"Gross enrolment ratio, primary, both sexes (%)",1997,98.2556381225586,,https://api.uis.unesco.org/api/public/data/indicators?indicator=GER.1&geoUnit=IRN&start=1960&end=2026,2026-10-01,true
UIS,GER.1,"Gross enrolment ratio, primary, both sexes (%)",1998,98.51286315917969,,https://api.uis.unesco.org/api/public/data/indicators?indicator=GER.1&geoUnit=IRN&start=1960&end=2026,2026-10-01,true
UIS,GER.1,"Gross enrolment ratio, primary, both sexes (%)",1999,97.4371566772461,,https://api.uis.unesco.org/api/public/data/indicators?indicator=GER.1&geoUnit=IRN&start=1960&end=2026,2026-10-01,true
UIS,GER.1,"Gross enrolment ratio, primary, both sexes (%)",2000,97.7706298828125,,https://api.uis.unesco.org/api/public/data/indicators?indicator=GER.1&geoUnit=IRN&start=1960&end=2026,2026-10-01,true
UIS,GER.1,"Gross enrolment ratio, primary, both sexes (%)",2001,100.7109222412109,,https://api.uis.unesco.org/api/public/data/indicators?indicator=GER.1&geoUnit=IRN&start=1960&end=2026,2026-10-01,true
UIS,GER.1,"Gross enrolment ratio, primary, both sexes (%)",2002,103.4371795654297,,https://api.uis.unesco.org/api/public/data/indicators?indicator=GER.1&geoUnit=IRN&start=1960&end=2026,2026-10-01,true
UIS,GER.1,"Gross enrolment ratio, primary, both sexes (%)",2003,106.7795028686523,,https://api.uis.unesco.org/api/public/data/indicators?indicator=GER.1&geoUnit=IRN&start=1960&end=2026,2026-10-01,true
UIS,GER.1,"Gross enrolment ratio, primary, both sexes (%)",2004,108.2600784301758,,https://api.uis.unesco.org/api/public/data/indicators?indicator=GER.1&geoUnit=IRN&start=1960&end=2026,2026-10-01,true
UIS,GER.1,"Gross enrolment ratio, primary, both sexes (%)",2005,105.1987228393555,,https://api.uis.unesco.org/api/public/data/indicators?indicator=GER.1&geoUnit=IRN&start=1960&end=2026,2026-10-01,true
UIS,GER.1,"Gross enrolment ratio, primary, both sexes (%)",2006,102.8835372924805,,https://api.uis.unesco.org/api/public/data/indicators?indicator=GER.1&geoUnit=IRN&start=1960&end=2026,2026-10-01,true
UIS,GER.1,"Gross enrolment ratio, primary, both sexes (%)",2007,99.7476577758789,,https://api.uis.unesco.org/api/public/data/indicators?indicator=GER.1&geoUnit=IRN&start=1960&end=2026,2026-10-01,true
UIS,GER.1,"Gross enrolment ratio, primary, both sexes (%)",2008,99.2127914428711,,https://api.uis.unesco.org/api/public/data/indicators?indicator=GER.1&geoUnit=IRN&start=1960&end=2026,2026-10-01,true
UIS,GER.1,"Gross enrolment ratio, primary, both sexes (%)",2009,99.2889633178711,,https://api.uis.unesco.org/api/public/data/indicators?indicator=GER.1&geoUnit=IRN&start=1960&end=2026,2026-10-01,true
UIS,GER.1,"Gross enrolment ratio, primary, both sexes (%)",2010,98.40857696533203,,https://api.uis.unesco.org/api/public/data/indicators?indicator=GER.1&geoUnit=IRN&start=1960&end=2026,2026-10-01,true
UIS,GER.1,"Gross enrolment ratio, primary, both sexes (%)",2011,99.0494384765625,,https://api.uis.unesco.org/api/public/data/indicators?indicator=GER.1&geoUnit=IRN&start=1960&end=2026,2026-10-01,true
UIS,GER.1,"Gross enrolment ratio, primary, both sexes (%)",2012,99.12879180908203,,https://api.uis.unesco.org/api/public/data/indicators?indicator=GER.1&geoUnit=IRN&start=1960&end=2026,2026-10-01,true
UIS,GER.1,"Gross enrolment ratio, primary, both sexes (%)",2013,111.4211502075195,,https://api.uis.unesco.org/api/public/data/indicators?indicator=GER.1&geoUnit=IRN&start=1960&end=2026,2026-10-01,true
UIS,GER.1,"Gross enrolment ratio, primary, both sexes (%)",2014,103.5001602172852,,https://api.uis.unesco.org/api/public/data/indicators?indicator=GER.1&geoUnit=IRN&start=1960&end=2026,2026-10-01,true
UIS,GER.1,"Gross enrolment ratio, primary, both sexes (%)",2015,104.1154098510742,,https://api.uis.unesco.org/api/public/data/indicators?indicator=GER.1&geoUnit=IRN&start=1960&end=2026,2026-10-01,true
UIS,GER.1,"Gross enrolment ratio, primary, both sexes (%)",2016,105.8210220336914,,https://api.uis.unesco.org/api/public/data/indicators?indicator=GER.1&geoUnit=IRN&start=1960&end=2026,2026-10-01,true
UIS,GER.1,"Gross enrolment ratio, primary, both sexes (%)",2017,105.3697662353516,,https://api.uis.unesco.org/api/public/data/indicators?indicator=GER.1&geoUnit=IRN&start=1960&end=2026,2026-10-01,true
UIS,GER.1,"Gross enrolment ratio, primary, both sexes (%)",2019,105.4518432617188,,https://api.uis.unesco.org/api/public/data/indicators?indicator=GER.1&geoUnit=IRN&start=1960&end=2026,2026-10-01,true
UIS,GER.1,"Gross enrolment ratio, primary, both sexes (%)",2020,104.6801300048828,,https://api.uis.unesco.org/api/public/data/indicators?indicator=GER.1&geoUnit=IRN&start=1960&end=2026,2026-10-01,true
UIS,GER.1,"Gross enrolment ratio, primary, both sexes (%)",2022,100.974853515625,,https://api.uis.unesco.org/api/public/data/indicators?indicator=GER.1&geoUnit=IRN&start=1960&end=2026,2026-10-01,true
UIS,GER.1,"Gross enrolment ratio, primary, both sexes (%)",2023,101.9626235961914,,https://api.uis.unesco.org/api/public/data/indicators?indicator=GER.1&geoUnit=IRN&start=1960&end=2026,2026-10-01,true
UIS,GER.2,"Gross enrolment ratio, lower secondary, both sexes (%)",1997,90.60395050048828,,https://api.uis.unesco.org/api/public/data/indicators?indicator=GER.2&geoUnit=IRN&start=1960&end=2026,2026-10-01,true
UIS,GER.2,"Gross enrolment ratio, lower secondary, both sexes (%)",1999,91.61253356933594,,https://api.uis.unesco.org/api/public/data/indicators?indicator=GER.2&geoUnit=IRN&start=1960&end=2026,2026-10-01,true
UIS,GER.2,"Gross enrolment ratio, lower secondary, both sexes (%)",2000,90.2304916381836,,https://api.uis.unesco.org/api/public/data/indicators?indicator=GER.2&geoUnit=IRN&start=1960&end=2026,2026-10-01,true
UIS,GER.2,"Gross enrolment ratio, lower secondary, both sexes (%)",2001,88.974609375,,https://api.uis.unesco.org/api/public/data/indicators?indicator=GER.2&geoUnit=IRN&start=1960&end=2026,2026-10-01,true
UIS,GER.2,"Gross enrolment ratio, lower secondary, both sexes (%)",2002,89.23683166503906,,https://api.uis.unesco.org/api/public/data/indicators?indicator=GER.2&geoUnit=IRN&start=1960&end=2026,2026-10-01,true
UIS,GER.2,"Gross enrolment ratio, lower secondary, both sexes (%)",2003,91.33748626708984,,https://api.uis.unesco.org/api/public/data/indicators?indicator=GER.2&geoUnit=IRN&start=1960&end=2026,2026-10-01,true
UIS,GER.2,"Gross enrolment ratio, lower secondary, both sexes (%)",2004,91.99321746826172,,https://api.uis.unesco.org/api/public/data/indicators?indicator=GER.2&geoUnit=IRN&start=1960&end=2026,2026-10-01,true
UIS,GER.2,"Gross enrolment ratio, lower secondary, both sexes (%)",2005,92.75200653076172,,https://api.uis.unesco.org/api/public/data/indicators?indicator=GER.2&geoUnit=IRN&start=1960&end=2026,2026-10-01,true
UIS,GER.2,"Gross enrolment ratio, lower secondary, both sexes (%)",2006,94.90711212158203,,https://api.uis.unesco.org/api/public/data/indicators?indicator=GER.2&geoUnit=IRN&start=1960&end=2026,2026-10-01,true
UIS,GER.2,"Gross enrolment ratio, lower secondary, both sexes (%)",2007,96.23921203613281,,https://api.uis.unesco.org/api/public/data/indicators?indicator=GER.2&geoUnit=IRN&start=1960&end=2026,2026-10-01,true
UIS,GER.2,"Gross enrolment ratio, lower secondary, both sexes (%)",2008,96.1401596069336,,https://api.uis.unesco.org/api/public/data/indicators?indicator=GER.2&geoUnit=IRN&start=1960&end=2026,2026-10-01,true
UIS,GER.2,"Gross enrolment ratio, lower secondary, both sexes (%)",2009,94.73320007324219,,https://api.uis.unesco.org/api/public/data/indicators?indicator=GER.2&geoUnit=IRN&start=1960&end=2026,2026-10-01,true
UIS,GER.2,"Gross enrolment ratio, lower secondary, both sexes (%)",2010,92.41081237792969,,https://api.uis.unesco.org/api/public/data/indicators?indicator=GER.2&geoUnit=IRN&start=1960&end=2026,2026-10-01,true
UIS,GER.2,"Gross enrolment ratio, lower secondary, both sexes (%)",2011,93.04649353027344,,https://api.uis.unesco.org/api/public/data/indicators?indicator=GER.2&geoUnit=IRN&start=1960&end=2026,2026-10-01,true
UIS,GER.2,"Gross enrolment ratio, lower secondary, both sexes (%)",2012,93.30567932128906,,https://api.uis.unesco.org/api/public/data/indicators?indicator=GER.2&geoUnit=IRN&start=1960&end=2026,2026-10-01,true
UIS,GER.2,"Gross enrolment ratio, lower secondary, both sexes (%)",2013,92.65158081054688,,https://api.uis.unesco.org/api/public/data/indicators?indicator=GER.2&geoUnit=IRN&start=1960&end=2026,2026-10-01,true
UIS,GER.2,"Gross enrolment ratio, lower secondary, both sexes (%)",2014,91.86741638183594,,https://api.uis.unesco.org/api/public/data/indicators?indicator=GER.2&geoUnit=IRN&start=1960&end=2026,2026-10-01,true
UIS,GER.2,"Gross enrolment ratio, lower secondary, both sexes (%)",2016,90.61988067626953,,https://api.uis.unesco.org/api/public/data/indicators?indicator=GER.2&geoUnit=IRN&start=1960&end=2026,2026-10-01,true
UIS,GER.2,"Gross enrolment ratio, lower secondary, both sexes (%)",2017,91.11607360839844,,https://api.uis.unesco.org/api/public/data/indicators?indicator=GER.2&geoUnit=IRN&start=1960&end=2026,2026-10-01,true
UIS,GER.2,"Gross enrolment ratio, lower secondary, both sexes (%)",2019,91.95964050292969,,https://api.uis.unesco.org/api/public/data/indicators?indicator=GER.2&geoUnit=IRN&start=1960&end=2026,2026-10-01,true
UIS,GER.2,"Gross enrolment ratio, lower secondary, both sexes (%)",2020,91.71766662597656,,https://api.uis.unesco.org/api/public/data/indicators?indicator=GER.2&geoUnit=IRN&start=1960&end=2026,2026-10-01,true
UIS,GER.2,"Gross enrolment ratio, lower secondary, both sexes (%)",2022,91.66433715820312,,https://api.uis.unesco.org/api/public/data/indicators?indicator=GER.2&geoUnit=IRN&start=1960&end=2026,2026-10-01,true
UIS,GER.2,"Gross enrolment ratio, lower secondary, both sexes (%)",2023,92.67439270019531,,https://api.uis.unesco.org/api/public/data/indicators?indicator=GER.2&geoUnit=IRN&start=1960&end=2026,2026-10-01,true
UIS,GER.3,"Gross enrolment ratio, upper secondary, both sexes (%)",1997,54.47502899169922,,https://api.uis.unesco.org/api/public/data/indicators?indicator=GER.3&geoUnit=IRN&start=1960&end=2026,2026-10-01,true
UIS,GER.3,"Gross enrolment ratio, upper secondary, both sexes (%)",1999,60.85527038574219,,https://api.uis.unesco.org/api/public/data/indicators?indicator=GER.3&geoUnit=IRN&start=1960&end=2026,2026-10-01,true
UIS,GER.3,"Gross enrolment ratio, upper secondary, both sexes (%)",2000,63.40196990966797,,https://api.uis.unesco.org/api/public/data/indicators?indicator=GER.3&geoUnit=IRN&start=1960&end=2026,2026-10-01,true
UIS,GER.3,"Gross enrolment ratio, upper secondary, both sexes (%)",2001,63.92610168457031,,https://api.uis.unesco.org/api/public/data/indicators?indicator=GER.3&geoUnit=IRN&start=1960&end=2026,2026-10-01,true
UIS,GER.3,"Gross enrolment ratio, upper secondary, both sexes (%)",2002,64.26683807373047,,https://api.uis.unesco.org/api/public/data/indicators?indicator=GER.3&geoUnit=IRN&start=1960&end=2026,2026-10-01,true
UIS,GER.3,"Gross enrolment ratio, upper secondary, both sexes (%)",2003,62.69552993774414,,https://api.uis.unesco.org/api/public/data/indicators?indicator=GER.3&geoUnit=IRN&start=1960&end=2026,2026-10-01,true
UIS,GER.3,"Gross enrolment ratio, upper secondary, both sexes (%)",2004,62.69466018676758,,https://api.uis.unesco.org/api/public/data/indicators?indicator=GER.3&geoUnit=IRN&start=1960&end=2026,2026-10-01,true
UIS,GER.3,"Gross enrolment ratio, upper secondary, both sexes (%)",2005,62.64868927001953,,https://api.uis.unesco.org/api/public/data/indicators?indicator=GER.3&geoUnit=IRN&start=1960&end=2026,2026-10-01,true
UIS,GER.3,"Gross enrolment ratio, upper secondary, both sexes (%)",2006,64.30445861816406,,https://api.uis.unesco.org/api/public/data/indicators?indicator=GER.3&geoUnit=IRN&start=1960&end=2026,2026-10-01,true
UIS,GER.3,"Gross enrolment ratio, upper secondary, both sexes (%)",2007,63.24417877197266,,https://api.uis.unesco.org/api/public/data/indicators?indicator=GER.3&geoUnit=IRN&start=1960&end=2026,2026-10-01,true
UIS,GER.3,"Gross enrolment ratio, upper secondary, both sexes (%)",2008,68.4600601196289,,https://api.uis.unesco.org/api/public/data/indicators?indicator=GER.3&geoUnit=IRN&start=1960&end=2026,2026-10-01,true
UIS,GER.3,"Gross enrolment ratio, upper secondary, both sexes (%)",2009,71.61518096923828,,https://api.uis.unesco.org/api/public/data/indicators?indicator=GER.3&geoUnit=IRN&start=1960&end=2026,2026-10-01,true
UIS,GER.3,"Gross enrolment ratio, upper secondary, both sexes (%)",2010,70.587158203125,,https://api.uis.unesco.org/api/public/data/indicators?indicator=GER.3&geoUnit=IRN&start=1960&end=2026,2026-10-01,true
UIS,GER.3,"Gross enrolment ratio, upper secondary, both sexes (%)",2011,73.55903625488281,,https://api.uis.unesco.org/api/public/data/indicators?indicator=GER.3&geoUnit=IRN&start=1960&end=2026,2026-10-01,true
UIS,GER.3,"Gross enrolment ratio, upper secondary, both sexes (%)",2012,75.42742919921875,,https://api.uis.unesco.org/api/public/data/indicators?indicator=GER.3&geoUnit=IRN&start=1960&end=2026,2026-10-01,true
UIS,GER.3,"Gross enrolment ratio, upper secondary, both sexes (%)",2013,76.33056640625,,https://api.uis.unesco.org/api/public/data/indicators?indicator=GER.3&geoUnit=IRN&start=1960&end=2026,2026-10-01,true
UIS,GER.3,"Gross enrolment ratio, upper secondary, both sexes (%)",2014,78.09369659423828,,https://api.uis.unesco.org/api/public/data/indicators?indicator=GER.3&geoUnit=IRN&start=1960&end=2026,2026-10-01,true
UIS,GER.3,"Gross enrolment ratio, upper secondary, both sexes (%)",2016,76.09705352783203,,https://api.uis.unesco.org/api/public/data/indicators?indicator=GER.3&geoUnit=IRN&start=1960&end=2026,2026-10-01,true
UIS,GER.3,"Gross enrolment ratio, upper secondary, both sexes (%)",2017,74.30835723876953,,https://api.uis.unesco.org/api/public/data/indicators?indicator=GER.3&geoUnit=IRN&start=1960&end=2026,2026-10-01,true
UIS,GER.3,"Gross enrolment ratio, upper secondary, both sexes (%)",2020,78.09992218017578,,https://api.uis.unesco.org/api/public/data/indicators?indicator=GER.3&geoUnit=IRN&start=1960&end=2026,2026-10-01,true
UIS,GER.3,"Gross enrolment ratio, upper secondary, both sexes (%)",2022,79.07158660888672,,https://api.uis.unesco.org/api/public/data/indicators?indicator=GER.3&geoUnit=IRN&start=1960&end=2026,2026-10-01,true
UIS,GER.3,"Gross enrolment ratio, upper secondary, both sexes (%)",2023,77.12934875488281,,https://api.uis.unesco.org/api/public/data/indicators?indicator=GER.3&geoUnit=IRN&start=1960&end=2026,2026-10-01,true
UIS,GER.5T8,"Gross enrolment ratio for tertiary education, both sexes (%)",1971,2.805740118026733,,https://api.uis.unesco.org/api/public/data/indicators?indicator=GER.5T8&geoUnit=IRN&start=1960&end=2026,2026-10-01,true
UIS,GER.5T8,"Gross enrolment ratio for tertiary education, both sexes (%)",1972,3.300859928131104,,https://api.uis.unesco.org/api/public/data/indicators?indicator=GER.5T8&geoUnit=IRN&start=1960&end=2026,2026-10-01,true
UIS,GER.5T8,"Gross enrolment ratio for tertiary education, both sexes (%)",1973,3.76117992401123,,https://api.uis.unesco.org/api/public/data/indicators?indicator=GER.5T8&geoUnit=IRN&start=1960&end=2026,2026-10-01,true
UIS,GER.5T8,"Gross enrolment ratio for tertiary education, both sexes (%)",1974,3.855000019073486,,https://api.uis.unesco.org/api/public/data/indicators?indicator=GER.5T8&geoUnit=IRN&start=1960&end=2026,2026-10-01,true
UIS,GER.5T8,"Gross enrolment ratio for tertiary education, both sexes (%)",1975,4.066239833831787,,https://api.uis.unesco.org/api/public/data/indicators?indicator=GER.5T8&geoUnit=IRN&start=1960&end=2026,2026-10-01,true
UIS,GER.5T8,"Gross enrolment ratio for tertiary education, both sexes (%)",1976,4.375679969787598,,https://api.uis.unesco.org/api/public/data/indicators?indicator=GER.5T8&geoUnit=IRN&start=1960&end=2026,2026-10-01,true
UIS,GER.5T8,"Gross enrolment ratio for tertiary education, both sexes (%)",1977,4.275199890136719,,https://api.uis.unesco.org/api/public/data/indicators?indicator=GER.5T8&geoUnit=IRN&start=1960&end=2026,2026-10-01,true
UIS,GER.5T8,"Gross enrolment ratio for tertiary education, both sexes (%)",1978,4.31859016418457,,https://api.uis.unesco.org/api/public/data/indicators?indicator=GER.5T8&geoUnit=IRN&start=1960&end=2026,2026-10-01,true
UIS,GER.5T8,"Gross enrolment ratio for tertiary education, both sexes (%)",1995,17.33695983886719,,https://api.uis.unesco.org/api/public/data/indicators?indicator=GER.5T8&geoUnit=IRN&start=1960&end=2026,2026-10-01,true
UIS,GER.5T8,"Gross enrolment ratio for tertiary education, both sexes (%)",1996,18.9632396697998,,https://api.uis.unesco.org/api/public/data/indicators?indicator=GER.5T8&geoUnit=IRN&start=1960&end=2026,2026-10-01,true
UIS,GER.5T8,"Gross enrolment ratio for tertiary education, both sexes (%)",1999,18.79256057739258,,https://api.uis.unesco.org/api/public/data/indicators?indicator=GER.5T8&geoUnit=IRN&start=1960&end=2026,2026-10-01,true
UIS,GER.5T8,"Gross enrolment ratio for tertiary education, both sexes (%)",2000,18.78017997741699,,https://api.uis.unesco.org/api/public/data/indicators?indicator=GER.5T8&geoUnit=IRN&start=1960&end=2026,2026-10-01,true
UIS,GER.5T8,"Gross enrolment ratio for tertiary education, both sexes (%)",2001,19.49188041687012,,https://api.uis.unesco.org/api/public/data/indicators?indicator=GER.5T8&geoUnit=IRN&start=1960&end=2026,2026-10-01,true
UIS,GER.5T8,"Gross enrolment ratio for tertiary education, both sexes (%)",2002,18.27586936950684,,https://api.uis.unesco.org/api/public/data/indicators?indicator=GER.5T8&geoUnit=IRN&start=1960&end=2026,2026-10-01,true
UIS,GER.5T8,"Gross enrolment ratio for tertiary education, both sexes (%)",2003,19.40579032897949,,https://api.uis.unesco.org/api/public/data/indicators?indicator=GER.5T8&geoUnit=IRN&start=1960&end=2026,2026-10-01,true
UIS,GER.5T8,"Gross enrolment ratio for tertiary education, both sexes (%)",2004,21.37067985534668,,https://api.uis.unesco.org/api/public/data/indicators?indicator=GER.5T8&geoUnit=IRN&start=1960&end=2026,2026-10-01,true
UIS,GER.5T8,"Gross enrolment ratio for tertiary education, both sexes (%)",2005,22.68419075012207,,https://api.uis.unesco.org/api/public/data/indicators?indicator=GER.5T8&geoUnit=IRN&start=1960&end=2026,2026-10-01,true
UIS,GER.5T8,"Gross enrolment ratio for tertiary education, both sexes (%)",2006,25.30703926086426,,https://api.uis.unesco.org/api/public/data/indicators?indicator=GER.5T8&geoUnit=IRN&start=1960&end=2026,2026-10-01,true
UIS,GER.5T8,"Gross enrolment ratio for tertiary education, both sexes (%)",2007,29.82138061523438,,https://api.uis.unesco.org/api/public/data/indicators?indicator=GER.5T8&geoUnit=IRN&start=1960&end=2026,2026-10-01,true
UIS,GER.5T8,"Gross enrolment ratio for tertiary education, both sexes (%)",2008,36.19393920898438,,https://api.uis.unesco.org/api/public/data/indicators?indicator=GER.5T8&geoUnit=IRN&start=1960&end=2026,2026-10-01,true
UIS,GER.5T8,"Gross enrolment ratio for tertiary education, both sexes (%)",2009,36.48331832885742,,https://api.uis.unesco.org/api/public/data/indicators?indicator=GER.5T8&geoUnit=IRN&start=1960&end=2026,2026-10-01,true
UIS,GER.5T8,"Gross enrolment ratio for tertiary education, both sexes (%)",2010,42.54822158813477,,https://api.uis.unesco.org/api/public/data/indicators?indicator=GER.5T8&geoUnit=IRN&start=1960&end=2026,2026-10-01,true
UIS,GER.5T8,"Gross enrolment ratio for tertiary education, both sexes (%)",2011,48.05960845947266,,https://api.uis.unesco.org/api/public/data/indicators?indicator=GER.5T8&geoUnit=IRN&start=1960&end=2026,2026-10-01,true
UIS,GER.5T8,"Gross enrolment ratio for tertiary education, both sexes (%)",2012,53.90024948120117,,https://api.uis.unesco.org/api/public/data/indicators?indicator=GER.5T8&geoUnit=IRN&start=1960&end=2026,2026-10-01,true
UIS,GER.5T8,"Gross enrolment ratio for tertiary education, both sexes (%)",2013,56.4632682800293,,https://api.uis.unesco.org/api/public/data/indicators?indicator=GER.5T8&geoUnit=IRN&start=1960&end=2026,2026-10-01,true
UIS,GER.5T8,"Gross enrolment ratio for tertiary education, both sexes (%)",2014,64.49990844726562,,https://api.uis.unesco.org/api/public/data/indicators?indicator=GER.5T8&geoUnit=IRN&start=1960&end=2026,2026-10-01,true
UIS,GER.5T8,"Gross enrolment ratio for tertiary education, both sexes (%)",2015,70.68585205078125,,https://api.uis.unesco.org/api/public/data/indicators?indicator=GER.5T8&geoUnit=IRN&start=1960&end=2026,2026-10-01,true
UIS,GER.5T8,"Gross enrolment ratio for tertiary education, both sexes (%)",2016,67.9112319946289,,https://api.uis.unesco.org/api/public/data/indicators?indicator=GER.5T8&geoUnit=IRN&start=1960&end=2026,2026-10-01,true
UIS,GER.5T8,"Gross enrolment ratio for tertiary education, both sexes (%)",2017,66.35144805908203,,https://api.uis.unesco.org/api/public/data/indicators?indicator=GER.5T8&geoUnit=IRN&start=1960&end=2026,2026-10-01,true
UIS,GER.5T8,"Gross enrolment ratio for tertiary education, both sexes (%)",2018,60.86114883422852,,https://api.uis.unesco.org/api/public/data/indicators?indicator=GER.5T8&geoUnit=IRN&start=1960&end=2026,2026-10-01,true
UIS,GER.5T8,"Gross enrolment ratio for tertiary education, both sexes (%)",2019,58.11695098876953,,https://api.uis.unesco.org/api/public/data/indicators?indicator=GER.5T8&geoUnit=IRN&start=1960&end=2026,2026-10-01,true
UIS,GER.5T8,"Gross enrolment ratio for tertiary education, both sexes (%)",2020,55.63666915893555,,https://api.uis.unesco.org/api/public/data/indicators?indicator=GER.5T8&geoUnit=IRN&start=1960&end=2026,2026-10-01,true
UIS,GER.5T8,"Gross enrolment ratio for tertiary education, both sexes (%)",2021,54.30519866943359,,https://api.uis.unesco.org/api/public/data/indicators?indicator=GER.5T8&geoUnit=IRN&start=1960&end=2026,2026-10-01,true
UIS,GER.5T8,"Gross enrolment ratio for tertiary education, both sexes (%)",2022,58.68386077880859,,https://api.uis.unesco.org/api/public/data/indicators?indicator=GER.5T8&geoUnit=IRN&start=1960&end=2026,2026-10-01,true
UIS,LR.AG15T99,"Adult literacy rate, population 15+ years, both sexes (%)",1976,36.52000045776367,,https://api.uis.unesco.org/api/public/data/indicators?indicator=LR.AG15T99&geoUnit=IRN&start=1960&end=2026,2026-10-01,true
UIS,LR.AG15T99,"Adult literacy rate, population 15+ years, both sexes (%)",1986,52.31999969482422,,https://api.uis.unesco.org/api/public/data/indicators?indicator=LR.AG15T99&geoUnit=IRN&start=1960&end=2026,2026-10-01,true
UIS,LR.AG15T99,"Adult literacy rate, population 15+ years, both sexes (%)",1991,65.52999877929688,,https://api.uis.unesco.org/api/public/data/indicators?indicator=LR.AG15T99&geoUnit=IRN&start=1960&end=2026,2026-10-01,true
UIS,LR.AG15T99,"Adult literacy rate, population 15+ years, both sexes (%)",1996,73.05999755859375,,https://api.uis.unesco.org/api/public/data/indicators?indicator=LR.AG15T99&geoUnit=IRN&start=1960&end=2026,2026-10-01,true
UIS,LR.AG15T99,"Adult literacy rate, population 15+ years, both sexes (%)",2002,77,,https://api.uis.unesco.org/api/public/data/indicators?indicator=LR.AG15T99&geoUnit=IRN&start=1960&end=2026,2026-10-01,true
UIS,LR.AG15T99,"Adult literacy rate, population 15+ years, both sexes (%)",2005,82.44000244140625,,https://api.uis.unesco.org/api/public/data/indicators?indicator=LR.AG15T99&geoUnit=IRN&start=1960&end=2026,2026-10-01,true
UIS,LR.AG15T99,"Adult literacy rate, population 15+ years, both sexes (%)",2006,82.33000183105469,,https://api.uis.unesco.org/api/public/data/indicators?indicator=LR.AG15T99&geoUnit=IRN&start=1960&end=2026,2026-10-01,true
UIS,LR.AG15T99,"Adult literacy rate, population 15+ years, both sexes (%)",2008,82.95999908447266,,https://api.uis.unesco.org/api/public/data/indicators?indicator=LR.AG15T99&geoUnit=IRN&start=1960&end=2026,2026-10-01,true
UIS,LR.AG15T99,"Adult literacy rate, population 15+ years, both sexes (%)",2009,83.222239914938,,https://api.uis.unesco.org/api/public/data/indicators?indicator=LR.AG15T99&geoUnit=IRN&start=1960&end=2026,2026-10-01,true
UIS,LR.AG15T99,"Adult literacy rate, population 15+ years, both sexes (%)",2010,83.6646682357838,,https://api.uis.unesco.org/api/public/data/indicators?indicator=LR.AG15T99&geoUnit=IRN&start=1960&end=2026,2026-10-01,true
UIS,LR.AG15T99,"Adult literacy rate, population 15+ years, both sexes (%)",2011,83.5199966430664,,https://api.uis.unesco.org/api/public/data/indicators?indicator=LR.AG15T99&geoUnit=IRN&start=1960&end=2026,2026-10-01,true
UIS,LR.AG15T99,"Adult literacy rate, population 15+ years, both sexes (%)",2012,83.62999725341797,,https://api.uis.unesco.org/api/public/data/indicators?indicator=LR.AG15T99&geoUnit=IRN&start=1960&end=2026,2026-10-01,true
UIS,LR.AG15T99,"Adult literacy rate, population 15+ years, both sexes (%)",2013,84.62999725341797,,https://api.uis.unesco.org/api/public/data/indicators?indicator=LR.AG15T99&geoUnit=IRN&start=1960&end=2026,2026-10-01,true
UIS,LR.AG15T99,"Adult literacy rate, population 15+ years, both sexes (%)",2014,84.70999908447266,,https://api.uis.unesco.org/api/public/data/indicators?indicator=LR.AG15T99&geoUnit=IRN&start=1960&end=2026,2026-10-01,true
UIS,LR.AG15T99,"Adult literacy rate, population 15+ years, both sexes (%)",2015,85.283432659187,,https://api.uis.unesco.org/api/public/data/indicators?indicator=LR.AG15T99&geoUnit=IRN&start=1960&end=2026,2026-10-01,true
UIS,LR.AG15T99,"Adult literacy rate, population 15+ years, both sexes (%)",2016,85.54000091552734,,https://api.uis.unesco.org/api/public/data/indicators?indicator=LR.AG15T99&geoUnit=IRN&start=1960&end=2026,2026-10-01,true
UIS,LR.AG15T99,"Adult literacy rate, population 15+ years, both sexes (%)",2017,85.9467906933665,,https://api.uis.unesco.org/api/public/data/indicators?indicator=LR.AG15T99&geoUnit=IRN&start=1960&end=2026,2026-10-01,true
UIS,LR.AG15T99,"Adult literacy rate, population 15+ years, both sexes (%)",2018,86.8688350894209,,https://api.uis.unesco.org/api/public/data/indicators?indicator=LR.AG15T99&geoUnit=IRN&start=1960&end=2026,2026-10-01,true
UIS,LR.AG15T99,"Adult literacy rate, population 15+ years, both sexes (%)",2019,87.3788306734933,,https://api.uis.unesco.org/api/public/data/indicators?indicator=LR.AG15T99&geoUnit=IRN&start=1960&end=2026,2026-10-01,true
UIS,LR.AG15T99,"Adult literacy rate, population 15+ years, both sexes (%)",2020,87.9028264049083,,https://api.uis.unesco.org/api/public/data/indicators?indicator=LR.AG15T99&geoUnit=IRN&start=1960&end=2026,2026-10-01,true
UIS,LR.AG15T99,"Adult literacy rate, population 15+ years, both sexes (%)",2021,88.4555944977134,,https://api.uis.unesco.org/api/public/data/indicators?indicator=LR.AG15T99&geoUnit=IRN&start=1960&end=2026,2026-10-01,true
UIS,LR.AG15T99,"Adult literacy rate, population 15+ years, both sexes (%)",2022,88.5942297159365,,https://api.uis.unesco.org/api/public/data/indicators?indicator=LR.AG15T99&geoUnit=IRN&start=1960&end=2026,2026-10-01,true
UIS,LR.AG15T99,"Adult literacy rate, population 15+ years, both sexes (%)",2023,88.9168161136597,,https://api.uis.unesco.org/api/public/data/indicators?indicator=LR.AG15T99&geoUnit=IRN&start=1960&end=2026,2026-10-01,true
UIS,OFST.1.CP,"Out-of-school children of primary school age, both sexes (number)",1971,2119519,,https://api.uis.unesco.org/api/public/data/indicators?indicator=OFST.1.CP&geoUnit=IRN&start=1960&end=2026,2026-10-01,true
UIS,OFST.1.CP,"Out-of-school children of primary school age, both sexes (number)",1984,1002730,,https://api.uis.unesco.org/api/public/data/indicators?indicator=OFST.1.CP&geoUnit=IRN&start=1960&end=2026,2026-10-01,true
UIS,OFST.1.CP,"Out-of-school children of primary school age, both sexes (number)",1985,1069195,,https://api.uis.unesco.org/api/public/data/indicators?indicator=OFST.1.CP&geoUnit=IRN&start=1960&end=2026,2026-10-01,true
UIS,OFST.1.CP,"Out-of-school children of primary school age, both sexes (number)",1986,1128985,,https://api.uis.unesco.org/api/public/data/indicators?indicator=OFST.1.CP&geoUnit=IRN&start=1960&end=2026,2026-10-01,true
UIS,OFST.1.CP,"Out-of-school children of primary school age, both sexes (number)",1987,1225243,,https://api.uis.unesco.org/api/public/data/indicators?indicator=OFST.1.CP&geoUnit=IRN&start=1960&end=2026,2026-10-01,true
UIS,OFST.1.CP,"Out-of-school children of primary school age, both sexes (number)",1988,1239916,,https://api.uis.unesco.org/api/public/data/indicators?indicator=OFST.1.CP&geoUnit=IRN&start=1960&end=2026,2026-10-01,true
UIS,OFST.1.CP,"Out-of-school children of primary school age, both sexes (number)",1989,1318446,,https://api.uis.unesco.org/api/public/data/indicators?indicator=OFST.1.CP&geoUnit=IRN&start=1960&end=2026,2026-10-01,true
UIS,OFST.1.CP,"Out-of-school children of primary school age, both sexes (number)",1990,911722,,https://api.uis.unesco.org/api/public/data/indicators?indicator=OFST.1.CP&geoUnit=IRN&start=1960&end=2026,2026-10-01,true
UIS,OFST.1.CP,"Out-of-school children of primary school age, both sexes (number)",1992,737339,,https://api.uis.unesco.org/api/public/data/indicators?indicator=OFST.1.CP&geoUnit=IRN&start=1960&end=2026,2026-10-01,true
UIS,OFST.1.CP,"Out-of-school children of primary school age, both sexes (number)",1997,975763,,https://api.uis.unesco.org/api/public/data/indicators?indicator=OFST.1.CP&geoUnit=IRN&start=1960&end=2026,2026-10-01,true
UIS,OFST.1.CP,"Out-of-school children of primary school age, both sexes (number)",1999,1512711,UIS_EST,https://api.uis.unesco.org/api/public/data/indicators?indicator=OFST.1.CP&geoUnit=IRN&start=1960&end=2026,2026-10-01,true
UIS,OFST.1.CP,"Out-of-school children of primary school age, both sexes (number)",2000,1417290,UIS_EST,https://api.uis.unesco.org/api/public/data/indicators?indicator=OFST.1.CP&geoUnit=IRN&start=1960&end=2026,2026-10-01,true
UIS,OFST.1.CP,"Out-of-school children of primary school age, both sexes (number)",2002,206217,,https://api.uis.unesco.org/api/public/data/indicators?indicator=OFST.1.CP&geoUnit=IRN&start=1960&end=2026,2026-10-01,true
UIS,OFST.1.CP,"Out-of-school children of primary school age, both sexes (number)",2003,155856,,https://api.uis.unesco.org/api/public/data/indicators?indicator=OFST.1.CP&geoUnit=IRN&start=1960&end=2026,2026-10-01,true
UIS,OFST.1.CP,"Out-of-school children of primary school age, both sexes (number)",2004,106754,UIS_EST,https://api.uis.unesco.org/api/public/data/indicators?indicator=OFST.1.CP&geoUnit=IRN&start=1960&end=2026,2026-10-01,true
UIS,OFST.1.CP,"Out-of-school children of primary school age, both sexes (number)",2005,52068,UIS_EST,https://api.uis.unesco.org/api/public/data/indicators?indicator=OFST.1.CP&geoUnit=IRN&start=1960&end=2026,2026-10-01,true
UIS,OFST.1.CP,"Out-of-school children of primary school age, both sexes (number)",2006,65766,UIS_EST,https://api.uis.unesco.org/api/public/data/indicators?indicator=OFST.1.CP&geoUnit=IRN&start=1960&end=2026,2026-10-01,true
UIS,OFST.1.CP,"Out-of-school children of primary school age, both sexes (number)",2007,313743,UIS_EST,https://api.uis.unesco.org/api/public/data/indicators?indicator=OFST.1.CP&geoUnit=IRN&start=1960&end=2026,2026-10-01,true
UIS,OFST.1.CP,"Out-of-school children of primary school age, both sexes (number)",2009,267384,,https://api.uis.unesco.org/api/public/data/indicators?indicator=OFST.1.CP&geoUnit=IRN&start=1960&end=2026,2026-10-01,true
UIS,OFST.1.CP,"Out-of-school children of primary school age, both sexes (number)",2010,315219,,https://api.uis.unesco.org/api/public/data/indicators?indicator=OFST.1.CP&geoUnit=IRN&start=1960&end=2026,2026-10-01,true
UIS,OFST.1.CP,"Out-of-school children of primary school age, both sexes (number)",2011,276519,,https://api.uis.unesco.org/api/public/data/indicators?indicator=OFST.1.CP&geoUnit=IRN&start=1960&end=2026,2026-10-01,true
UIS,OFST.1.CP,"Out-of-school children of primary school age, both sexes (number)",2012,245249,NAT_EST,https://api.uis.unesco.org/api/public/data/indicators?indicator=OFST.1.CP&geoUnit=IRN&start=1960&end=2026,2026-10-01,true
UIS,OFST.1.CP,"Out-of-school children of primary school age, both sexes (number)",2013,153978,,https://api.uis.unesco.org/api/public/data/indicators?indicator=OFST.1.CP&geoUnit=IRN&start=1960&end=2026,2026-10-01,true
UIS,OFST.1.CP,"Out-of-school children of primary school age, both sexes (number)",2014,285445,,https://api.uis.unesco.org/api/public/data/indicators?indicator=OFST.1.CP&geoUnit=IRN&start=1960&end=2026,2026-10-01,true
UIS,OFST.1.CP,"Out-of-school children of primary school age, both sexes (number)",2015,281939,,https://api.uis.unesco.org/api/public/data/indicators?indicator=OFST.1.CP&geoUnit=IRN&start=1960&end=2026,2026-10-01,true
UIS,OFST.1.CP,"Out-of-school children of primary school age, both sexes (number)",2016,264491,,https://api.uis.unesco.org/api/public/data/indicators?indicator=OFST.1.CP&geoUnit=IRN&start=1960&end=2026,2026-10-01,true
UIS,OFST.1.CP,"Out-of-school children of primary school age, both sexes (number)",2017,205506,,https://api.uis.unesco.org/api/public/data/indicators?indicator=OFST.1.CP&geoUnit=IRN&start=1960&end=2026,2026-10-01,true
UIS,OFST.1.CP,"Out-of-school children of primary school age, both sexes (number)",2019,125631,UIS_EST,https://api.uis.unesco.org/api/public/data/indicators?indicator=OFST.1.CP&geoUnit=IRN&start=1960&end=2026,2026-10-01,true
UIS,OFST.1.CP,"Out-of-school children of primary school age, both sexes (number)",2020,151524,,https://api.uis.unesco.org/api/public/data/indicators?indicator=OFST.1.CP&geoUnit=IRN&start=1960&end=2026,2026-10-01,true
UIS,OFST.1.CP,"Out-of-school children of primary school age, both sexes (number)",2022,27708,,https://api.uis.unesco.org/api/public/data/indicators?indicator=OFST.1.CP&geoUnit=IRN&start=1960&end=2026,2026-10-01,true
UIS,OFST.1.CP,"Out-of-school children of primary school age, both sexes (number)",2023,9163,,https://api.uis.unesco.org/api/public/data/indicators?indicator=OFST.1.CP&geoUnit=IRN&start=1960&end=2026,2026-10-01,true
UIS,OFST.2.CP,"Out-of-school adolescents of lower secondary school age, both sexes (number)",2009,363644,,https://api.uis.unesco.org/api/public/data/indicators?indicator=OFST.2.CP&geoUnit=IRN&start=1960&end=2026,2026-10-01,true
UIS,OFST.2.CP,"Out-of-school adolescents of lower secondary school age, both sexes (number)",2010,419998,,https://api.uis.unesco.org/api/public/data/indicators?indicator=OFST.2.CP&geoUnit=IRN&start=1960&end=2026,2026-10-01,true
UIS,OFST.2.CP,"Out-of-school adolescents of lower secondary school age, both sexes (number)",2011,389947,,https://api.uis.unesco.org/api/public/data/indicators?indicator=OFST.2.CP&geoUnit=IRN&start=1960&end=2026,2026-10-01,true
UIS,OFST.2.CP,"Out-of-school adolescents of lower secondary school age, both sexes (number)",2012,409448,NAT_EST,https://api.uis.unesco.org/api/public/data/indicators?indicator=OFST.2.CP&geoUnit=IRN&start=1960&end=2026,2026-10-01,true
UIS,OFST.2.CP,"Out-of-school adolescents of lower secondary school age, both sexes (number)",2013,245712,,https://api.uis.unesco.org/api/public/data/indicators?indicator=OFST.2.CP&geoUnit=IRN&start=1960&end=2026,2026-10-01,true
UIS,OFST.2.CP,"Out-of-school adolescents of lower secondary school age, both sexes (number)",2014,218622,,https://api.uis.unesco.org/api/public/data/indicators?indicator=OFST.2.CP&geoUnit=IRN&start=1960&end=2026,2026-10-01,true
UIS,OFST.2.CP,"Out-of-school adolescents of lower secondary school age, both sexes (number)",2016,299608,,https://api.uis.unesco.org/api/public/data/indicators?indicator=OFST.2.CP&geoUnit=IRN&start=1960&end=2026,2026-10-01,true
UIS,OFST.2.CP,"Out-of-school adolescents of lower secondary school age, both sexes (number)",2017,285925,,https://api.uis.unesco.org/api/public/data/indicators?indicator=OFST.2.CP&geoUnit=IRN&start=1960&end=2026,2026-10-01,true
UIS,OFST.2.CP,"Out-of-school adolescents of lower secondary school age, both sexes (number)",2020,262505,,https://api.uis.unesco.org/api/public/data/indicators?indicator=OFST.2.CP&geoUnit=IRN&start=1960&end=2026,2026-10-01,true
UIS,OFST.2.CP,"Out-of-school adolescents of lower secondary school age, both sexes (number)",2022,335366,,https://api.uis.unesco.org/api/public/data/indicators?indicator=OFST.2.CP&geoUnit=IRN&start=1960&end=2026,2026-10-01,true
UIS,OFST.2.CP,"Out-of-school adolescents of lower secondary school age, both sexes (number)",2023,303861,,https://api.uis.unesco.org/api/public/data/indicators?indicator=OFST.2.CP&geoUnit=IRN&start=1960&end=2026,2026-10-01,true
UIS,OFST.3.CP,"Out-of-school youth of upper secondary school age, both sexes (number)",2009,1743723,UIS_EST,https://api.uis.unesco.org/api/public/data/indicators?indicator=OFST.3.CP&geoUnit=IRN&start=1960&end=2026,2026-10-01,true
UIS,OFST.3.CP,"Out-of-school youth of upper secondary school age, both sexes (number)",2010,1687715,UIS_EST,https://api.uis.unesco.org/api/public/data/indicators?indicator=OFST.3.CP&geoUnit=IRN&start=1960&end=2026,2026-10-01,true
UIS,OFST.3.CP,"Out-of-school youth of upper secondary school age, both sexes (number)",2011,1429812,UIS_EST,https://api.uis.unesco.org/api/public/data/indicators?indicator=OFST.3.CP&geoUnit=IRN&start=1960&end=2026,2026-10-01,true
UIS,OFST.3.CP,"Out-of-school youth of upper secondary school age, both sexes (number)",2012,1083118,UIS_EST,https://api.uis.unesco.org/api/public/data/indicators?indicator=OFST.3.CP&geoUnit=IRN&start=1960&end=2026,2026-10-01,true
UIS,OFST.3.CP,"Out-of-school youth of upper secondary school age, both sexes (number)",2013,1263541,,https://api.uis.unesco.org/api/public/data/indicators?indicator=OFST.3.CP&geoUnit=IRN&start=1960&end=2026,2026-10-01,true
UIS,OFST.3.CP,"Out-of-school youth of upper secondary school age, both sexes (number)",2014,1288539,,https://api.uis.unesco.org/api/public/data/indicators?indicator=OFST.3.CP&geoUnit=IRN&start=1960&end=2026,2026-10-01,true
UIS,OFST.3.CP,"Out-of-school youth of upper secondary school age, both sexes (number)",2016,1054105,,https://api.uis.unesco.org/api/public/data/indicators?indicator=OFST.3.CP&geoUnit=IRN&start=1960&end=2026,2026-10-01,true
UIS,OFST.3.CP,"Out-of-school youth of upper secondary school age, both sexes (number)",2017,1008544,,https://api.uis.unesco.org/api/public/data/indicators?indicator=OFST.3.CP&geoUnit=IRN&start=1960&end=2026,2026-10-01,true
UIS,OFST.3.CP,"Out-of-school youth of upper secondary school age, both sexes (number)",2020,707094,,https://api.uis.unesco.org/api/public/data/indicators?indicator=OFST.3.CP&geoUnit=IRN&start=1960&end=2026,2026-10-01,true
UIS,OFST.3.CP,"Out-of-school youth of upper secondary school age, both sexes (number)",2022,746359,,https://api.uis.unesco.org/api/public/data/indicators?indicator=OFST.3.CP&geoUnit=IRN&start=1960&end=2026,2026-10-01,true
UIS,OFST.3.CP,"Out-of-school youth of upper secondary school age, both sexes (number)",2023,845053,,https://api.uis.unesco.org/api/public/data/indicators?indicator=OFST.3.CP&geoUnit=IRN&start=1960&end=2026,2026-10-01,true
UIS,ROFST.1.CP,"Out-of-school rate for children of primary school age, both sexes (%)",1971,42.83546829223633,,https://api.uis.unesco.org/api/public/data/indicators?indicator=ROFST.1.CP&geoUnit=IRN&start=1960&end=2026,2026-10-01,true
UIS,ROFST.1.CP,"Out-of-school rate for children of primary school age, both sexes (%)",1984,16.87717056274414,,https://api.uis.unesco.org/api/public/data/indicators?indicator=ROFST.1.CP&geoUnit=IRN&start=1960&end=2026,2026-10-01,true
UIS,ROFST.1.CP,"Out-of-school rate for children of primary school age, both sexes (%)",1985,16.98364067077637,,https://api.uis.unesco.org/api/public/data/indicators?indicator=ROFST.1.CP&geoUnit=IRN&start=1960&end=2026,2026-10-01,true
UIS,ROFST.1.CP,"Out-of-school rate for children of primary school age, both sexes (%)",1986,16.7956600189209,,https://api.uis.unesco.org/api/public/data/indicators?indicator=ROFST.1.CP&geoUnit=IRN&start=1960&end=2026,2026-10-01,true
UIS,ROFST.1.CP,"Out-of-school rate for children of primary school age, both sexes (%)",1987,17.05430030822754,,https://api.uis.unesco.org/api/public/data/indicators?indicator=ROFST.1.CP&geoUnit=IRN&start=1960&end=2026,2026-10-01,true
UIS,ROFST.1.CP,"Out-of-school rate for children of primary school age, both sexes (%)",1988,16.24241065979004,,https://api.uis.unesco.org/api/public/data/indicators?indicator=ROFST.1.CP&geoUnit=IRN&start=1960&end=2026,2026-10-01,true
UIS,ROFST.1.CP,"Out-of-school rate for children of primary school age, both sexes (%)",1989,16.22034072875977,,https://api.uis.unesco.org/api/public/data/indicators?indicator=ROFST.1.CP&geoUnit=IRN&start=1960&end=2026,2026-10-01,true
UIS,ROFST.1.CP,"Out-of-school rate for children of primary school age, both sexes (%)",1990,10.61763954162598,,https://api.uis.unesco.org/api/public/data/indicators?indicator=ROFST.1.CP&geoUnit=IRN&start=1960&end=2026,2026-10-01,true
UIS,ROFST.1.CP,"Out-of-school rate for children of primary school age, both sexes (%)",1992,7.9274001121521,,https://api.uis.unesco.org/api/public/data/indicators?indicator=ROFST.1.CP&geoUnit=IRN&start=1960&end=2026,2026-10-01,true
UIS,ROFST.1.CP,"Out-of-school rate for children of primary school age, both sexes (%)",1997,10.37779998779297,,https://api.uis.unesco.org/api/public/data/indicators?indicator=ROFST.1.CP&geoUnit=IRN&start=1960&end=2026,2026-10-01,true
UIS,ROFST.1.CP,"Out-of-school rate for children of primary school age, both sexes (%)",1999,17.00609016418457,UIS_EST,https://api.uis.unesco.org/api/public/data/indicators?indicator=ROFST.1.CP&geoUnit=IRN&start=1960&end=2026,2026-10-01,true
UIS,ROFST.1.CP,"Out-of-school rate for children of primary school age, both sexes (%)",2000,16.7202091217041,UIS_EST,https://api.uis.unesco.org/api/public/data/indicators?indicator=ROFST.1.CP&geoUnit=IRN&start=1960&end=2026,2026-10-01,true
UIS,ROFST.1.CP,"Out-of-school rate for children of primary school age, both sexes (%)",2002,2.839139938354492,,https://api.uis.unesco.org/api/public/data/indicators?indicator=ROFST.1.CP&geoUnit=IRN&start=1960&end=2026,2026-10-01,true
UIS,ROFST.1.CP,"Out-of-school rate for children of primary school age, both sexes (%)",2003,2.367670059204102,,https://api.uis.unesco.org/api/public/data/indicators?indicator=ROFST.1.CP&geoUnit=IRN&start=1960&end=2026,2026-10-01,true
UIS,ROFST.1.CP,"Out-of-school rate for children of primary school age, both sexes (%)",2004,1.738469958305359,UIS_EST,https://api.uis.unesco.org/api/public/data/indicators?indicator=ROFST.1.CP&geoUnit=IRN&start=1960&end=2026,2026-10-01,true
UIS,ROFST.1.CP,"Out-of-school rate for children of primary school age, both sexes (%)",2005,0.8825100064277649,UIS_EST,https://api.uis.unesco.org/api/public/data/indicators?indicator=ROFST.1.CP&geoUnit=IRN&start=1960&end=2026,2026-10-01,true
UIS,ROFST.1.CP,"Out-of-school rate for children of primary school age, both sexes (%)",2006,1.126479983329773,UIS_EST,https://api.uis.unesco.org/api/public/data/indicators?indicator=ROFST.1.CP&geoUnit=IRN&start=1960&end=2026,2026-10-01,true
UIS,ROFST.1.CP,"Out-of-school rate for children of primary school age, both sexes (%)",2007,5.369929790496826,UIS_EST,https://api.uis.unesco.org/api/public/data/indicators?indicator=ROFST.1.CP&geoUnit=IRN&start=1960&end=2026,2026-10-01,true
UIS,ROFST.1.CP,"Out-of-school rate for children of primary school age, both sexes (%)",2009,4.661200046539307,,https://api.uis.unesco.org/api/public/data/indicators?indicator=ROFST.1.CP&geoUnit=IRN&start=1960&end=2026,2026-10-01,true
UIS,ROFST.1.CP,"Out-of-school rate for children of primary school age, both sexes (%)",2010,5.510220050811768,,https://api.uis.unesco.org/api/public/data/indicators?indicator=ROFST.1.CP&geoUnit=IRN&start=1960&end=2026,2026-10-01,true
UIS,ROFST.1.CP,"Out-of-school rate for children of primary school age, both sexes (%)",2011,4.823349952697754,,https://api.uis.unesco.org/api/public/data/indicators?indicator=ROFST.1.CP&geoUnit=IRN&start=1960&end=2026,2026-10-01,true
UIS,ROFST.1.CP,"Out-of-school rate for children of primary school age, both sexes (%)",2012,4.230350017547607,NAT_EST,https://api.uis.unesco.org/api/public/data/indicators?indicator=ROFST.1.CP&geoUnit=IRN&start=1960&end=2026,2026-10-01,true
UIS,ROFST.1.CP,"Out-of-school rate for children of primary school age, both sexes (%)",2013,2.183429956436157,,https://api.uis.unesco.org/api/public/data/indicators?indicator=ROFST.1.CP&geoUnit=IRN&start=1960&end=2026,2026-10-01,true
UIS,ROFST.1.CP,"Out-of-school rate for children of primary school age, both sexes (%)",2014,3.970340013504028,,https://api.uis.unesco.org/api/public/data/indicators?indicator=ROFST.1.CP&geoUnit=IRN&start=1960&end=2026,2026-10-01,true
UIS,ROFST.1.CP,"Out-of-school rate for children of primary school age, both sexes (%)",2015,3.827059984207153,,https://api.uis.unesco.org/api/public/data/indicators?indicator=ROFST.1.CP&geoUnit=IRN&start=1960&end=2026,2026-10-01,true
UIS,ROFST.1.CP,"Out-of-school rate for children of primary school age, both sexes (%)",2016,3.495850086212158,,https://api.uis.unesco.org/api/public/data/indicators?indicator=ROFST.1.CP&geoUnit=IRN&start=1960&end=2026,2026-10-01,true
UIS,ROFST.1.CP,"Out-of-school rate for children of primary school age, both sexes (%)",2017,2.649899959564209,,https://api.uis.unesco.org/api/public/data/indicators?indicator=ROFST.1.CP&geoUnit=IRN&start=1960&end=2026,2026-10-01,true
UIS,ROFST.1.CP,"Out-of-school rate for children of primary school age, both sexes (%)",2019,1.552430033683777,UIS_EST,https://api.uis.unesco.org/api/public/data/indicators?indicator=ROFST.1.CP&geoUnit=IRN&start=1960&end=2026,2026-10-01,true
UIS,ROFST.1.CP,"Out-of-school rate for children of primary school age, both sexes (%)",2020,1.829460024833679,,https://api.uis.unesco.org/api/public/data/indicators?indicator=ROFST.1.CP&geoUnit=IRN&start=1960&end=2026,2026-10-01,true
UIS,ROFST.1.CP,"Out-of-school rate for children of primary school age, both sexes (%)",2022,0.3181299865245819,,https://api.uis.unesco.org/api/public/data/indicators?indicator=ROFST.1.CP&geoUnit=IRN&start=1960&end=2026,2026-10-01,true
UIS,ROFST.1.CP,"Out-of-school rate for children of primary school age, both sexes (%)",2023,0.1028399989008904,,https://api.uis.unesco.org/api/public/data/indicators?indicator=ROFST.1.CP&geoUnit=IRN&start=1960&end=2026,2026-10-01,true
UIS,ROFST.2.CP,"Out-of-school rate for adolescents of lower secondary school age, both sexes (%)",2009,9.783160209655762,,https://api.uis.unesco.org/api/public/data/indicators?indicator=ROFST.2.CP&geoUnit=IRN&start=1960&end=2026,2026-10-01,true
UIS,ROFST.2.CP,"Out-of-school rate for adolescents of lower secondary school age, both sexes (%)",2010,11.68222045898438,,https://api.uis.unesco.org/api/public/data/indicators?indicator=ROFST.2.CP&geoUnit=IRN&start=1960&end=2026,2026-10-01,true
UIS,ROFST.2.CP,"Out-of-school rate for adolescents of lower secondary school age, both sexes (%)",2011,11.03514003753662,,https://api.uis.unesco.org/api/public/data/indicators?indicator=ROFST.2.CP&geoUnit=IRN&start=1960&end=2026,2026-10-01,true
UIS,ROFST.2.CP,"Out-of-school rate for adolescents of lower secondary school age, both sexes (%)",2012,11.68527030944824,NAT_EST,https://api.uis.unesco.org/api/public/data/indicators?indicator=ROFST.2.CP&geoUnit=IRN&start=1960&end=2026,2026-10-01,true
UIS,ROFST.2.CP,"Out-of-school rate for adolescents of lower secondary school age, both sexes (%)",2013,10.61116027832031,,https://api.uis.unesco.org/api/public/data/indicators?indicator=ROFST.2.CP&geoUnit=IRN&start=1960&end=2026,2026-10-01,true
UIS,ROFST.2.CP,"Out-of-school rate for adolescents of lower secondary school age, both sexes (%)",2014,9.551630020141602,,https://api.uis.unesco.org/api/public/data/indicators?indicator=ROFST.2.CP&geoUnit=IRN&start=1960&end=2026,2026-10-01,true
UIS,ROFST.2.CP,"Out-of-school rate for adolescents of lower secondary school age, both sexes (%)",2016,8.776280403137207,,https://api.uis.unesco.org/api/public/data/indicators?indicator=ROFST.2.CP&geoUnit=IRN&start=1960&end=2026,2026-10-01,true
UIS,ROFST.2.CP,"Out-of-school rate for adolescents of lower secondary school age, both sexes (%)",2017,8.281940460205078,,https://api.uis.unesco.org/api/public/data/indicators?indicator=ROFST.2.CP&geoUnit=IRN&start=1960&end=2026,2026-10-01,true
UIS,ROFST.2.CP,"Out-of-school rate for adolescents of lower secondary school age, both sexes (%)",2020,7.014389991760254,,https://api.uis.unesco.org/api/public/data/indicators?indicator=ROFST.2.CP&geoUnit=IRN&start=1960&end=2026,2026-10-01,true
UIS,ROFST.2.CP,"Out-of-school rate for adolescents of lower secondary school age, both sexes (%)",2022,8.549099922180176,,https://api.uis.unesco.org/api/public/data/indicators?indicator=ROFST.2.CP&geoUnit=IRN&start=1960&end=2026,2026-10-01,true
UIS,ROFST.2.CP,"Out-of-school rate for adolescents of lower secondary school age, both sexes (%)",2023,7.580039978027344,,https://api.uis.unesco.org/api/public/data/indicators?indicator=ROFST.2.CP&geoUnit=IRN&start=1960&end=2026,2026-10-01,true
UIS,ROFST.3.CP,"Out-of-school rate for youth of upper secondary school age, both sexes (%)",2009,28.66559028625488,UIS_EST,https://api.uis.unesco.org/api/public/data/indicators?indicator=ROFST.3.CP&geoUnit=IRN&start=1960&end=2026,2026-10-01,true
UIS,ROFST.3.CP,"Out-of-school rate for youth of upper secondary school age, both sexes (%)",2010,29.59968948364258,UIS_EST,https://api.uis.unesco.org/api/public/data/indicators?indicator=ROFST.3.CP&geoUnit=IRN&start=1960&end=2026,2026-10-01,true
UIS,ROFST.3.CP,"Out-of-school rate for youth of upper secondary school age, both sexes (%)",2011,26.63323020935059,UIS_EST,https://api.uis.unesco.org/api/public/data/indicators?indicator=ROFST.3.CP&geoUnit=IRN&start=1960&end=2026,2026-10-01,true
UIS,ROFST.3.CP,"Out-of-school rate for youth of upper secondary school age, both sexes (%)",2012,21.22570037841797,UIS_EST,https://api.uis.unesco.org/api/public/data/indicators?indicator=ROFST.3.CP&geoUnit=IRN&start=1960&end=2026,2026-10-01,true
UIS,ROFST.3.CP,"Out-of-school rate for youth of upper secondary school age, both sexes (%)",2013,25.90505027770996,,https://api.uis.unesco.org/api/public/data/indicators?indicator=ROFST.3.CP&geoUnit=IRN&start=1960&end=2026,2026-10-01,true
UIS,ROFST.3.CP,"Out-of-school rate for youth of upper secondary school age, both sexes (%)",2014,27.25657081604004,,https://api.uis.unesco.org/api/public/data/indicators?indicator=ROFST.3.CP&geoUnit=IRN&start=1960&end=2026,2026-10-01,true
UIS,ROFST.3.CP,"Out-of-school rate for youth of upper secondary school age, both sexes (%)",2016,30.61574935913086,,https://api.uis.unesco.org/api/public/data/indicators?indicator=ROFST.3.CP&geoUnit=IRN&start=1960&end=2026,2026-10-01,true
UIS,ROFST.3.CP,"Out-of-school rate for youth of upper secondary school age, both sexes (%)",2017,29.52202033996582,,https://api.uis.unesco.org/api/public/data/indicators?indicator=ROFST.3.CP&geoUnit=IRN&start=1960&end=2026,2026-10-01,true
UIS,ROFST.3.CP,"Out-of-school rate for youth of upper secondary school age, both sexes (%)",2020,20.53058052062988,,https://api.uis.unesco.org/api/public/data/indicators?indicator=ROFST.3.CP&geoUnit=IRN&start=1960&end=2026,2026-10-01,true
UIS,ROFST.3.CP,"Out-of-school rate for youth of upper secondary school age, both sexes (%)",2022,20.5211296081543,,https://api.uis.unesco.org/api/public/data/indicators?indicator=ROFST.3.CP&geoUnit=IRN&start=1960&end=2026,2026-10-01,true
UIS,ROFST.3.CP,"Out-of-school rate for youth of upper secondary school age, both sexes (%)",2023,22.45334053039551,,https://api.uis.unesco.org/api/public/data/indicators?indicator=ROFST.3.CP&geoUnit=IRN&start=1960&end=2026,2026-10-01,true
UIS,SAP.1,"School age population, primary education, both sexes (number)",1970,4844711,,https://api.uis.unesco.org/api/public/data/indicators?indicator=SAP.1&geoUnit=IRN&start=1960&end=2026,2026-10-01,true
UIS,SAP.1,"School age population, primary education, both sexes (number)",1971,4948046,,https://api.uis.unesco.org/api/public/data/indicators?indicator=SAP.1&geoUnit=IRN&start=1960&end=2026,2026-10-01,true
UIS,SAP.1,"School age population, primary education, both sexes (number)",1972,4251470,,https://api.uis.unesco.org/api/public/data/indicators?indicator=SAP.1&geoUnit=IRN&start=1960&end=2026,2026-10-01,true
UIS,SAP.1,"School age population, primary education, both sexes (number)",1973,4358079,,https://api.uis.unesco.org/api/public/data/indicators?indicator=SAP.1&geoUnit=IRN&start=1960&end=2026,2026-10-01,true
UIS,SAP.1,"School age population, primary education, both sexes (number)",1974,4483184,,https://api.uis.unesco.org/api/public/data/indicators?indicator=SAP.1&geoUnit=IRN&start=1960&end=2026,2026-10-01,true
UIS,SAP.1,"School age population, primary education, both sexes (number)",1975,4622930,,https://api.uis.unesco.org/api/public/data/indicators?indicator=SAP.1&geoUnit=IRN&start=1960&end=2026,2026-10-01,true
UIS,SAP.1,"School age population, primary education, both sexes (number)",1976,4772984,,https://api.uis.unesco.org/api/public/data/indicators?indicator=SAP.1&geoUnit=IRN&start=1960&end=2026,2026-10-01,true
UIS,SAP.1,"School age population, primary education, both sexes (number)",1977,4910863,,https://api.uis.unesco.org/api/public/data/indicators?indicator=SAP.1&geoUnit=IRN&start=1960&end=2026,2026-10-01,true
UIS,SAP.1,"School age population, primary education, both sexes (number)",1978,5030202,,https://api.uis.unesco.org/api/public/data/indicators?indicator=SAP.1&geoUnit=IRN&start=1960&end=2026,2026-10-01,true
UIS,SAP.1,"School age population, primary education, both sexes (number)",1979,5118526,,https://api.uis.unesco.org/api/public/data/indicators?indicator=SAP.1&geoUnit=IRN&start=1960&end=2026,2026-10-01,true
UIS,SAP.1,"School age population, primary education, both sexes (number)",1980,5202399,,https://api.uis.unesco.org/api/public/data/indicators?indicator=SAP.1&geoUnit=IRN&start=1960&end=2026,2026-10-01,true
UIS,SAP.1,"School age population, primary education, both sexes (number)",1981,5298582,,https://api.uis.unesco.org/api/public/data/indicators?indicator=SAP.1&geoUnit=IRN&start=1960&end=2026,2026-10-01,true
UIS,SAP.1,"School age population, primary education, both sexes (number)",1982,5453052,,https://api.uis.unesco.org/api/public/data/indicators?indicator=SAP.1&geoUnit=IRN&start=1960&end=2026,2026-10-01,true
UIS,SAP.1,"School age population, primary education, both sexes (number)",1983,5659823,,https://api.uis.unesco.org/api/public/data/indicators?indicator=SAP.1&geoUnit=IRN&start=1960&end=2026,2026-10-01,true
UIS,SAP.1,"School age population, primary education, both sexes (number)",1984,5941341,,https://api.uis.unesco.org/api/public/data/indicators?indicator=SAP.1&geoUnit=IRN&start=1960&end=2026,2026-10-01,true
UIS,SAP.1,"School age population, primary education, both sexes (number)",1985,6295440,,https://api.uis.unesco.org/api/public/data/indicators?indicator=SAP.1&geoUnit=IRN&start=1960&end=2026,2026-10-01,true
UIS,SAP.1,"School age population, primary education, both sexes (number)",1986,6721884,,https://api.uis.unesco.org/api/public/data/indicators?indicator=SAP.1&geoUnit=IRN&start=1960&end=2026,2026-10-01,true
UIS,SAP.1,"School age population, primary education, both sexes (number)",1987,7184364,,https://api.uis.unesco.org/api/public/data/indicators?indicator=SAP.1&geoUnit=IRN&start=1960&end=2026,2026-10-01,true
UIS,SAP.1,"School age population, primary education, both sexes (number)",1988,7633820,,https://api.uis.unesco.org/api/public/data/indicators?indicator=SAP.1&geoUnit=IRN&start=1960&end=2026,2026-10-01,true
UIS,SAP.1,"School age population, primary education, both sexes (number)",1989,8128351,,https://api.uis.unesco.org/api/public/data/indicators?indicator=SAP.1&geoUnit=IRN&start=1960&end=2026,2026-10-01,true
UIS,SAP.1,"School age population, primary education, both sexes (number)",1990,8586865,,https://api.uis.unesco.org/api/public/data/indicators?indicator=SAP.1&geoUnit=IRN&start=1960&end=2026,2026-10-01,true
UIS,SAP.1,"School age population, primary education, both sexes (number)",1991,8981133,,https://api.uis.unesco.org/api/public/data/indicators?indicator=SAP.1&geoUnit=IRN&start=1960&end=2026,2026-10-01,true
UIS,SAP.1,"School age population, primary education, both sexes (number)",1992,9301146,,https://api.uis.unesco.org/api/public/data/indicators?indicator=SAP.1&geoUnit=IRN&start=1960&end=2026,2026-10-01,true
UIS,SAP.1,"School age population, primary education, both sexes (number)",1993,9542536,,https://api.uis.unesco.org/api/public/data/indicators?indicator=SAP.1&geoUnit=IRN&start=1960&end=2026,2026-10-01,true
UIS,SAP.1,"School age population, primary education, both sexes (number)",1994,9606922,,https://api.uis.unesco.org/api/public/data/indicators?indicator=SAP.1&geoUnit=IRN&start=1960&end=2026,2026-10-01,true
UIS,SAP.1,"School age population, primary education, both sexes (number)",1995,9610662,,https://api.uis.unesco.org/api/public/data/indicators?indicator=SAP.1&geoUnit=IRN&start=1960&end=2026,2026-10-01,true
UIS,SAP.1,"School age population, primary education, both sexes (number)",1996,9528868,,https://api.uis.unesco.org/api/public/data/indicators?indicator=SAP.1&geoUnit=IRN&start=1960&end=2026,2026-10-01,true
UIS,SAP.1,"School age population, primary education, both sexes (number)",1997,9402405,,https://api.uis.unesco.org/api/public/data/indicators?indicator=SAP.1&geoUnit=IRN&start=1960&end=2026,2026-10-01,true
UIS,SAP.1,"School age population, primary education, both sexes (number)",1998,9202062,,https://api.uis.unesco.org/api/public/data/indicators?indicator=SAP.1&geoUnit=IRN&start=1960&end=2026,2026-10-01,true
UIS,SAP.1,"School age population, primary education, both sexes (number)",1999,8895115,,https://api.uis.unesco.org/api/public/data/indicators?indicator=SAP.1&geoUnit=IRN&start=1960&end=2026,2026-10-01,true
UIS,SAP.1,"School age population, primary education, both sexes (number)",2000,8476510,,https://api.uis.unesco.org/api/public/data/indicators?indicator=SAP.1&geoUnit=IRN&start=1960&end=2026,2026-10-01,true
UIS,SAP.1,"School age population, primary education, both sexes (number)",2001,7912188,,https://api.uis.unesco.org/api/public/data/indicators?indicator=SAP.1&geoUnit=IRN&start=1960&end=2026,2026-10-01,true
UIS,SAP.1,"School age population, primary education, both sexes (number)",2002,7263360,,https://api.uis.unesco.org/api/public/data/indicators?indicator=SAP.1&geoUnit=IRN&start=1960&end=2026,2026-10-01,true
UIS,SAP.1,"School age population, primary education, both sexes (number)",2003,6582653,,https://api.uis.unesco.org/api/public/data/indicators?indicator=SAP.1&geoUnit=IRN&start=1960&end=2026,2026-10-01,true
UIS,SAP.1,"School age population, primary education, both sexes (number)",2004,6140691,,https://api.uis.unesco.org/api/public/data/indicators?indicator=SAP.1&geoUnit=IRN&start=1960&end=2026,2026-10-01,true
UIS,SAP.1,"School age population, primary education, both sexes (number)",2005,5899994,,https://api.uis.unesco.org/api/public/data/indicators?indicator=SAP.1&geoUnit=IRN&start=1960&end=2026,2026-10-01,true
UIS,SAP.1,"School age population, primary education, both sexes (number)",2006,5838206,,https://api.uis.unesco.org/api/public/data/indicators?indicator=SAP.1&geoUnit=IRN&start=1960&end=2026,2026-10-01,true
UIS,SAP.1,"School age population, primary education, both sexes (number)",2007,5842594,,https://api.uis.unesco.org/api/public/data/indicators?indicator=SAP.1&geoUnit=IRN&start=1960&end=2026,2026-10-01,true
UIS,SAP.1,"School age population, primary education, both sexes (number)",2008,5771050,,https://api.uis.unesco.org/api/public/data/indicators?indicator=SAP.1&geoUnit=IRN&start=1960&end=2026,2026-10-01,true
UIS,SAP.1,"School age population, primary education, both sexes (number)",2009,5736378,,https://api.uis.unesco.org/api/public/data/indicators?indicator=SAP.1&geoUnit=IRN&start=1960&end=2026,2026-10-01,true
UIS,SAP.1,"School age population, primary education, both sexes (number)",2010,5720624,,https://api.uis.unesco.org/api/public/data/indicators?indicator=SAP.1&geoUnit=IRN&start=1960&end=2026,2026-10-01,true
UIS,SAP.1,"School age population, primary education, both sexes (number)",2011,5732929,,https://api.uis.unesco.org/api/public/data/indicators?indicator=SAP.1&geoUnit=IRN&start=1960&end=2026,2026-10-01,true
UIS,SAP.1,"School age population, primary education, both sexes (number)",2012,5797366,,https://api.uis.unesco.org/api/public/data/indicators?indicator=SAP.1&geoUnit=IRN&start=1960&end=2026,2026-10-01,true
UIS,SAP.1,"School age population, primary education, both sexes (number)",2013,7052108,,https://api.uis.unesco.org/api/public/data/indicators?indicator=SAP.1&geoUnit=IRN&start=1960&end=2026,2026-10-01,true
UIS,SAP.1,"School age population, primary education, both sexes (number)",2014,7189436,,https://api.uis.unesco.org/api/public/data/indicators?indicator=SAP.1&geoUnit=IRN&start=1960&end=2026,2026-10-01,true
UIS,SAP.1,"School age population, primary education, both sexes (number)",2015,7366993,,https://api.uis.unesco.org/api/public/data/indicators?indicator=SAP.1&geoUnit=IRN&start=1960&end=2026,2026-10-01,true
UIS,SAP.1,"School age population, primary education, both sexes (number)",2016,7565867,,https://api.uis.unesco.org/api/public/data/indicators?indicator=SAP.1&geoUnit=IRN&start=1960&end=2026,2026-10-01,true
UIS,SAP.1,"School age population, primary education, both sexes (number)",2017,7755229,,https://api.uis.unesco.org/api/public/data/indicators?indicator=SAP.1&geoUnit=IRN&start=1960&end=2026,2026-10-01,true
UIS,SAP.1,"School age population, primary education, both sexes (number)",2018,7924387,,https://api.uis.unesco.org/api/public/data/indicators?indicator=SAP.1&geoUnit=IRN&start=1960&end=2026,2026-10-01,true
UIS,SAP.1,"School age population, primary education, both sexes (number)",2019,8092518,,https://api.uis.unesco.org/api/public/data/indicators?indicator=SAP.1&geoUnit=IRN&start=1960&end=2026,2026-10-01,true
UIS,SAP.1,"School age population, primary education, both sexes (number)",2020,8282424,,https://api.uis.unesco.org/api/public/data/indicators?indicator=SAP.1&geoUnit=IRN&start=1960&end=2026,2026-10-01,true
UIS,SAP.1,"School age population, primary education, both sexes (number)",2021,8489197,,https://api.uis.unesco.org/api/public/data/indicators?indicator=SAP.1&geoUnit=IRN&start=1960&end=2026,2026-10-01,true
UIS,SAP.1,"School age population, primary education, both sexes (number)",2022,8709457,,https://api.uis.unesco.org/api/public/data/indicators?indicator=SAP.1&geoUnit=IRN&start=1960&end=2026,2026-10-01,true
UIS,SAP.1,"School age population, primary education, both sexes (number)",2023,8910387,,https://api.uis.unesco.org/api/public/data/indicators?indicator=SAP.1&geoUnit=IRN&start=1960&end=2026,2026-10-01,true
UIS,SAP.1,"School age population, primary education, both sexes (number)",2024,9046488,,https://api.uis.unesco.org/api/public/data/indicators?indicator=SAP.1&geoUnit=IRN&start=1960&end=2026,2026-10-01,true
UIS,SAP.1,"School age population, primary education, both sexes (number)",2025,9052398,,https://api.uis.unesco.org/api/public/data/indicators?indicator=SAP.1&geoUnit=IRN&start=1960&end=2026,2026-10-01,true
UIS,TRTP.1,"Proportion of teachers with the minimum required qualifications in primary education, both sexes (%)",2001,98.40332794189453,,https://api.uis.unesco.org/api/public/data/indicators?indicator=TRTP.1&geoUnit=IRN&start=1960&end=2026,2026-10-01,true
UIS,TRTP.1,"Proportion of teachers with the minimum required qualifications in primary education, both sexes (%)",2003,100,,https://api.uis.unesco.org/api/public/data/indicators?indicator=TRTP.1&geoUnit=IRN&start=1960&end=2026,2026-10-01,true
UIS,TRTP.1,"Proportion of teachers with the minimum required qualifications in primary education, both sexes (%)",2006,95.84246063232422,,https://api.uis.unesco.org/api/public/data/indicators?indicator=TRTP.1&geoUnit=IRN&start=1960&end=2026,2026-10-01,true
UIS,TRTP.1,"Proportion of teachers with the minimum required qualifications in primary education, both sexes (%)",2007,98.66213989257812,,https://api.uis.unesco.org/api/public/data/indicators?indicator=TRTP.1&geoUnit=IRN&start=1960&end=2026,2026-10-01,true
UIS,TRTP.1,"Proportion of teachers with the minimum required qualifications in primary education, both sexes (%)",2008,98.44019317626953,UIS_EST,https://api.uis.unesco.org/api/public/data/indicators?indicator=TRTP.1&geoUnit=IRN&start=1960&end=2026,2026-10-01,true
UIS,TRTP.1,"Proportion of teachers with the minimum required qualifications in primary education, both sexes (%)",2013,100,,https://api.uis.unesco.org/api/public/data/indicators?indicator=TRTP.1&geoUnit=IRN&start=1960&end=2026,2026-10-01,true
UIS,TRTP.1,"Proportion of teachers with the minimum required qualifications in primary education, both sexes (%)",2014,100,,https://api.uis.unesco.org/api/public/data/indicators?indicator=TRTP.1&geoUnit=IRN&start=1960&end=2026,2026-10-01,true
UIS,TRTP.1,"Proportion of teachers with the minimum required qualifications in primary education, both sexes (%)",2015,100,,https://api.uis.unesco.org/api/public/data/indicators?indicator=TRTP.1&geoUnit=IRN&start=1960&end=2026,2026-10-01,true
UIS,TRTP.1,"Proportion of teachers with the minimum required qualifications in primary education, both sexes (%)",2016,100,,https://api.uis.unesco.org/api/public/data/indicators?indicator=TRTP.1&geoUnit=IRN&start=1960&end=2026,2026-10-01,true
UIS,TRTP.1,"Proportion of teachers with the minimum required qualifications in primary education, both sexes (%)",2017,100,,https://api.uis.unesco.org/api/public/data/indicators?indicator=TRTP.1&geoUnit=IRN&start=1960&end=2026,2026-10-01,true
UIS,TRTP.2,"Proportion of teachers with the minimum required qualifications in lower secondary education, both sexes (%)",2004,100,,https://api.uis.unesco.org/api/public/data/indicators?indicator=TRTP.2&geoUnit=IRN&start=1960&end=2026,2026-10-01,true
UIS,TRTP.2,"Proportion of teachers with the minimum required qualifications in lower secondary education, both sexes (%)",2005,100,,https://api.uis.unesco.org/api/public/data/indicators?indicator=TRTP.2&geoUnit=IRN&start=1960&end=2026,2026-10-01,true
UIS,TRTP.2,"Proportion of teachers with the minimum required qualifications in lower secondary education, both sexes (%)",2013,100,,https://api.uis.unesco.org/api/public/data/indicators?indicator=TRTP.2&geoUnit=IRN&start=1960&end=2026,2026-10-01,true
UIS,TRTP.2,"Proportion of teachers with the minimum required qualifications in lower secondary education, both sexes (%)",2014,100,,https://api.uis.unesco.org/api/public/data/indicators?indicator=TRTP.2&geoUnit=IRN&start=1960&end=2026,2026-10-01,true
UIS,TRTP.2,"Proportion of teachers with the minimum required qualifications in lower secondary education, both sexes (%)",2015,100,,https://api.uis.unesco.org/api/public/data/indicators?indicator=TRTP.2&geoUnit=IRN&start=1960&end=2026,2026-10-01,true
UIS,TRTP.2,"Proportion of teachers with the minimum required qualifications in lower secondary education, both sexes (%)",2016,100,,https://api.uis.unesco.org/api/public/data/indicators?indicator=TRTP.2&geoUnit=IRN&start=1960&end=2026,2026-10-01,true
UIS,TRTP.2,"Proportion of teachers with the minimum required qualifications in lower secondary education, both sexes (%)",2017,100,,https://api.uis.unesco.org/api/public/data/indicators?indicator=TRTP.2&geoUnit=IRN&start=1960&end=2026,2026-10-01,true
UIS,TRTP.3,"Proportion of teachers with the minimum required qualifications in upper secondary education, both sexes (%)",2013,100,,https://api.uis.unesco.org/api/public/data/indicators?indicator=TRTP.3&geoUnit=IRN&start=1960&end=2026,2026-10-01,true
UIS,TRTP.3,"Proportion of teachers with the minimum required qualifications in upper secondary education, both sexes (%)",2014,100,,https://api.uis.unesco.org/api/public/data/indicators?indicator=TRTP.3&geoUnit=IRN&start=1960&end=2026,2026-10-01,true
UIS,TRTP.3,"Proportion of teachers with the minimum required qualifications in upper secondary education, both sexes (%)",2016,94.72982025146484,,https://api.uis.unesco.org/api/public/data/indicators?indicator=TRTP.3&geoUnit=IRN&start=1960&end=2026,2026-10-01,true
UIS,TRTP.3,"Proportion of teachers with the minimum required qualifications in upper secondary education, both sexes (%)",2017,95.11756896972656,,https://api.uis.unesco.org/api/public/data/indicators?indicator=TRTP.3&geoUnit=IRN&start=1960&end=2026,2026-10-01,true
UIS,XGDP.FSGOV,Government expenditure on education as a percentage of GDP (%),1971,2.770339965820313,,https://api.uis.unesco.org/api/public/data/indicators?indicator=XGDP.FSGOV&geoUnit=IRN&start=1960&end=2026,2026-10-01,true
UIS,XGDP.FSGOV,Government expenditure on education as a percentage of GDP (%),1972,2.766730070114136,,https://api.uis.unesco.org/api/public/data/indicators?indicator=XGDP.FSGOV&geoUnit=IRN&start=1960&end=2026,2026-10-01,true
UIS,XGDP.FSGOV,Government expenditure on education as a percentage of GDP (%),1973,2.876689910888672,,https://api.uis.unesco.org/api/public/data/indicators?indicator=XGDP.FSGOV&geoUnit=IRN&start=1960&end=2026,2026-10-01,true
UIS,XGDP.FSGOV,Government expenditure on education as a percentage of GDP (%),1974,2.690340042114258,,https://api.uis.unesco.org/api/public/data/indicators?indicator=XGDP.FSGOV&geoUnit=IRN&start=1960&end=2026,2026-10-01,true
UIS,XGDP.FSGOV,Government expenditure on education as a percentage of GDP (%),1975,2.965569972991943,,https://api.uis.unesco.org/api/public/data/indicators?indicator=XGDP.FSGOV&geoUnit=IRN&start=1960&end=2026,2026-10-01,true
UIS,XGDP.FSGOV,Government expenditure on education as a percentage of GDP (%),1977,5.416259765625,,https://api.uis.unesco.org/api/public/data/indicators?indicator=XGDP.FSGOV&geoUnit=IRN&start=1960&end=2026,2026-10-01,true
UIS,XGDP.FSGOV,Government expenditure on education as a percentage of GDP (%),1981,7.131400108337402,,https://api.uis.unesco.org/api/public/data/indicators?indicator=XGDP.FSGOV&geoUnit=IRN&start=1960&end=2026,2026-10-01,true
UIS,XGDP.FSGOV,Government expenditure on education as a percentage of GDP (%),1982,5.802050113677979,,https://api.uis.unesco.org/api/public/data/indicators?indicator=XGDP.FSGOV&geoUnit=IRN&start=1960&end=2026,2026-10-01,true
UIS,XGDP.FSGOV,Government expenditure on education as a percentage of GDP (%),1983,4.180540084838867,,https://api.uis.unesco.org/api/public/data/indicators?indicator=XGDP.FSGOV&geoUnit=IRN&start=1960&end=2026,2026-10-01,true
UIS,XGDP.FSGOV,Government expenditure on education as a percentage of GDP (%),1984,3.801620006561279,,https://api.uis.unesco.org/api/public/data/indicators?indicator=XGDP.FSGOV&geoUnit=IRN&start=1960&end=2026,2026-10-01,true
UIS,XGDP.FSGOV,Government expenditure on education as a percentage of GDP (%),1985,3.460180044174194,,https://api.uis.unesco.org/api/public/data/indicators?indicator=XGDP.FSGOV&geoUnit=IRN&start=1960&end=2026,2026-10-01,true
UIS,XGDP.FSGOV,Government expenditure on education as a percentage of GDP (%),1986,3.569900035858154,,https://api.uis.unesco.org/api/public/data/indicators?indicator=XGDP.FSGOV&geoUnit=IRN&start=1960&end=2026,2026-10-01,true
UIS,XGDP.FSGOV,Government expenditure on education as a percentage of GDP (%),1987,4.140920162200928,,https://api.uis.unesco.org/api/public/data/indicators?indicator=XGDP.FSGOV&geoUnit=IRN&start=1960&end=2026,2026-10-01,true
UIS,XGDP.FSGOV,Government expenditure on education as a percentage of GDP (%),1988,3.681299924850464,,https://api.uis.unesco.org/api/public/data/indicators?indicator=XGDP.FSGOV&geoUnit=IRN&start=1960&end=2026,2026-10-01,true
UIS,XGDP.FSGOV,Government expenditure on education as a percentage of GDP (%),1989,3.997210025787354,,https://api.uis.unesco.org/api/public/data/indicators?indicator=XGDP.FSGOV&geoUnit=IRN&start=1960&end=2026,2026-10-01,true
UIS,XGDP.FSGOV,Government expenditure on education as a percentage of GDP (%),1990,3.773900032043457,,https://api.uis.unesco.org/api/public/data/indicators?indicator=XGDP.FSGOV&geoUnit=IRN&start=1960&end=2026,2026-10-01,true
UIS,XGDP.FSGOV,Government expenditure on education as a percentage of GDP (%),1991,3.743530035018921,,https://api.uis.unesco.org/api/public/data/indicators?indicator=XGDP.FSGOV&geoUnit=IRN&start=1960&end=2026,2026-10-01,true
UIS,XGDP.FSGOV,Government expenditure on education as a percentage of GDP (%),1992,3.640460014343262,,https://api.uis.unesco.org/api/public/data/indicators?indicator=XGDP.FSGOV&geoUnit=IRN&start=1960&end=2026,2026-10-01,true
UIS,XGDP.FSGOV,Government expenditure on education as a percentage of GDP (%),1993,4.314620018005371,,https://api.uis.unesco.org/api/public/data/indicators?indicator=XGDP.FSGOV&geoUnit=IRN&start=1960&end=2026,2026-10-01,true
UIS,XGDP.FSGOV,Government expenditure on education as a percentage of GDP (%),1995,4.081789970397949,,https://api.uis.unesco.org/api/public/data/indicators?indicator=XGDP.FSGOV&geoUnit=IRN&start=1960&end=2026,2026-10-01,true
UIS,XGDP.FSGOV,Government expenditure on education as a percentage of GDP (%),1996,3.53777003288269,,https://api.uis.unesco.org/api/public/data/indicators?indicator=XGDP.FSGOV&geoUnit=IRN&start=1960&end=2026,2026-10-01,true
UIS,XGDP.FSGOV,Government expenditure on education as a percentage of GDP (%),1999,4.220409870147705,,https://api.uis.unesco.org/api/public/data/indicators?indicator=XGDP.FSGOV&geoUnit=IRN&start=1960&end=2026,2026-10-01,true
UIS,XGDP.FSGOV,Government expenditure on education as a percentage of GDP (%),2000,4.030640125274658,,https://api.uis.unesco.org/api/public/data/indicators?indicator=XGDP.FSGOV&geoUnit=IRN&start=1960&end=2026,2026-10-01,true
UIS,XGDP.FSGOV,Government expenditure on education as a percentage of GDP (%),2001,4.071680068969727,,https://api.uis.unesco.org/api/public/data/indicators?indicator=XGDP.FSGOV&geoUnit=IRN&start=1960&end=2026,2026-10-01,true
UIS,XGDP.FSGOV,Government expenditure on education as a percentage of GDP (%),2002,4.484879970550537,,https://api.uis.unesco.org/api/public/data/indicators?indicator=XGDP.FSGOV&geoUnit=IRN&start=1960&end=2026,2026-10-01,true
UIS,XGDP.FSGOV,Government expenditure on education as a percentage of GDP (%),2003,4.363230228424072,,https://api.uis.unesco.org/api/public/data/indicators?indicator=XGDP.FSGOV&geoUnit=IRN&start=1960&end=2026,2026-10-01,true
UIS,XGDP.FSGOV,Government expenditure on education as a percentage of GDP (%),2004,4.296629905700684,,https://api.uis.unesco.org/api/public/data/indicators?indicator=XGDP.FSGOV&geoUnit=IRN&start=1960&end=2026,2026-10-01,true
UIS,XGDP.FSGOV,Government expenditure on education as a percentage of GDP (%),2005,4.056519985198975,,https://api.uis.unesco.org/api/public/data/indicators?indicator=XGDP.FSGOV&geoUnit=IRN&start=1960&end=2026,2026-10-01,true
UIS,XGDP.FSGOV,Government expenditure on education as a percentage of GDP (%),2006,4.289989948272705,,https://api.uis.unesco.org/api/public/data/indicators?indicator=XGDP.FSGOV&geoUnit=IRN&start=1960&end=2026,2026-10-01,true
UIS,XGDP.FSGOV,Government expenditure on education as a percentage of GDP (%),2007,4.596819877624512,,https://api.uis.unesco.org/api/public/data/indicators?indicator=XGDP.FSGOV&geoUnit=IRN&start=1960&end=2026,2026-10-01,true
UIS,XGDP.FSGOV,Government expenditure on education as a percentage of GDP (%),2008,3.913769960403442,,https://api.uis.unesco.org/api/public/data/indicators?indicator=XGDP.FSGOV&geoUnit=IRN&start=1960&end=2026,2026-10-01,true
UIS,XGDP.FSGOV,Government expenditure on education as a percentage of GDP (%),2009,3.842449903488159,,https://api.uis.unesco.org/api/public/data/indicators?indicator=XGDP.FSGOV&geoUnit=IRN&start=1960&end=2026,2026-10-01,true
UIS,XGDP.FSGOV,Government expenditure on education as a percentage of GDP (%),2010,3.70917010307312,,https://api.uis.unesco.org/api/public/data/indicators?indicator=XGDP.FSGOV&geoUnit=IRN&start=1960&end=2026,2026-10-01,true
UIS,XGDP.FSGOV,Government expenditure on education as a percentage of GDP (%),2011,3.484970092773438,,https://api.uis.unesco.org/api/public/data/indicators?indicator=XGDP.FSGOV&geoUnit=IRN&start=1960&end=2026,2026-10-01,true
UIS,XGDP.FSGOV,Government expenditure on education as a percentage of GDP (%),2012,2.938999891281128,,https://api.uis.unesco.org/api/public/data/indicators?indicator=XGDP.FSGOV&geoUnit=IRN&start=1960&end=2026,2026-10-01,true
UIS,XGDP.FSGOV,Government expenditure on education as a percentage of GDP (%),2013,2.852790117263794,,https://api.uis.unesco.org/api/public/data/indicators?indicator=XGDP.FSGOV&geoUnit=IRN&start=1960&end=2026,2026-10-01,true
UIS,XGDP.FSGOV,Government expenditure on education as a percentage of GDP (%),2014,2.616689920425415,,https://api.uis.unesco.org/api/public/data/indicators?indicator=XGDP.FSGOV&geoUnit=IRN&start=1960&end=2026,2026-10-01,true
UIS,XGDP.FSGOV,Government expenditure on education as a percentage of GDP (%),2015,2.629110097885132,,https://api.uis.unesco.org/api/public/data/indicators?indicator=XGDP.FSGOV&geoUnit=IRN&start=1960&end=2026,2026-10-01,true
UIS,XGDP.FSGOV,Government expenditure on education as a percentage of GDP (%),2016,3.173969984054565,,https://api.uis.unesco.org/api/public/data/indicators?indicator=XGDP.FSGOV&geoUnit=IRN&start=1960&end=2026,2026-10-01,true
UIS,XGDP.FSGOV,Government expenditure on education as a percentage of GDP (%),2017,3.459569931030273,,https://api.uis.unesco.org/api/public/data/indicators?indicator=XGDP.FSGOV&geoUnit=IRN&start=1960&end=2026,2026-10-01,true
UIS,XGDP.FSGOV,Government expenditure on education as a percentage of GDP (%),2018,3.619800090789795,,https://api.uis.unesco.org/api/public/data/indicators?indicator=XGDP.FSGOV&geoUnit=IRN&start=1960&end=2026,2026-10-01,true
UIS,XGDP.FSGOV,Government expenditure on education as a percentage of GDP (%),2019,3.240050077438354,,https://api.uis.unesco.org/api/public/data/indicators?indicator=XGDP.FSGOV&geoUnit=IRN&start=1960&end=2026,2026-10-01,true
UIS,XGDP.FSGOV,Government expenditure on education as a percentage of GDP (%),2020,3.204950094223022,,https://api.uis.unesco.org/api/public/data/indicators?indicator=XGDP.FSGOV&geoUnit=IRN&start=1960&end=2026,2026-10-01,true
UIS,XGDP.FSGOV,Government expenditure on education as a percentage of GDP (%),2022,2.669980049133301,,https://api.uis.unesco.org/api/public/data/indicators?indicator=XGDP.FSGOV&geoUnit=IRN&start=1960&end=2026,2026-10-01,true
UIS,XGDP.FSGOV,Government expenditure on education as a percentage of GDP (%),2023,2.824432909587118,,https://api.uis.unesco.org/api/public/data/indicators?indicator=XGDP.FSGOV&geoUnit=IRN&start=1960&end=2026,2026-10-01,true
WorldBank,SE.PRM.CMPT.ZS,"Primary completion rate, total (% of relevant age group)",1971,47.1923599243164,,https://api.worldbank.org/v2/country/IRN/indicator/SE.PRM.CMPT.ZS?format=json&per_page=100,2026-10-01,true
WorldBank,SE.PRM.CMPT.ZS,"Primary completion rate, total (% of relevant age group)",1984,78.2920608520508,,https://api.worldbank.org/v2/country/IRN/indicator/SE.PRM.CMPT.ZS?format=json&per_page=100,2026-10-01,true
WorldBank,SE.PRM.CMPT.ZS,"Primary completion rate, total (% of relevant age group)",1985,81.955810546875,,https://api.worldbank.org/v2/country/IRN/indicator/SE.PRM.CMPT.ZS?format=json&per_page=100,2026-10-01,true
WorldBank,SE.PRM.CMPT.ZS,"Primary completion rate, total (% of relevant age group)",1986,82.9376220703125,,https://api.worldbank.org/v2/country/IRN/indicator/SE.PRM.CMPT.ZS?format=json&per_page=100,2026-10-01,true
WorldBank,SE.PRM.CMPT.ZS,"Primary completion rate, total (% of relevant age group)",1987,82.111572265625,,https://api.worldbank.org/v2/country/IRN/indicator/SE.PRM.CMPT.ZS?format=json&per_page=100,2026-10-01,true
WorldBank,SE.PRM.CMPT.ZS,"Primary completion rate, total (% of relevant age group)",1988,82.38720703125,,https://api.worldbank.org/v2/country/IRN/indicator/SE.PRM.CMPT.ZS?format=json&per_page=100,2026-10-01,true
WorldBank,SE.PRM.CMPT.ZS,"Primary completion rate, total (% of relevant age group)",1989,82.3059234619141,,https://api.worldbank.org/v2/country/IRN/indicator/SE.PRM.CMPT.ZS?format=json&per_page=100,2026-10-01,true
WorldBank,SE.PRM.CMPT.ZS,"Primary completion rate, total (% of relevant age group)",1990,83.8562622070312,,https://api.worldbank.org/v2/country/IRN/indicator/SE.PRM.CMPT.ZS?format=json&per_page=100,2026-10-01,true
WorldBank,SE.PRM.CMPT.ZS,"Primary completion rate, total (% of relevant age group)",1991,87.0904693603516,,https://api.worldbank.org/v2/country/IRN/indicator/SE.PRM.CMPT.ZS?format=json&per_page=100,2026-10-01,true
WorldBank,SE.PRM.CMPT.ZS,"Primary completion rate, total (% of relevant age group)",1992,90.1973037719727,,https://api.worldbank.org/v2/country/IRN/indicator/SE.PRM.CMPT.ZS?format=json&per_page=100,2026-10-01,true
WorldBank,SE.PRM.CMPT.ZS,"Primary completion rate, total (% of relevant age group)",1993,92.1742706298828,,https://api.worldbank.org/v2/country/IRN/indicator/SE.PRM.CMPT.ZS?format=json&per_page=100,2026-10-01,true
WorldBank,SE.PRM.CMPT.ZS,"Primary completion rate, total (% of relevant age group)",1994,90.5096206665039,,https://api.worldbank.org/v2/country/IRN/indicator/SE.PRM.CMPT.ZS?format=json&per_page=100,2026-10-01,true
WorldBank,SE.PRM.CMPT.ZS,"Primary completion rate, total (% of relevant age group)",1995,93.7550735473633,,https://api.worldbank.org/v2/country/IRN/indicator/SE.PRM.CMPT.ZS?format=json&per_page=100,2026-10-01,true
WorldBank,SE.PRM.CMPT.ZS,"Primary completion rate, total (% of relevant age group)",1997,92.311637878418,,https://api.worldbank.org/v2/country/IRN/indicator/SE.PRM.CMPT.ZS?format=json&per_page=100,2026-10-01,true
WorldBank,SE.PRM.CMPT.ZS,"Primary completion rate, total (% of relevant age group)",2000,88.8731307983398,,https://api.worldbank.org/v2/country/IRN/indicator/SE.PRM.CMPT.ZS?format=json&per_page=100,2026-10-01,true
WorldBank,SE.PRM.CMPT.ZS,"Primary completion rate, total (% of relevant age group)",2001,90.9408569335938,,https://api.worldbank.org/v2/country/IRN/indicator/SE.PRM.CMPT.ZS?format=json&per_page=100,2026-10-01,true
WorldBank,SE.PRM.CMPT.ZS,"Primary completion rate, total (% of relevant age group)",2002,91.1592712402344,,https://api.worldbank.org/v2/country/IRN/indicator/SE.PRM.CMPT.ZS?format=json&per_page=100,2026-10-01,true
WorldBank,SE.PRM.CMPT.ZS,"Primary completion rate, total (% of relevant age group)",2003,90.0763168334961,,https://api.worldbank.org/v2/country/IRN/indicator/SE.PRM.CMPT.ZS?format=json&per_page=100,2026-10-01,true
WorldBank,SE.PRM.CMPT.ZS,"Primary completion rate, total (% of relevant age group)",2004,102.826026916504,,https://api.worldbank.org/v2/country/IRN/indicator/SE.PRM.CMPT.ZS?format=json&per_page=100,2026-10-01,true
WorldBank,SE.PRM.CMPT.ZS,"Primary completion rate, total (% of relevant age group)",2005,109.319900512695,,https://api.worldbank.org/v2/country/IRN/indicator/SE.PRM.CMPT.ZS?format=json&per_page=100,2026-10-01,true
WorldBank,SE.PRM.CMPT.ZS,"Primary completion rate, total (% of relevant age group)",2006,99.7794723510742,,https://api.worldbank.org/v2/country/IRN/indicator/SE.PRM.CMPT.ZS?format=json&per_page=100,2026-10-01,true
WorldBank,SE.PRM.CMPT.ZS,"Primary completion rate, total (% of relevant age group)",2007,93.5940704345703,,https://api.worldbank.org/v2/country/IRN/indicator/SE.PRM.CMPT.ZS?format=json&per_page=100,2026-10-01,true
WorldBank,SE.PRM.CMPT.ZS,"Primary completion rate, total (% of relevant age group)",2008,94.5527725219727,,https://api.worldbank.org/v2/country/IRN/indicator/SE.PRM.CMPT.ZS?format=json&per_page=100,2026-10-01,true
WorldBank,SE.PRM.CMPT.ZS,"Primary completion rate, total (% of relevant age group)",2009,96.4692306518555,,https://api.worldbank.org/v2/country/IRN/indicator/SE.PRM.CMPT.ZS?format=json&per_page=100,2026-10-01,true
WorldBank,SE.PRM.CMPT.ZS,"Primary completion rate, total (% of relevant age group)",2010,96.3545074462891,,https://api.worldbank.org/v2/country/IRN/indicator/SE.PRM.CMPT.ZS?format=json&per_page=100,2026-10-01,true
WorldBank,SE.PRM.CMPT.ZS,"Primary completion rate, total (% of relevant age group)",2011,95.4875564575195,,https://api.worldbank.org/v2/country/IRN/indicator/SE.PRM.CMPT.ZS?format=json&per_page=100,2026-10-01,true
WorldBank,SE.PRM.CMPT.ZS,"Primary completion rate, total (% of relevant age group)",2012,93.8982772827148,,https://api.worldbank.org/v2/country/IRN/indicator/SE.PRM.CMPT.ZS?format=json&per_page=100,2026-10-01,true
WorldBank,SE.PRM.CMPT.ZS,"Primary completion rate, total (% of relevant age group)",2015,95.5651626586914,,https://api.worldbank.org/v2/country/IRN/indicator/SE.PRM.CMPT.ZS?format=json&per_page=100,2026-10-01,true
WorldBank,SE.PRM.CMPT.ZS,"Primary completion rate, total (% of relevant age group)",2016,96.4689636230469,,https://api.worldbank.org/v2/country/IRN/indicator/SE.PRM.CMPT.ZS?format=json&per_page=100,2026-10-01,true
WorldBank,SE.PRM.CMPT.ZS,"Primary completion rate, total (% of relevant age group)",2017,94.4417877197266,,https://api.worldbank.org/v2/country/IRN/indicator/SE.PRM.CMPT.ZS?format=json&per_page=100,2026-10-01,true
WorldBank,SE.PRM.CMPT.ZS,"Primary completion rate, total (% of relevant age group)",2019,95.1011505126953,,https://api.worldbank.org/v2/country/IRN/indicator/SE.PRM.CMPT.ZS?format=json&per_page=100,2026-10-01,true
WorldBank,SE.PRM.CMPT.ZS,"Primary completion rate, total (% of relevant age group)",2020,96.345588684082,,https://api.worldbank.org/v2/country/IRN/indicator/SE.PRM.CMPT.ZS?format=json&per_page=100,2026-10-01,true
WorldBank,SE.PRM.CMPT.ZS,"Primary completion rate, total (% of relevant age group)",2022,98.1623077392578,,https://api.worldbank.org/v2/country/IRN/indicator/SE.PRM.CMPT.ZS?format=json&per_page=100,2026-10-01,true
WorldBank,SE.PRM.CMPT.ZS,"Primary completion rate, total (% of relevant age group)",2023,97.4371566772461,,https://api.worldbank.org/v2/country/IRN/indicator/SE.PRM.CMPT.ZS?format=json&per_page=100,2026-10-01,true
WorldBank,SE.PRM.ENRL.TC.ZS,"Pupil-teacher ratio, primary",1971,32.43886,,https://api.worldbank.org/v2/country/IRN/indicator/SE.PRM.ENRL.TC.ZS?format=json&per_page=100,2026-10-01,true
WorldBank,SE.PRM.ENRL.TC.ZS,"Pupil-teacher ratio, primary",1972,31.32823,,https://api.worldbank.org/v2/country/IRN/indicator/SE.PRM.ENRL.TC.ZS?format=json&per_page=100,2026-10-01,true
WorldBank,SE.PRM.ENRL.TC.ZS,"Pupil-teacher ratio, primary",1973,35.49493,,https://api.worldbank.org/v2/country/IRN/indicator/SE.PRM.ENRL.TC.ZS?format=json&per_page=100,2026-10-01,true
WorldBank,SE.PRM.ENRL.TC.ZS,"Pupil-teacher ratio, primary",1974,30.38254,,https://api.worldbank.org/v2/country/IRN/indicator/SE.PRM.ENRL.TC.ZS?format=json&per_page=100,2026-10-01,true
WorldBank,SE.PRM.ENRL.TC.ZS,"Pupil-teacher ratio, primary",1975,30.50753,,https://api.worldbank.org/v2/country/IRN/indicator/SE.PRM.ENRL.TC.ZS?format=json&per_page=100,2026-10-01,true
WorldBank,SE.PRM.ENRL.TC.ZS,"Pupil-teacher ratio, primary",1976,29.37622,,https://api.worldbank.org/v2/country/IRN/indicator/SE.PRM.ENRL.TC.ZS?format=json&per_page=100,2026-10-01,true
WorldBank,SE.PRM.ENRL.TC.ZS,"Pupil-teacher ratio, primary",1977,28.47649,,https://api.worldbank.org/v2/country/IRN/indicator/SE.PRM.ENRL.TC.ZS?format=json&per_page=100,2026-10-01,true
WorldBank,SE.PRM.ENRL.TC.ZS,"Pupil-teacher ratio, primary",1978,32.48016,,https://api.worldbank.org/v2/country/IRN/indicator/SE.PRM.ENRL.TC.ZS?format=json&per_page=100,2026-10-01,true
WorldBank,SE.PRM.ENRL.TC.ZS,"Pupil-teacher ratio, primary",1982,27.41493,,https://api.worldbank.org/v2/country/IRN/indicator/SE.PRM.ENRL.TC.ZS?format=json&per_page=100,2026-10-01,true
WorldBank,SE.PRM.ENRL.TC.ZS,"Pupil-teacher ratio, primary",1983,19.92812,,https://api.worldbank.org/v2/country/IRN/indicator/SE.PRM.ENRL.TC.ZS?format=json&per_page=100,2026-10-01,true
WorldBank,SE.PRM.ENRL.TC.ZS,"Pupil-teacher ratio, primary",1984,20.16294,,https://api.worldbank.org/v2/country/IRN/indicator/SE.PRM.ENRL.TC.ZS?format=json&per_page=100,2026-10-01,true
WorldBank,SE.PRM.ENRL.TC.ZS,"Pupil-teacher ratio, primary",1985,20.614,,https://api.worldbank.org/v2/country/IRN/indicator/SE.PRM.ENRL.TC.ZS?format=json&per_page=100,2026-10-01,true
WorldBank,SE.PRM.ENRL.TC.ZS,"Pupil-teacher ratio, primary",1986,21.91648,,https://api.worldbank.org/v2/country/IRN/indicator/SE.PRM.ENRL.TC.ZS?format=json&per_page=100,2026-10-01,true
WorldBank,SE.PRM.ENRL.TC.ZS,"Pupil-teacher ratio, primary",1987,28.02745,,https://api.worldbank.org/v2/country/IRN/indicator/SE.PRM.ENRL.TC.ZS?format=json&per_page=100,2026-10-01,true
WorldBank,SE.PRM.ENRL.TC.ZS,"Pupil-teacher ratio, primary",1988,29.34102,,https://api.worldbank.org/v2/country/IRN/indicator/SE.PRM.ENRL.TC.ZS?format=json&per_page=100,2026-10-01,true
WorldBank,SE.PRM.ENRL.TC.ZS,"Pupil-teacher ratio, primary",1989,29.88895,,https://api.worldbank.org/v2/country/IRN/indicator/SE.PRM.ENRL.TC.ZS?format=json&per_page=100,2026-10-01,true
WorldBank,SE.PRM.ENRL.TC.ZS,"Pupil-teacher ratio, primary",1991,31.36189,,https://api.worldbank.org/v2/country/IRN/indicator/SE.PRM.ENRL.TC.ZS?format=json&per_page=100,2026-10-01,true
WorldBank,SE.PRM.ENRL.TC.ZS,"Pupil-teacher ratio, primary",1992,31.34307,,https://api.worldbank.org/v2/country/IRN/indicator/SE.PRM.ENRL.TC.ZS?format=json&per_page=100,2026-10-01,true
WorldBank,SE.PRM.ENRL.TC.ZS,"Pupil-teacher ratio, primary",1993,31.86699,,https://api.worldbank.org/v2/country/IRN/indicator/SE.PRM.ENRL.TC.ZS?format=json&per_page=100,2026-10-01,true
WorldBank,SE.PRM.ENRL.TC.ZS,"Pupil-teacher ratio, primary",1994,31.65918,,https://api.worldbank.org/v2/country/IRN/indicator/SE.PRM.ENRL.TC.ZS?format=json&per_page=100,2026-10-01,true
WorldBank,SE.PRM.ENRL.TC.ZS,"Pupil-teacher ratio, primary",1995,31.91303,,https://api.worldbank.org/v2/country/IRN/indicator/SE.PRM.ENRL.TC.ZS?format=json&per_page=100,2026-10-01,true
WorldBank,SE.PRM.ENRL.TC.ZS,"Pupil-teacher ratio, primary",1996,32.86826,,https://api.worldbank.org/v2/country/IRN/indicator/SE.PRM.ENRL.TC.ZS?format=json&per_page=100,2026-10-01,true
WorldBank,SE.PRM.ENRL.TC.ZS,"Pupil-teacher ratio, primary",1997,31.76048,,https://api.worldbank.org/v2/country/IRN/indicator/SE.PRM.ENRL.TC.ZS?format=json&per_page=100,2026-10-01,true
WorldBank,SE.PRM.ENRL.TC.ZS,"Pupil-teacher ratio, primary",1998,30.40967,,https://api.worldbank.org/v2/country/IRN/indicator/SE.PRM.ENRL.TC.ZS?format=json&per_page=100,2026-10-01,true
WorldBank,SE.PRM.ENRL.TC.ZS,"Pupil-teacher ratio, primary",1999,26.50585,,https://api.worldbank.org/v2/country/IRN/indicator/SE.PRM.ENRL.TC.ZS?format=json&per_page=100,2026-10-01,true
WorldBank,SE.PRM.ENRL.TC.ZS,"Pupil-teacher ratio, primary",2000,26.14868,,https://api.worldbank.org/v2/country/IRN/indicator/SE.PRM.ENRL.TC.ZS?format=json&per_page=100,2026-10-01,true
WorldBank,SE.PRM.ENRL.TC.ZS,"Pupil-teacher ratio, primary",2001,25.32444,,https://api.worldbank.org/v2/country/IRN/indicator/SE.PRM.ENRL.TC.ZS?format=json&per_page=100,2026-10-01,true
WorldBank,SE.PRM.ENRL.TC.ZS,"Pupil-teacher ratio, primary",2002,24.38459,,https://api.worldbank.org/v2/country/IRN/indicator/SE.PRM.ENRL.TC.ZS?format=json&per_page=100,2026-10-01,true
WorldBank,SE.PRM.ENRL.TC.ZS,"Pupil-teacher ratio, primary",2003,23.60989,,https://api.worldbank.org/v2/country/IRN/indicator/SE.PRM.ENRL.TC.ZS?format=json&per_page=100,2026-10-01,true
WorldBank,SE.PRM.ENRL.TC.ZS,"Pupil-teacher ratio, primary",2004,22.60443,,https://api.worldbank.org/v2/country/IRN/indicator/SE.PRM.ENRL.TC.ZS?format=json&per_page=100,2026-10-01,true
WorldBank,SE.PRM.ENRL.TC.ZS,"Pupil-teacher ratio, primary",2005,21.74286,,https://api.worldbank.org/v2/country/IRN/indicator/SE.PRM.ENRL.TC.ZS?format=json&per_page=100,2026-10-01,true
WorldBank,SE.PRM.ENRL.TC.ZS,"Pupil-teacher ratio, primary",2006,21.84821,,https://api.worldbank.org/v2/country/IRN/indicator/SE.PRM.ENRL.TC.ZS?format=json&per_page=100,2026-10-01,true
WorldBank,SE.PRM.ENRL.TC.ZS,"Pupil-teacher ratio, primary",2007,21.78506,,https://api.worldbank.org/v2/country/IRN/indicator/SE.PRM.ENRL.TC.ZS?format=json&per_page=100,2026-10-01,true
WorldBank,SE.PRM.ENRL.TC.ZS,"Pupil-teacher ratio, primary",2008,21.33003,,https://api.worldbank.org/v2/country/IRN/indicator/SE.PRM.ENRL.TC.ZS?format=json&per_page=100,2026-10-01,true
WorldBank,SE.PRM.ENRL.TC.ZS,"Pupil-teacher ratio, primary",2009,20.4884,,https://api.worldbank.org/v2/country/IRN/indicator/SE.PRM.ENRL.TC.ZS?format=json&per_page=100,2026-10-01,true
WorldBank,SE.PRM.ENRL.TC.ZS,"Pupil-teacher ratio, primary",2013,25.65459,,https://api.worldbank.org/v2/country/IRN/indicator/SE.PRM.ENRL.TC.ZS?format=json&per_page=100,2026-10-01,true
WorldBank,SE.PRM.ENRL.TC.ZS,"Pupil-teacher ratio, primary",2014,25.91843,,https://api.worldbank.org/v2/country/IRN/indicator/SE.PRM.ENRL.TC.ZS?format=json&per_page=100,2026-10-01,true
WorldBank,SE.PRM.ENRL.TC.ZS,"Pupil-teacher ratio, primary",2015,26.77414,,https://api.worldbank.org/v2/country/IRN/indicator/SE.PRM.ENRL.TC.ZS?format=json&per_page=100,2026-10-01,true
WorldBank,SE.PRM.ENRL.TC.ZS,"Pupil-teacher ratio, primary",2016,27.32117,,https://api.worldbank.org/v2/country/IRN/indicator/SE.PRM.ENRL.TC.ZS?format=json&per_page=100,2026-10-01,true
WorldBank,SE.PRM.ENRL.TC.ZS,"Pupil-teacher ratio, primary",2017,28.52479,,https://api.worldbank.org/v2/country/IRN/indicator/SE.PRM.ENRL.TC.ZS?format=json&per_page=100,2026-10-01,true
WorldBank,SE.SEC.ENRL.TC.ZS,"Pupil-teacher ratio, secondary",1971,34.21573,,https://api.worldbank.org/v2/country/IRN/indicator/SE.SEC.ENRL.TC.ZS?format=json&per_page=100,2026-10-01,true
WorldBank,SE.SEC.ENRL.TC.ZS,"Pupil-teacher ratio, secondary",1972,32.91062,,https://api.worldbank.org/v2/country/IRN/indicator/SE.SEC.ENRL.TC.ZS?format=json&per_page=100,2026-10-01,true
WorldBank,SE.SEC.ENRL.TC.ZS,"Pupil-teacher ratio, secondary",1973,27.97946,,https://api.worldbank.org/v2/country/IRN/indicator/SE.SEC.ENRL.TC.ZS?format=json&per_page=100,2026-10-01,true
WorldBank,SE.SEC.ENRL.TC.ZS,"Pupil-teacher ratio, secondary",1974,29.43764,,https://api.worldbank.org/v2/country/IRN/indicator/SE.SEC.ENRL.TC.ZS?format=json&per_page=100,2026-10-01,true
WorldBank,SE.SEC.ENRL.TC.ZS,"Pupil-teacher ratio, secondary",1975,28.66233,,https://api.worldbank.org/v2/country/IRN/indicator/SE.SEC.ENRL.TC.ZS?format=json&per_page=100,2026-10-01,true
WorldBank,SE.SEC.ENRL.TC.ZS,"Pupil-teacher ratio, secondary",1976,26.67078,,https://api.worldbank.org/v2/country/IRN/indicator/SE.SEC.ENRL.TC.ZS?format=json&per_page=100,2026-10-01,true
WorldBank,SE.SEC.ENRL.TC.ZS,"Pupil-teacher ratio, secondary",1977,24.45021,,https://api.worldbank.org/v2/country/IRN/indicator/SE.SEC.ENRL.TC.ZS?format=json&per_page=100,2026-10-01,true
WorldBank,SE.SEC.ENRL.TC.ZS,"Pupil-teacher ratio, secondary",1985,15.06734,,https://api.worldbank.org/v2/country/IRN/indicator/SE.SEC.ENRL.TC.ZS?format=json&per_page=100,2026-10-01,true
WorldBank,SE.SEC.ENRL.TC.ZS,"Pupil-teacher ratio, secondary",1991,23.51117,,https://api.worldbank.org/v2/country/IRN/indicator/SE.SEC.ENRL.TC.ZS?format=json&per_page=100,2026-10-01,true
WorldBank,SE.SEC.ENRL.TC.ZS,"Pupil-teacher ratio, secondary",1992,25.66588,,https://api.worldbank.org/v2/country/IRN/indicator/SE.SEC.ENRL.TC.ZS?format=json&per_page=100,2026-10-01,true
WorldBank,SE.SEC.ENRL.TC.ZS,"Pupil-teacher ratio, secondary",1993,27.1655,,https://api.worldbank.org/v2/country/IRN/indicator/SE.SEC.ENRL.TC.ZS?format=json&per_page=100,2026-10-01,true
WorldBank,SE.SEC.ENRL.TC.ZS,"Pupil-teacher ratio, secondary",1994,28.2574,,https://api.worldbank.org/v2/country/IRN/indicator/SE.SEC.ENRL.TC.ZS?format=json&per_page=100,2026-10-01,true
WorldBank,SE.SEC.ENRL.TC.ZS,"Pupil-teacher ratio, secondary",1995,30.69641,,https://api.worldbank.org/v2/country/IRN/indicator/SE.SEC.ENRL.TC.ZS?format=json&per_page=100,2026-10-01,true
WorldBank,SE.SEC.ENRL.TC.ZS,"Pupil-teacher ratio, secondary",1997,31.31113,,https://api.worldbank.org/v2/country/IRN/indicator/SE.SEC.ENRL.TC.ZS?format=json&per_page=100,2026-10-01,true
WorldBank,SE.SEC.ENRL.TC.ZS,"Pupil-teacher ratio, secondary",2013,17.55105,,https://api.worldbank.org/v2/country/IRN/indicator/SE.SEC.ENRL.TC.ZS?format=json&per_page=100,2026-10-01,true
WorldBank,SE.SEC.ENRL.TC.ZS,"Pupil-teacher ratio, secondary",2014,17.51293,,https://api.worldbank.org/v2/country/IRN/indicator/SE.SEC.ENRL.TC.ZS?format=json&per_page=100,2026-10-01,true
WorldBank,SE.SEC.ENRL.TC.ZS,"Pupil-teacher ratio, secondary",2016,18.6938,,https://api.worldbank.org/v2/country/IRN/indicator/SE.SEC.ENRL.TC.ZS?format=json&per_page=100,2026-10-01,true
WorldBank,SE.SEC.ENRL.TC.ZS,"Pupil-teacher ratio, secondary",2017,19.00886,,https://api.worldbank.org/v2/country/IRN/indicator/SE.SEC.ENRL.TC.ZS?format=json&per_page=100,2026-10-01,true
