source,year,university,rank,score,rank_research,rank_education,rank_international,rank_innovation,rank_societal,openalex_id,match_method,indicator_note
ISC World University Rankings,2018,Islamic Azad University,401-500,54-56.1,291,946,488,1202,0,I4210113955,fuzzy_name_0.82,"rank_* columns a-e of the site assumed = Research, Education, International Activity, Innovation, Societal Impact (table order; unverified)"
ISC World University Rankings,2018,University of Tehran,401-500,54-56.1,432,862,396,1168,0,I23946033,fuzzy_name_0.82,"rank_* columns a-e of the site assumed = Research, Education, International Activity, Innovation, Societal Impact (table order; unverified)"
ISC World University Rankings,2018,Tehran University of Medical Sciences,501-600,51.6-53.9,549,230,402,1125,0,I70640408,fuzzy_name_0.82,"rank_* columns a-e of the site assumed = Research, Education, International Activity, Innovation, Societal Impact (table order; unverified)"
ISC World University Rankings,2018,Amirkabir University of Technology,601-800,48.6-51.5,723,519,707,1181,0,I158248296,fuzzy_name_0.82,"rank_* columns a-e of the site assumed = Research, Education, International Activity, Innovation, Societal Impact (table order; unverified)"
ISC World University Rankings,2018,Isfahan University of Technology,601-800,48.6-51.5,679,732,761,1142,0,I170013655,fuzzy_name_0.82,"rank_* columns a-e of the site assumed = Research, Education, International Activity, Innovation, Societal Impact (table order; unverified)"
ISC World University Rankings,2018,Sharif University of Technology,601-800,48.6-51.5,608,791,761,1090,0,I133529467,fuzzy_name_0.82,"rank_* columns a-e of the site assumed = Research, Education, International Activity, Innovation, Societal Impact (table order; unverified)"
ISC World University Rankings,2018,Ferdowsi University Mashhad,801-1000,45.1-48.5,828,862,933,1202,0,I86958956,fuzzy_name_0.82,"rank_* columns a-e of the site assumed = Research, Education, International Activity, Innovation, Societal Impact (table order; unverified)"
ISC World University Rankings,2018,Iran University Science & Technology,801-1000,45.1-48.5,950,873,979,1168,0,I67009956,fuzzy_name_0.82,"rank_* columns a-e of the site assumed = Research, Education, International Activity, Innovation, Societal Impact (table order; unverified)"
ISC World University Rankings,2018,Shahid Beheshti University Medical Sciences,801-1000,45.1-48.5,861,257,651,1070,0,I58048189,fuzzy_name_0.82,"rank_* columns a-e of the site assumed = Research, Education, International Activity, Innovation, Societal Impact (table order; unverified)"
ISC World University Rankings,2018,Shiraz University,801-1000,45.1-48.5,779,816,956,1192,0,I166459259,fuzzy_name_0.82,"rank_* columns a-e of the site assumed = Research, Education, International Activity, Innovation, Societal Impact (table order; unverified)"
ISC World University Rankings,2018,Tarbiat Modares University,801-1000,45.1-48.5,709,506,924,1192,0,I1516879,fuzzy_name_0.82,"rank_* columns a-e of the site assumed = Research, Education, International Activity, Innovation, Societal Impact (table order; unverified)"
ISC World University Rankings,2018,University of Tabriz,801-1000,45.1-48.5,943,862,1030,1202,0,I41832843,fuzzy_name_0.82,"rank_* columns a-e of the site assumed = Research, Education, International Activity, Innovation, Societal Impact (table order; unverified)"
ISC World University Rankings,2018,Iran University of Medical Sciences,1001+,32.2-45,1179,72,813,1125,0,I161106909,fuzzy_name_0.82,"rank_* columns a-e of the site assumed = Research, Education, International Activity, Innovation, Societal Impact (table order; unverified)"
ISC World University Rankings,2018,Isfahan University of Medical Sciences,1001+,32.2-45,1149,167,1012,1192,0,I114982161,fuzzy_name_0.82,"rank_* columns a-e of the site assumed = Research, Education, International Activity, Innovation, Societal Impact (table order; unverified)"
ISC World University Rankings,2018,K. N. Toosi University of Technology,1001+,32.2-45,1069,755,1139,1202,0,I80543232,fuzzy_name_0.82,"rank_* columns a-e of the site assumed = Research, Education, International Activity, Innovation, Societal Impact (table order; unverified)"
ISC World University Rankings,2018,Mashhad University of Medical Sciences,1001+,32.2-45,1113,313,753,1109,0,I165560825,fuzzy_name_0.82,"rank_* columns a-e of the site assumed = Research, Education, International Activity, Innovation, Societal Impact (table order; unverified)"
ISC World University Rankings,2018,Payame Noor University,1001+,32.2-45,1155,1220,1164,1215,0,I55547365,fuzzy_name_0.82,"rank_* columns a-e of the site assumed = Research, Education, International Activity, Innovation, Societal Impact (table order; unverified)"
ISC World University Rankings,2018,Razi University,1001+,32.2-45,1195,855,1139,1202,0,I1187138,fuzzy_name_0.82,"rank_* columns a-e of the site assumed = Research, Education, International Activity, Innovation, Societal Impact (table order; unverified)"
ISC World University Rankings,2018,Shahid Beheshti University,1001+,32.2-45,1052,791,975,1181,0,I48379061,fuzzy_name_0.82,"rank_* columns a-e of the site assumed = Research, Education, International Activity, Innovation, Societal Impact (table order; unverified)"
ISC World University Rankings,2018,Shiraz University of Medical Science,1001+,32.2-45,1174,367,918,1109,0,I194604659,fuzzy_name_0.82,"rank_* columns a-e of the site assumed = Research, Education, International Activity, Innovation, Societal Impact (table order; unverified)"
ISC World University Rankings,2018,Tabriz University of Medical Science,1001+,32.2-45,1146,265,1127,1202,0,I163205636,fuzzy_name_0.82,"rank_* columns a-e of the site assumed = Research, Education, International Activity, Innovation, Societal Impact (table order; unverified)"
ISC World University Rankings,2018,University Kashan,1001+,32.2-45,1121,873,1199,1215,0,I105818395,fuzzy_name_0.82,"rank_* columns a-e of the site assumed = Research, Education, International Activity, Innovation, Societal Impact (table order; unverified)"
ISC World University Rankings,2018,University of Guilan,1001+,32.2-45,1143,862,1169,1215,0,I877176835,fuzzy_name_0.82,"rank_* columns a-e of the site assumed = Research, Education, International Activity, Innovation, Societal Impact (table order; unverified)"
ISC World University Rankings,2018,University of Isfahan,1001+,32.2-45,1062,755,1115,1181,0,I39268498,fuzzy_name_0.82,"rank_* columns a-e of the site assumed = Research, Education, International Activity, Innovation, Societal Impact (table order; unverified)"
ISC World University Rankings,2019,Tehran University of Medical Sciences,451-500,55.4-56.2,488,240,352,1733,0,I70640408,fuzzy_name_0.82,"rank_* columns a-e of the site assumed = Research, Education, International Activity, Innovation, Societal Impact (table order; unverified)"
ISC World University Rankings,2019,University of Tehran,451-500,55.4-56.2,403,1239,401,1869,0,I23946033,fuzzy_name_0.82,"rank_* columns a-e of the site assumed = Research, Education, International Activity, Innovation, Societal Impact (table order; unverified)"
ISC World University Rankings,2019,Isfahan University of Technology,701-800,50.1-51.6,657,1152,812,1781,0,I170013655,fuzzy_name_0.82,"rank_* columns a-e of the site assumed = Research, Education, International Activity, Innovation, Societal Impact (table order; unverified)"
ISC World University Rankings,2019,Shahid Beheshti University Medical Sciences,701-800,50.1-51.6,768,307,566,1594,0,I58048189,fuzzy_name_0.82,"rank_* columns a-e of the site assumed = Research, Education, International Activity, Innovation, Societal Impact (table order; unverified)"
ISC World University Rankings,2019,Sharif University of Technology,701-800,50.1-51.6,638,1152,729,1554,0,I133529467,fuzzy_name_0.82,"rank_* columns a-e of the site assumed = Research, Education, International Activity, Innovation, Societal Impact (table order; unverified)"
ISC World University Rankings,2019,Tarbiat Modares University,701-800,50.1-51.6,704,629,970,1869,0,I1516879,fuzzy_name_0.82,"rank_* columns a-e of the site assumed = Research, Education, International Activity, Innovation, Societal Impact (table order; unverified)"
ISC World University Rankings,2019,Amirkabir University of Technology,801-900,48.7-50,745,993,821,1869,0,I158248296,fuzzy_name_0.82,"rank_* columns a-e of the site assumed = Research, Education, International Activity, Innovation, Societal Impact (table order; unverified)"
ISC World University Rankings,2019,Ferdowsi University Mashhad,901-1000,47.3-48.6,825,1350,915,1869,0,I86958956,fuzzy_name_0.82,"rank_* columns a-e of the site assumed = Research, Education, International Activity, Innovation, Societal Impact (table order; unverified)"
ISC World University Rankings,2019,Iran University of Medical Sciences,901-1000,47.3-48.6,1051,376,888,1697,0,I161106909,fuzzy_name_0.82,"rank_* columns a-e of the site assumed = Research, Education, International Activity, Innovation, Societal Impact (table order; unverified)"
ISC World University Rankings,2019,Shahid Beheshti University,901-1000,47.3-48.6,844,1137,1017,1953,0,I48379061,fuzzy_name_0.82,"rank_* columns a-e of the site assumed = Research, Education, International Activity, Innovation, Societal Impact (table order; unverified)"
ISC World University Rankings,2019,Shiraz University,901-1000,47.3-48.6,778,1284,1110,1869,0,I166459259,fuzzy_name_0.82,"rank_* columns a-e of the site assumed = Research, Education, International Activity, Innovation, Societal Impact (table order; unverified)"
ISC World University Rankings,2019,Iran University Science & Technology,1001-1200,45-47.2,969,1350,1056,1869,0,I67009956,fuzzy_name_0.82,"rank_* columns a-e of the site assumed = Research, Education, International Activity, Innovation, Societal Impact (table order; unverified)"
ISC World University Rankings,2019,Isfahan University of Medical Sciences,1001-1200,45-47.2,1283,85,1034,1819,0,I114982161,fuzzy_name_0.82,"rank_* columns a-e of the site assumed = Research, Education, International Activity, Innovation, Societal Impact (table order; unverified)"
ISC World University Rankings,2019,Mashhad University of Medical Sciences,1001-1200,45-47.2,1063,456,852,1781,0,I165560825,fuzzy_name_0.82,"rank_* columns a-e of the site assumed = Research, Education, International Activity, Innovation, Societal Impact (table order; unverified)"
ISC World University Rankings,2019,Tabriz University of Medical Science,1001-1200,45-47.2,1216,158,1146,1919,0,I163205636,fuzzy_name_0.82,"rank_* columns a-e of the site assumed = Research, Education, International Activity, Innovation, Societal Impact (table order; unverified)"
ISC World University Rankings,2019,University of Tabriz,1001-1200,45-47.2,944,1336,1284,1919,0,I41832843,fuzzy_name_0.82,"rank_* columns a-e of the site assumed = Research, Education, International Activity, Innovation, Societal Impact (table order; unverified)"
ISC World University Rankings,2019,Baqiyatallah University of Medical Sciences (BMSU),1201-1400,42.9-44.9,1448,355,1205,1919,0,I120514687,fuzzy_name_0.82,"rank_* columns a-e of the site assumed = Research, Education, International Activity, Innovation, Societal Impact (table order; unverified)"
ISC World University Rankings,2019,K. N. Toosi University of Technology,1201-1400,42.9-44.9,1157,1221,1507,1869,0,I80543232,fuzzy_name_0.82,"rank_* columns a-e of the site assumed = Research, Education, International Activity, Innovation, Societal Impact (table order; unverified)"
ISC World University Rankings,2019,Shiraz University of Medical Science,1201-1400,42.9-44.9,1386,490,952,1675,0,I194604659,fuzzy_name_0.82,"rank_* columns a-e of the site assumed = Research, Education, International Activity, Innovation, Societal Impact (table order; unverified)"
ISC World University Rankings,2019,University of Guilan,1201-1400,42.9-44.9,1227,1361,1616,1964,0,I877176835,fuzzy_name_0.82,"rank_* columns a-e of the site assumed = Research, Education, International Activity, Innovation, Societal Impact (table order; unverified)"
ISC World University Rankings,2019,University of Isfahan,1201-1400,42.9-44.9,1176,1122,1531,1919,0,I39268498,fuzzy_name_0.82,"rank_* columns a-e of the site assumed = Research, Education, International Activity, Innovation, Societal Impact (table order; unverified)"
ISC World University Rankings,2019,Babol Noshirvani University of Technology,1401-1600,41-42.8,1396,1184,1757,1964,0,I84248293,fuzzy_name_0.82,"rank_* columns a-e of the site assumed = Research, Education, International Activity, Innovation, Societal Impact (table order; unverified)"
ISC World University Rankings,2019,Bu Ali Sina University,1401-1600,41-42.8,1327,1336,1753,1964,0,I167694869,fuzzy_name_0.82,"rank_* columns a-e of the site assumed = Research, Education, International Activity, Innovation, Societal Impact (table order; unverified)"
ISC World University Rankings,2019,Mazandaran University of Medical Sciences,1401-1600,41-42.8,1539,783,1296,1419,0,I88085062,fuzzy_name_0.82,"rank_* columns a-e of the site assumed = Research, Education, International Activity, Innovation, Societal Impact (table order; unverified)"
ISC World University Rankings,2019,Razi University,1401-1600,41-42.8,1472,1350,1531,1953,0,I1187138,fuzzy_name_0.82,"rank_* columns a-e of the site assumed = Research, Education, International Activity, Innovation, Societal Impact (table order; unverified)"
ISC World University Rankings,2019,Semnan University,1401-1600,41-42.8,1386,1434,1687,1964,0,I928334797,fuzzy_name_0.82,"rank_* columns a-e of the site assumed = Research, Education, International Activity, Innovation, Societal Impact (table order; unverified)"
ISC World University Rankings,2019,University Kashan,1401-1600,41-42.8,1227,1336,1757,1964,0,I105818395,fuzzy_name_0.82,"rank_* columns a-e of the site assumed = Research, Education, International Activity, Innovation, Societal Impact (table order; unverified)"
ISC World University Rankings,2019,University of Yazd,1401-1600,41-42.8,1438,1398,1457,1964,0,I41832843,fuzzy_name_0.82,"rank_* columns a-e of the site assumed = Research, Education, International Activity, Innovation, Societal Impact (table order; unverified)"
ISC World University Rankings,2019,Ahvaz Jundishapur University of Medical Sciences (AJUMS),1601-1800,38.3-40.9,1647,592,1477,1953,0,I119939603,fuzzy_name_0.82,"rank_* columns a-e of the site assumed = Research, Education, International Activity, Innovation, Societal Impact (table order; unverified)"
ISC World University Rankings,2019,Kerman University of Medical Sciences,1601-1800,38.3-40.9,1695,254,1429,1675,0,I235686326,fuzzy_name_0.82,"rank_* columns a-e of the site assumed = Research, Education, International Activity, Innovation, Societal Impact (table order; unverified)"
ISC World University Rankings,2019,Kermanshah University of Medical Sciences,1601-1800,38.3-40.9,1632,598,1432,1919,0,I39642139,fuzzy_name_0.82,"rank_* columns a-e of the site assumed = Research, Education, International Activity, Innovation, Societal Impact (table order; unverified)"
ISC World University Rankings,2019,Sahand University of Technology,1601-1800,38.3-40.9,1659,1301,1881,1781,0,I107853901,fuzzy_name_0.82,"rank_* columns a-e of the site assumed = Research, Education, International Activity, Innovation, Societal Impact (table order; unverified)"
ISC World University Rankings,2019,Shahid Bahonar University of Kerman (SBUK),1601-1800,38.3-40.9,1512,1266,1692,1953,0,I115566878,fuzzy_name_0.82,"rank_* columns a-e of the site assumed = Research, Education, International Activity, Innovation, Societal Impact (table order; unverified)"
ISC World University Rankings,2019,University of Mazandaran,1601-1800,38.3-40.9,1462,1428,1763,1919,0,I4871159,fuzzy_name_0.82,"rank_* columns a-e of the site assumed = Research, Education, International Activity, Innovation, Societal Impact (table order; unverified)"
ISC World University Rankings,2019,Urmia University,1601-1800,38.3-40.9,1608,1350,1786,1964,0,I38476204,fuzzy_name_0.82,"rank_* columns a-e of the site assumed = Research, Education, International Activity, Innovation, Societal Impact (table order; unverified)"
ISC World University Rankings,2019,Yasouj University,1601-1800,38.3-40.9,1670,1274,1904,1964,0,I3121641575,fuzzy_name_0.82,"rank_* columns a-e of the site assumed = Research, Education, International Activity, Innovation, Societal Impact (table order; unverified)"
ISC World University Rankings,2019,Alzahra University,1801-2000,31.5-38.2,1871,1383,1963,1819,0,I67080706,fuzzy_name_0.82,"rank_* columns a-e of the site assumed = Research, Education, International Activity, Innovation, Societal Impact (table order; unverified)"
ISC World University Rankings,2019,Imam Khomeini International University,1801-2000,31.5-38.2,1792,1310,1964,1964,0,I69425150,fuzzy_name_0.82,"rank_* columns a-e of the site assumed = Research, Education, International Activity, Innovation, Societal Impact (table order; unverified)"
ISC World University Rankings,2019,Shahed University,1801-2000,31.5-38.2,1973,881,1974,1964,0,I119025939,fuzzy_name_0.82,"rank_* columns a-e of the site assumed = Research, Education, International Activity, Innovation, Societal Impact (table order; unverified)"
ISC World University Rankings,2019,Shahid Chamran University of Ahvaz,1801-2000,31.5-38.2,1970,1152,1991,1964,0,I196051555,fuzzy_name_0.82,"rank_* columns a-e of the site assumed = Research, Education, International Activity, Innovation, Societal Impact (table order; unverified)"
ISC World University Rankings,2019,Shahrekord University,1801-2000,31.5-38.2,1833,1239,1900,1964,0,I127908078,fuzzy_name_0.82,"rank_* columns a-e of the site assumed = Research, Education, International Activity, Innovation, Societal Impact (table order; unverified)"
ISC World University Rankings,2019,Shahrood University of Technology,1801-2000,31.5-38.2,1927,1434,1881,1869,0,I133529467,fuzzy_name_0.82,"rank_* columns a-e of the site assumed = Research, Education, International Activity, Innovation, Societal Impact (table order; unverified)"
ISC World University Rankings,2019,University of Mohaghegh Ardabili,1801-2000,31.5-38.2,1850,1428,1929,1819,0,I72341708,fuzzy_name_0.82,"rank_* columns a-e of the site assumed = Research, Education, International Activity, Innovation, Societal Impact (table order; unverified)"
ISC World University Rankings,2020,Tehran University of Medical Sciences,501-600,54-55.8,478,173,634,1852,0,I70640408,fuzzy_name_0.82,"rank_* columns a-e of the site assumed = Research, Education, International Activity, Innovation, Societal Impact (table order; unverified)"
ISC World University Rankings,2020,University of Tehran,501-600,54-55.8,359,1313,1074,1904,0,I23946033,fuzzy_name_0.82,"rank_* columns a-e of the site assumed = Research, Education, International Activity, Innovation, Societal Impact (table order; unverified)"
ISC World University Rankings,2020,Isfahan University of Technology,701-800,50.9-52.4,595,1232,986,1904,0,I170013655,fuzzy_name_0.82,"rank_* columns a-e of the site assumed = Research, Education, International Activity, Innovation, Societal Impact (table order; unverified)"
ISC World University Rankings,2020,Shahid Beheshti University Medical Sciences,701-800,50.9-52.4,749,263,783,1852,0,I58048189,fuzzy_name_0.82,"rank_* columns a-e of the site assumed = Research, Education, International Activity, Innovation, Societal Impact (table order; unverified)"
ISC World University Rankings,2020,Sharif University of Technology,701-800,50.9-52.4,665,1060,756,1631,0,I133529467,fuzzy_name_0.82,"rank_* columns a-e of the site assumed = Research, Education, International Activity, Innovation, Societal Impact (table order; unverified)"
ISC World University Rankings,2020,Amirkabir University of Technology,801-900,49.6-50.8,804,1202,828,2048,0,I158248296,fuzzy_name_0.82,"rank_* columns a-e of the site assumed = Research, Education, International Activity, Innovation, Societal Impact (table order; unverified)"
ISC World University Rankings,2020,Tarbiat Modares University,801-900,49.6-50.8,694,492,1183,1904,0,I1516879,fuzzy_name_0.82,"rank_* columns a-e of the site assumed = Research, Education, International Activity, Innovation, Societal Impact (table order; unverified)"
ISC World University Rankings,2020,Ferdowsi University Mashhad,901-1000,48.4-49.5,859,1426,1102,1998,0,I86958956,fuzzy_name_0.82,"rank_* columns a-e of the site assumed = Research, Education, International Activity, Innovation, Societal Impact (table order; unverified)"
ISC World University Rankings,2020,Iran University of Medical Sciences,901-1000,48.4-49.5,981,286,1062,1805,0,I161106909,fuzzy_name_0.82,"rank_* columns a-e of the site assumed = Research, Education, International Activity, Innovation, Societal Impact (table order; unverified)"
ISC World University Rankings,2020,Shahid Beheshti University,901-1000,48.4-49.5,830,1313,1030,1904,0,I48379061,fuzzy_name_0.82,"rank_* columns a-e of the site assumed = Research, Education, International Activity, Innovation, Societal Impact (table order; unverified)"
ISC World University Rankings,2020,Shiraz University,901-1000,48.4-49.5,820,1376,1001,2089,0,I166459259,fuzzy_name_0.82,"rank_* columns a-e of the site assumed = Research, Education, International Activity, Innovation, Societal Impact (table order; unverified)"
ISC World University Rankings,2020,University of Tabriz,901-1000,48.4-49.5,900,1483,1007,2089,0,I41832843,fuzzy_name_0.82,"rank_* columns a-e of the site assumed = Research, Education, International Activity, Innovation, Societal Impact (table order; unverified)"
ISC World University Rankings,2020,Iran University Science & Technology,1001-1200,46.5-48.3,970,1509,972,2048,0,I67009956,fuzzy_name_0.82,"rank_* columns a-e of the site assumed = Research, Education, International Activity, Innovation, Societal Impact (table order; unverified)"
ISC World University Rankings,2020,Isfahan University of Medical Sciences,1001-1200,46.5-48.3,1163,84,1052,1756,0,I114982161,fuzzy_name_0.82,"rank_* columns a-e of the site assumed = Research, Education, International Activity, Innovation, Societal Impact (table order; unverified)"
ISC World University Rankings,2020,Mashhad University of Medical Sciences,1001-1200,46.5-48.3,1011,417,972,1998,0,I165560825,fuzzy_name_0.82,"rank_* columns a-e of the site assumed = Research, Education, International Activity, Innovation, Societal Impact (table order; unverified)"
ISC World University Rankings,2020,Tabriz University of Medical Science,1001-1200,46.5-48.3,1206,110,1106,2089,0,I163205636,fuzzy_name_0.82,"rank_* columns a-e of the site assumed = Research, Education, International Activity, Innovation, Societal Impact (table order; unverified)"
ISC World University Rankings,2020,K. N. Toosi University of Technology,1201-1400,44.4-46.4,1252,1275,1556,1998,0,I80543232,fuzzy_name_0.82,"rank_* columns a-e of the site assumed = Research, Education, International Activity, Innovation, Societal Impact (table order; unverified)"
ISC World University Rankings,2020,Shiraz University of Medical Science,1201-1400,44.4-46.4,1360,445,911,1805,0,I194604659,fuzzy_name_0.82,"rank_* columns a-e of the site assumed = Research, Education, International Activity, Innovation, Societal Impact (table order; unverified)"
ISC World University Rankings,2020,University of Isfahan,1201-1400,44.4-46.4,1314,1216,1520,2048,0,I39268498,fuzzy_name_0.82,"rank_* columns a-e of the site assumed = Research, Education, International Activity, Innovation, Societal Impact (table order; unverified)"
ISC World University Rankings,2020,University of Yazd,1201-1400,44.4-46.4,1213,1466,1445,2089,0,I41832843,fuzzy_name_0.82,"rank_* columns a-e of the site assumed = Research, Education, International Activity, Innovation, Societal Impact (table order; unverified)"
ISC World University Rankings,2020,Ahvaz Jundishapur University of Medical Sciences (AJUMS),1401-1600,42.4-44.3,1503,561,1374,1904,0,I119939603,fuzzy_name_0.82,"rank_* columns a-e of the site assumed = Research, Education, International Activity, Innovation, Societal Impact (table order; unverified)"
ISC World University Rankings,2020,Babol Noshirvani University of Technology,1401-1600,42.4-44.3,1407,1313,1606,2089,0,I84248293,fuzzy_name_0.82,"rank_* columns a-e of the site assumed = Research, Education, International Activity, Innovation, Societal Impact (table order; unverified)"
ISC World University Rankings,2020,Kermanshah University of Medical Sciences,1401-1600,42.4-44.3,1503,466,1510,1852,0,I39642139,fuzzy_name_0.82,"rank_* columns a-e of the site assumed = Research, Education, International Activity, Innovation, Societal Impact (table order; unverified)"
ISC World University Rankings,2020,University Kashan,1401-1600,42.4-44.3,1303,1454,1867,2131,0,I105818395,fuzzy_name_0.82,"rank_* columns a-e of the site assumed = Research, Education, International Activity, Innovation, Societal Impact (table order; unverified)"
ISC World University Rankings,2020,University of Guilan,1401-1600,42.4-44.3,1303,1483,1561,2089,0,I877176835,fuzzy_name_0.82,"rank_* columns a-e of the site assumed = Research, Education, International Activity, Innovation, Societal Impact (table order; unverified)"
ISC World University Rankings,2020,Baqiyatallah University of Medical Sciences (BMSU),1601-1800,40.5-42.3,1421,263,2146,1998,0,I120514687,fuzzy_name_0.82,"rank_* columns a-e of the site assumed = Research, Education, International Activity, Innovation, Societal Impact (table order; unverified)"
ISC World University Rankings,2020,Bu Ali Sina University,1601-1800,40.5-42.3,1488,1466,1839,2131,0,I167694869,fuzzy_name_0.82,"rank_* columns a-e of the site assumed = Research, Education, International Activity, Innovation, Societal Impact (table order; unverified)"
ISC World University Rankings,2020,Kerman University of Medical Sciences,1601-1800,40.5-42.3,1781,147,1454,1904,0,I235686326,fuzzy_name_0.82,"rank_* columns a-e of the site assumed = Research, Education, International Activity, Innovation, Societal Impact (table order; unverified)"
ISC World University Rankings,2020,Mazandaran University of Medical Sciences,1601-1800,40.5-42.3,1747,1202,1260,1631,0,I88085062,fuzzy_name_0.82,"rank_* columns a-e of the site assumed = Research, Education, International Activity, Innovation, Societal Impact (table order; unverified)"
ISC World University Rankings,2020,Razi University,1601-1800,40.5-42.3,1536,1466,1639,1998,0,I1187138,fuzzy_name_0.82,"rank_* columns a-e of the site assumed = Research, Education, International Activity, Innovation, Societal Impact (table order; unverified)"
ISC World University Rankings,2020,Semnan University,1601-1800,40.5-42.3,1465,1541,1793,2131,0,I928334797,fuzzy_name_0.82,"rank_* columns a-e of the site assumed = Research, Education, International Activity, Innovation, Societal Impact (table order; unverified)"
ISC World University Rankings,2020,Shahid Bahonar University of Kerman (SBUK),1601-1800,40.5-42.3,1514,1357,1784,2089,0,I115566878,fuzzy_name_0.82,"rank_* columns a-e of the site assumed = Research, Education, International Activity, Innovation, Societal Impact (table order; unverified)"
ISC World University Rankings,2020,Shahrood University of Technology,1601-1800,40.5-42.3,1642,1551,1881,2089,0,I133529467,fuzzy_name_0.82,"rank_* columns a-e of the site assumed = Research, Education, International Activity, Innovation, Societal Impact (table order; unverified)"
ISC World University Rankings,2020,University of Kurdistan,1601-1800,40.5-42.3,1622,1454,1863,2089,0,I3124704065,fuzzy_name_0.82,"rank_* columns a-e of the site assumed = Research, Education, International Activity, Innovation, Societal Impact (table order; unverified)"
ISC World University Rankings,2020,University of Mazandaran,1601-1800,40.5-42.3,1642,1520,1857,2048,0,I4871159,fuzzy_name_0.82,"rank_* columns a-e of the site assumed = Research, Education, International Activity, Innovation, Societal Impact (table order; unverified)"
ISC World University Rankings,2020,Sahand University of Technology,1801-2000,38.3-40.4,1825,1411,1994,1998,0,I107853901,fuzzy_name_0.82,"rank_* columns a-e of the site assumed = Research, Education, International Activity, Innovation, Societal Impact (table order; unverified)"
ISC World University Rankings,2020,Shahid Chamran University of Ahvaz,1801-2000,38.3-40.4,1717,1313,2126,2089,0,I196051555,fuzzy_name_0.82,"rank_* columns a-e of the site assumed = Research, Education, International Activity, Innovation, Societal Impact (table order; unverified)"
ISC World University Rankings,2020,University of Mohaghegh Ardabili,1801-2000,38.3-40.4,1802,1509,1988,1852,0,I72341708,fuzzy_name_0.82,"rank_* columns a-e of the site assumed = Research, Education, International Activity, Innovation, Societal Impact (table order; unverified)"
ISC World University Rankings,2020,Urmia University,1801-2000,38.3-40.4,1653,1454,2099,2131,0,I38476204,fuzzy_name_0.82,"rank_* columns a-e of the site assumed = Research, Education, International Activity, Innovation, Societal Impact (table order; unverified)"
ISC World University Rankings,2020,Yasouj University,1801-2000,38.3-40.4,1747,1297,2028,2089,0,I3121641575,fuzzy_name_0.82,"rank_* columns a-e of the site assumed = Research, Education, International Activity, Innovation, Societal Impact (table order; unverified)"
ISC World University Rankings,2020,Alzahra University,2001+,≤ 38.2,1901,1439,2049,1904,0,I67080706,fuzzy_name_0.82,"rank_* columns a-e of the site assumed = Research, Education, International Activity, Innovation, Societal Impact (table order; unverified)"
ISC World University Rankings,2020,Imam Khomeini International University,2001+,≤ 38.2,1921,1411,2108,2131,0,I69425150,fuzzy_name_0.82,"rank_* columns a-e of the site assumed = Research, Education, International Activity, Innovation, Societal Impact (table order; unverified)"
ISC World University Rankings,2020,Shahed University,2001+,≤ 38.2,2140,942,2164,2048,0,I119025939,fuzzy_name_0.82,"rank_* columns a-e of the site assumed = Research, Education, International Activity, Innovation, Societal Impact (table order; unverified)"
ISC World University Rankings,2020,Shahrekord University,2001+,≤ 38.2,1862,1313,2103,2089,0,I127908078,fuzzy_name_0.82,"rank_* columns a-e of the site assumed = Research, Education, International Activity, Innovation, Societal Impact (table order; unverified)"
ISC World University Rankings,2020,Shiraz University of Technology,2001+,≤ 38.2,2082,811,2028,2048,0,I204490172,fuzzy_name_0.82,"rank_* columns a-e of the site assumed = Research, Education, International Activity, Innovation, Societal Impact (table order; unverified)"
ISC World University Rankings,2020,Zahedan University of Medical Sciences,2001+,≤ 38.2,2102,120,1915,1852,0,I4210133472,fuzzy_name_0.82,"rank_* columns a-e of the site assumed = Research, Education, International Activity, Innovation, Societal Impact (table order; unverified)"
ISC World University Rankings,2021,University of Tehran,401-450,57-57.9,364,1263,526,1876,0,I23946033,fuzzy_name_0.82,"rank_* columns a-e of the site assumed = Research, Education, International Activity, Innovation, Societal Impact (table order; unverified)"
ISC World University Rankings,2021,Tehran University of Medical Sciences,451-500,56.1-56.9,447,309,403,2009,0,I70640408,fuzzy_name_0.82,"rank_* columns a-e of the site assumed = Research, Education, International Activity, Innovation, Societal Impact (table order; unverified)"
ISC World University Rankings,2021,Shahid Beheshti University Medical Sciences,601-700,52.7-54.2,723,403,484,1876,0,I58048189,fuzzy_name_0.82,"rank_* columns a-e of the site assumed = Research, Education, International Activity, Innovation, Societal Impact (table order; unverified)"
ISC World University Rankings,2021,Sharif University of Technology,601-700,52.7-54.2,654,1450,649,1401,0,I133529467,fuzzy_name_0.82,"rank_* columns a-e of the site assumed = Research, Education, International Activity, Innovation, Societal Impact (table order; unverified)"
ISC World University Rankings,2021,Tarbiat Modares University,601-700,52.7-54.2,642,598,766,1730,0,I1516879,fuzzy_name_0.82,"rank_* columns a-e of the site assumed = Research, Education, International Activity, Innovation, Societal Impact (table order; unverified)"
ISC World University Rankings,2021,Amirkabir University of Technology,701-800,51.4-52.6,776,829,628,1730,0,I158248296,fuzzy_name_0.82,"rank_* columns a-e of the site assumed = Research, Education, International Activity, Innovation, Societal Impact (table order; unverified)"
ISC World University Rankings,2021,Isfahan University of Technology,701-800,51.4-52.6,610,1390,1043,2009,0,I170013655,fuzzy_name_0.82,"rank_* columns a-e of the site assumed = Research, Education, International Activity, Innovation, Societal Impact (table order; unverified)"
ISC World University Rankings,2021,Iran University of Medical Sciences,801-900,50-51.3,867,421,657,1876,0,I161106909,fuzzy_name_0.82,"rank_* columns a-e of the site assumed = Research, Education, International Activity, Innovation, Societal Impact (table order; unverified)"
ISC World University Rankings,2021,Mashhad University of Medical Sciences,801-900,50-51.3,873,570,742,2009,0,I165560825,fuzzy_name_0.82,"rank_* columns a-e of the site assumed = Research, Education, International Activity, Innovation, Societal Impact (table order; unverified)"
ISC World University Rankings,2021,Shiraz University,801-900,50-51.3,812,1263,837,2180,0,I166459259,fuzzy_name_0.82,"rank_* columns a-e of the site assumed = Research, Education, International Activity, Innovation, Societal Impact (table order; unverified)"
ISC World University Rankings,2021,Ferdowsi University Mashhad,901-1000,49-49.9,881,1601,1128,1829,0,I86958956,fuzzy_name_0.82,"rank_* columns a-e of the site assumed = Research, Education, International Activity, Innovation, Societal Impact (table order; unverified)"
ISC World University Rankings,2021,Iran University Science & Technology,901-1000,49-49.9,887,1628,827,2009,0,I67009956,fuzzy_name_0.82,"rank_* columns a-e of the site assumed = Research, Education, International Activity, Innovation, Societal Impact (table order; unverified)"
ISC World University Rankings,2021,Shahid Beheshti University,901-1000,49-49.9,851,1450,1028,2061,0,I48379061,fuzzy_name_0.82,"rank_* columns a-e of the site assumed = Research, Education, International Activity, Innovation, Societal Impact (table order; unverified)"
ISC World University Rankings,2021,University of Tabriz,901-1000,49-49.9,851,1601,925,2136,0,I41832843,fuzzy_name_0.82,"rank_* columns a-e of the site assumed = Research, Education, International Activity, Innovation, Societal Impact (table order; unverified)"
ISC World University Rankings,2021,Isfahan University of Medical Sciences,1001-1200,47-48.9,1114,153,1153,1953,0,I114982161,fuzzy_name_0.82,"rank_* columns a-e of the site assumed = Research, Education, International Activity, Innovation, Societal Impact (table order; unverified)"
ISC World University Rankings,2021,Shiraz University of Medical Science,1001-1200,47-48.9,1057,598,865,2009,0,I194604659,fuzzy_name_0.82,"rank_* columns a-e of the site assumed = Research, Education, International Activity, Innovation, Societal Impact (table order; unverified)"
ISC World University Rankings,2021,Tabriz University of Medical Science,1001-1200,47-48.9,1102,191,1072,2136,0,I163205636,fuzzy_name_0.82,"rank_* columns a-e of the site assumed = Research, Education, International Activity, Innovation, Societal Impact (table order; unverified)"
ISC World University Rankings,2021,Ahvaz Jundishapur University of Medical Sciences (AJUMS),1201-1400,45.1-46.9,1352,715,1122,1876,0,I119939603,fuzzy_name_0.82,"rank_* columns a-e of the site assumed = Research, Education, International Activity, Innovation, Societal Impact (table order; unverified)"
ISC World University Rankings,2021,K. N. Toosi University of Technology,1201-1400,45.1-46.9,1230,1492,1486,2136,0,I80543232,fuzzy_name_0.82,"rank_* columns a-e of the site assumed = Research, Education, International Activity, Innovation, Societal Impact (table order; unverified)"
ISC World University Rankings,2021,Kermanshah University of Medical Sciences,1201-1400,45.1-46.9,1254,598,1178,1780,0,I39642139,fuzzy_name_0.82,"rank_* columns a-e of the site assumed = Research, Education, International Activity, Innovation, Societal Impact (table order; unverified)"
ISC World University Rankings,2021,University of Guilan,1201-1400,45.1-46.9,1300,1450,1524,2136,0,I877176835,fuzzy_name_0.82,"rank_* columns a-e of the site assumed = Research, Education, International Activity, Innovation, Societal Impact (table order; unverified)"
ISC World University Rankings,2021,University of Yazd,1201-1400,45.1-46.9,1202,1628,1390,2136,0,I41832843,fuzzy_name_0.82,"rank_* columns a-e of the site assumed = Research, Education, International Activity, Innovation, Societal Impact (table order; unverified)"
ISC World University Rankings,2021,Babol Noshirvani University of Technology,1401-1600,43.2-45,1410,1628,1611,1953,0,I84248293,fuzzy_name_0.82,"rank_* columns a-e of the site assumed = Research, Education, International Activity, Innovation, Societal Impact (table order; unverified)"
ISC World University Rankings,2021,Baqiyatallah University of Medical Sciences (BMSU),1401-1600,43.2-45,1462,1661,1306,2061,0,I120514687,fuzzy_name_0.82,"rank_* columns a-e of the site assumed = Research, Education, International Activity, Innovation, Societal Impact (table order; unverified)"
ISC World University Rankings,2021,Mazandaran University of Medical Sciences,1401-1600,43.2-45,1517,1329,1333,1611,0,I88085062,fuzzy_name_0.82,"rank_* columns a-e of the site assumed = Research, Education, International Activity, Innovation, Societal Impact (table order; unverified)"
ISC World University Rankings,2021,Shahid Bahonar University of Kerman (SBUK),1401-1600,43.2-45,1546,1492,1571,2180,0,I115566878,fuzzy_name_0.82,"rank_* columns a-e of the site assumed = Research, Education, International Activity, Innovation, Societal Impact (table order; unverified)"
ISC World University Rankings,2021,Shahrood University of Technology,1401-1600,43.2-45,1462,1628,1643,2218,0,I133529467,fuzzy_name_0.82,"rank_* columns a-e of the site assumed = Research, Education, International Activity, Innovation, Societal Impact (table order; unverified)"
ISC World University Rankings,2021,University Kashan,1401-1600,43.2-45,1315,1563,1767,2251,0,I105818395,fuzzy_name_0.82,"rank_* columns a-e of the site assumed = Research, Education, International Activity, Innovation, Societal Impact (table order; unverified)"
ISC World University Rankings,2021,University of Isfahan,1401-1600,43.2-45,1342,1329,1554,2061,0,I39268498,fuzzy_name_0.82,"rank_* columns a-e of the site assumed = Research, Education, International Activity, Innovation, Societal Impact (table order; unverified)"
ISC World University Rankings,2021,Bu Ali Sina University,1601-1800,41.4-43.1,1572,1601,1913,2218,0,I167694869,fuzzy_name_0.82,"rank_* columns a-e of the site assumed = Research, Education, International Activity, Innovation, Societal Impact (table order; unverified)"
ISC World University Rankings,2021,Kerman University of Medical Sciences,1601-1800,41.4-43.1,1749,249,1576,2136,0,I235686326,fuzzy_name_0.82,"rank_* columns a-e of the site assumed = Research, Education, International Activity, Innovation, Societal Impact (table order; unverified)"
ISC World University Rankings,2021,Razi University,1601-1800,41.4-43.1,1517,1563,1701,2136,0,I1187138,fuzzy_name_0.82,"rank_* columns a-e of the site assumed = Research, Education, International Activity, Innovation, Societal Impact (table order; unverified)"
ISC World University Rankings,2021,Semnan University,1601-1800,41.4-43.1,1434,1661,1888,2218,0,I928334797,fuzzy_name_0.82,"rank_* columns a-e of the site assumed = Research, Education, International Activity, Innovation, Societal Impact (table order; unverified)"
ISC World University Rankings,2021,University of Kurdistan,1601-1800,41.4-43.1,1578,1601,1888,2218,0,I3124704065,fuzzy_name_0.82,"rank_* columns a-e of the site assumed = Research, Education, International Activity, Innovation, Societal Impact (table order; unverified)"
ISC World University Rankings,2021,University of Mazandaran,1601-1800,41.4-43.1,1721,1534,1678,2218,0,I4871159,fuzzy_name_0.82,"rank_* columns a-e of the site assumed = Research, Education, International Activity, Innovation, Societal Impact (table order; unverified)"
ISC World University Rankings,2021,Urmia University,1601-1800,41.4-43.1,1666,1601,1759,2218,0,I38476204,fuzzy_name_0.82,"rank_* columns a-e of the site assumed = Research, Education, International Activity, Innovation, Societal Impact (table order; unverified)"
ISC World University Rankings,2021,Kurdistan University of Medical Sciences,1801-2000,39.7-41.3,1952,505,1576,1658,0,I3122832768,fuzzy_name_0.82,"rank_* columns a-e of the site assumed = Research, Education, International Activity, Innovation, Societal Impact (table order; unverified)"
ISC World University Rankings,2021,Sahand University of Technology,1801-2000,39.7-41.3,1815,1199,2058,1780,0,I107853901,fuzzy_name_0.82,"rank_* columns a-e of the site assumed = Research, Education, International Activity, Innovation, Societal Impact (table order; unverified)"
ISC World University Rankings,2021,Shahid Chamran University of Ahvaz,1801-2000,39.7-41.3,1738,1450,2097,2251,0,I196051555,fuzzy_name_0.82,"rank_* columns a-e of the site assumed = Research, Education, International Activity, Innovation, Societal Impact (table order; unverified)"
ISC World University Rankings,2021,Shahrekord University,1801-2000,39.7-41.3,1902,363,1987,1658,0,I127908078,fuzzy_name_0.82,"rank_* columns a-e of the site assumed = Research, Education, International Activity, Innovation, Societal Impact (table order; unverified)"
ISC World University Rankings,2021,University of Mohaghegh Ardabili,1801-2000,39.7-41.3,1708,1628,1973,2180,0,I72341708,fuzzy_name_0.82,"rank_* columns a-e of the site assumed = Research, Education, International Activity, Innovation, Societal Impact (table order; unverified)"
ISC World University Rankings,2021,Urmia University of Medical Sciences,1801-2000,39.7-41.3,2006,679,1778,1658,0,I4391767979,fuzzy_name_0.82,"rank_* columns a-e of the site assumed = Research, Education, International Activity, Innovation, Societal Impact (table order; unverified)"
ISC World University Rankings,2021,Yasouj University,1801-2000,39.7-41.3,1795,1534,2058,2218,0,I3121641575,fuzzy_name_0.82,"rank_* columns a-e of the site assumed = Research, Education, International Activity, Innovation, Societal Impact (table order; unverified)"
ISC World University Rankings,2021,Alzahra University,2001+,≤ 39.6,2096,1563,2154,2251,0,I67080706,fuzzy_name_0.82,"rank_* columns a-e of the site assumed = Research, Education, International Activity, Innovation, Societal Impact (table order; unverified)"
ISC World University Rankings,2021,Imam Khomeini International University,2001+,≤ 39.6,1961,1563,2075,1876,0,I69425150,fuzzy_name_0.82,"rank_* columns a-e of the site assumed = Research, Education, International Activity, Innovation, Societal Impact (table order; unverified)"
ISC World University Rankings,2021,Lorestan University,2001+,≤ 39.6,1925,1628,2058,2251,0,I3123046734,fuzzy_name_0.82,"rank_* columns a-e of the site assumed = Research, Education, International Activity, Innovation, Societal Impact (table order; unverified)"
ISC World University Rankings,2021,Lorestan University of Medical Sciences,2001+,≤ 39.6,2165,347,1838,1730,0,I3121602497,fuzzy_name_0.82,"rank_* columns a-e of the site assumed = Research, Education, International Activity, Innovation, Societal Impact (table order; unverified)"
ISC World University Rankings,2021,Shahed University,2001+,≤ 39.6,2210,1136,2216,2218,0,I119025939,fuzzy_name_0.82,"rank_* columns a-e of the site assumed = Research, Education, International Activity, Innovation, Societal Impact (table order; unverified)"
ISC World University Rankings,2021,Shahrekord University Medical Sciences,2001+,≤ 39.6,2259,550,2167,2180,0,I170350485,fuzzy_name_0.82,"rank_* columns a-e of the site assumed = Research, Education, International Activity, Innovation, Societal Impact (table order; unverified)"
ISC World University Rankings,2021,Shiraz University of Technology,2001+,≤ 39.6,2121,1136,1956,2251,0,I204490172,fuzzy_name_0.82,"rank_* columns a-e of the site assumed = Research, Education, International Activity, Innovation, Societal Impact (table order; unverified)"
ISC World University Rankings,2021,Zahedan University of Medical Sciences,2001+,≤ 39.6,2144,211,1590,1876,0,I4210133472,fuzzy_name_0.82,"rank_* columns a-e of the site assumed = Research, Education, International Activity, Innovation, Societal Impact (table order; unverified)"
ISC World University Rankings,2022,Tehran University of Medical Sciences,401-450,57.9-58.9,439,173,331,1966,0,I70640408,fuzzy_name_0.82,"rank_* columns a-e of the site assumed = Research, Education, International Activity, Innovation, Societal Impact (table order; unverified)"
ISC World University Rankings,2022,University of Tehran,401-450,57.9-58.9,371,1432,469,1496,0,I23946033,fuzzy_name_0.82,"rank_* columns a-e of the site assumed = Research, Education, International Activity, Innovation, Societal Impact (table order; unverified)"
ISC World University Rankings,2022,Iran University of Medical Sciences,601-700,53.8-55.1,798,261,520,1136,0,I161106909,fuzzy_name_0.82,"rank_* columns a-e of the site assumed = Research, Education, International Activity, Innovation, Societal Impact (table order; unverified)"
ISC World University Rankings,2022,Shahid Beheshti University Medical Sciences,601-700,53.8-55.1,676,247,436,1966,0,I58048189,fuzzy_name_0.82,"rank_* columns a-e of the site assumed = Research, Education, International Activity, Innovation, Societal Impact (table order; unverified)"
ISC World University Rankings,2022,Sharif University of Technology,601-700,53.8-55.1,624,1412,616,1225,0,I133529467,fuzzy_name_0.82,"rank_* columns a-e of the site assumed = Research, Education, International Activity, Innovation, Societal Impact (table order; unverified)"
ISC World University Rankings,2022,Tarbiat Modares University,601-700,53.8-55.1,608,543,569,1603,0,I1516879,fuzzy_name_0.82,"rank_* columns a-e of the site assumed = Research, Education, International Activity, Innovation, Societal Impact (table order; unverified)"
ISC World University Rankings,2022,Amirkabir University of Technology,701-800,52.5-53.7,774,1448,579,1153,0,I158248296,fuzzy_name_0.82,"rank_* columns a-e of the site assumed = Research, Education, International Activity, Innovation, Societal Impact (table order; unverified)"
ISC World University Rankings,2022,Mashhad University of Medical Sciences,701-800,52.5-53.7,811,435,717,1636,0,I165560825,fuzzy_name_0.82,"rank_* columns a-e of the site assumed = Research, Education, International Activity, Innovation, Societal Impact (table order; unverified)"
ISC World University Rankings,2022,Isfahan University of Technology,801-900,51.3-52.4,653,1470,1102,1861,0,I170013655,fuzzy_name_0.82,"rank_* columns a-e of the site assumed = Research, Education, International Activity, Innovation, Societal Impact (table order; unverified)"
ISC World University Rankings,2022,Shiraz University of Medical Science,801-900,51.3-52.4,951,478,688,2019,0,I194604659,fuzzy_name_0.82,"rank_* columns a-e of the site assumed = Research, Education, International Activity, Innovation, Societal Impact (table order; unverified)"
ISC World University Rankings,2022,Tabriz University of Medical Science,801-900,51.3-52.4,818,102,1031,2152,0,I163205636,fuzzy_name_0.82,"rank_* columns a-e of the site assumed = Research, Education, International Activity, Innovation, Societal Impact (table order; unverified)"
ISC World University Rankings,2022,Iran University Science & Technology,901-1000,50.2-51.2,848,1760,978,1524,0,I67009956,fuzzy_name_0.82,"rank_* columns a-e of the site assumed = Research, Education, International Activity, Innovation, Societal Impact (table order; unverified)"
ISC World University Rankings,2022,Isfahan University of Medical Sciences,901-1000,50.2-51.2,1057,79,1072,2102,0,I114982161,fuzzy_name_0.82,"rank_* columns a-e of the site assumed = Research, Education, International Activity, Innovation, Societal Impact (table order; unverified)"
ISC World University Rankings,2022,Shahid Beheshti University,901-1000,50.2-51.2,863,1331,1166,1741,0,I48379061,fuzzy_name_0.82,"rank_* columns a-e of the site assumed = Research, Education, International Activity, Innovation, Societal Impact (table order; unverified)"
ISC World University Rankings,2022,Shiraz University,901-1000,50.2-51.2,833,1448,916,2152,0,I166459259,fuzzy_name_0.82,"rank_* columns a-e of the site assumed = Research, Education, International Activity, Innovation, Societal Impact (table order; unverified)"
ISC World University Rankings,2022,University of Tabriz,901-1000,50.2-51.2,826,1720,909,2102,0,I41832843,fuzzy_name_0.82,"rank_* columns a-e of the site assumed = Research, Education, International Activity, Innovation, Societal Impact (table order; unverified)"
ISC World University Rankings,2022,Ferdowsi University Mashhad,1001-1200,48.2-50.1,922,1686,1075,1924,0,I86958956,fuzzy_name_0.82,"rank_* columns a-e of the site assumed = Research, Education, International Activity, Innovation, Societal Impact (table order; unverified)"
ISC World University Rankings,2022,Kermanshah University of Medical Sciences,1001-1200,48.2-50.1,1065,492,1013,1824,0,I39642139,fuzzy_name_0.82,"rank_* columns a-e of the site assumed = Research, Education, International Activity, Innovation, Societal Impact (table order; unverified)"
ISC World University Rankings,2022,Ahvaz Jundishapur University of Medical Sciences (AJUMS),1201-1400,46.3-48.1,1278,613,1135,1824,0,I119939603,fuzzy_name_0.82,"rank_* columns a-e of the site assumed = Research, Education, International Activity, Innovation, Societal Impact (table order; unverified)"
ISC World University Rankings,2022,Baqiyatallah University of Medical Sciences (BMSU),1201-1400,46.3-48.1,1414,305,1405,1741,0,I120514687,fuzzy_name_0.82,"rank_* columns a-e of the site assumed = Research, Education, International Activity, Innovation, Societal Impact (table order; unverified)"
ISC World University Rankings,2022,Golestan University of Medical Sciences,1201-1400,46.3-48.1,1394,86,1558,1094,0,I4210127922,fuzzy_name_0.82,"rank_* columns a-e of the site assumed = Research, Education, International Activity, Innovation, Societal Impact (table order; unverified)"
ISC World University Rankings,2022,K. N. Toosi University of Technology,1201-1400,46.3-48.1,1243,1605,1388,2019,0,I80543232,fuzzy_name_0.82,"rank_* columns a-e of the site assumed = Research, Education, International Activity, Innovation, Societal Impact (table order; unverified)"
ISC World University Rankings,2022,Mazandaran University of Medical Sciences,1201-1400,46.3-48.1,1324,1387,1228,1552,0,I88085062,fuzzy_name_0.82,"rank_* columns a-e of the site assumed = Research, Education, International Activity, Innovation, Societal Impact (table order; unverified)"
ISC World University Rankings,2022,Babol Noshirvani University of Technology,1401-1600,44.5-46.2,1428,1749,1837,1791,0,I84248293,fuzzy_name_0.82,"rank_* columns a-e of the site assumed = Research, Education, International Activity, Innovation, Societal Impact (table order; unverified)"
ISC World University Rankings,2022,Babol University of Medical Sciences,1401-1600,44.5-46.2,1443,613,1573,1066,0,I70876197,fuzzy_name_0.82,"rank_* columns a-e of the site assumed = Research, Education, International Activity, Innovation, Societal Impact (table order; unverified)"
ISC World University Rankings,2022,Kerman University of Medical Sciences,1401-1600,44.5-46.2,1568,137,1413,2102,0,I235686326,fuzzy_name_0.82,"rank_* columns a-e of the site assumed = Research, Education, International Activity, Innovation, Societal Impact (table order; unverified)"
ISC World University Rankings,2022,Kurdistan University of Medical Sciences,1401-1600,44.5-46.2,1575,354,1558,1458,0,I3122832768,fuzzy_name_0.82,"rank_* columns a-e of the site assumed = Research, Education, International Activity, Innovation, Societal Impact (table order; unverified)"
ISC World University Rankings,2022,Shahid Bahonar University of Kerman (SBUK),1401-1600,44.5-46.2,1492,1560,1461,2102,0,I115566878,fuzzy_name_0.82,"rank_* columns a-e of the site assumed = Research, Education, International Activity, Innovation, Societal Impact (table order; unverified)"
ISC World University Rankings,2022,Shahrood University of Technology,1401-1600,44.5-46.2,1394,1686,1511,2227,0,I133529467,fuzzy_name_0.82,"rank_* columns a-e of the site assumed = Research, Education, International Activity, Innovation, Societal Impact (table order; unverified)"
ISC World University Rankings,2022,University of Guilan,1401-1600,44.5-46.2,1278,1661,1624,2057,0,I877176835,fuzzy_name_0.82,"rank_* columns a-e of the site assumed = Research, Education, International Activity, Innovation, Societal Impact (table order; unverified)"
ISC World University Rankings,2022,University of Isfahan,1401-1600,44.5-46.2,1365,1509,1537,2152,0,I39268498,fuzzy_name_0.82,"rank_* columns a-e of the site assumed = Research, Education, International Activity, Innovation, Societal Impact (table order; unverified)"
ISC World University Rankings,2022,University of Yazd,1401-1600,44.5-46.2,1352,1720,1644,2189,0,I41832843,fuzzy_name_0.82,"rank_* columns a-e of the site assumed = Research, Education, International Activity, Innovation, Societal Impact (table order; unverified)"
ISC World University Rankings,2022,Bu Ali Sina University,1601-1800,42.9-44.4,1575,1675,1673,1924,0,I167694869,fuzzy_name_0.82,"rank_* columns a-e of the site assumed = Research, Education, International Activity, Innovation, Societal Impact (table order; unverified)"
ISC World University Rankings,2022,Lorestan University of Medical Sciences,1601-1800,42.9-44.4,1792,221,1712,1636,0,I3121602497,fuzzy_name_0.82,"rank_* columns a-e of the site assumed = Research, Education, International Activity, Innovation, Societal Impact (table order; unverified)"
ISC World University Rankings,2022,Razi University,1601-1800,42.9-44.4,1575,1701,1748,2227,0,I1187138,fuzzy_name_0.82,"rank_* columns a-e of the site assumed = Research, Education, International Activity, Innovation, Societal Impact (table order; unverified)"
ISC World University Rankings,2022,Semnan University,1601-1800,42.9-44.4,1480,1792,2004,1552,0,I928334797,fuzzy_name_0.82,"rank_* columns a-e of the site assumed = Research, Education, International Activity, Innovation, Societal Impact (table order; unverified)"
ISC World University Rankings,2022,Shahid Chamran University of Ahvaz,1601-1800,42.9-44.4,1711,1536,1827,1678,0,I196051555,fuzzy_name_0.82,"rank_* columns a-e of the site assumed = Research, Education, International Activity, Innovation, Societal Impact (table order; unverified)"
ISC World University Rankings,2022,University Kashan,1601-1800,42.9-44.4,1376,1701,2127,1924,0,I105818395,fuzzy_name_0.82,"rank_* columns a-e of the site assumed = Research, Education, International Activity, Innovation, Societal Impact (table order; unverified)"
ISC World University Rankings,2022,University of Kurdistan,1601-1800,42.9-44.4,1568,1720,1682,2227,0,I3124704065,fuzzy_name_0.82,"rank_* columns a-e of the site assumed = Research, Education, International Activity, Innovation, Societal Impact (table order; unverified)"
ISC World University Rankings,2022,University Zanjan,1601-1800,42.9-44.4,1751,1605,1719,1966,0,I99861883,fuzzy_name_0.82,"rank_* columns a-e of the site assumed = Research, Education, International Activity, Innovation, Societal Impact (table order; unverified)"
ISC World University Rankings,2022,Urmia University,1601-1800,42.9-44.4,1611,1701,1736,2102,0,I38476204,fuzzy_name_0.82,"rank_* columns a-e of the site assumed = Research, Education, International Activity, Innovation, Societal Impact (table order; unverified)"
ISC World University Rankings,2022,Urmia University of Medical Sciences,1601-1800,42.9-44.4,1648,543,1545,1552,0,I4391767979,fuzzy_name_0.82,"rank_* columns a-e of the site assumed = Research, Education, International Activity, Innovation, Societal Impact (table order; unverified)"
ISC World University Rankings,2022,Yasouj University,1601-1800,42.9-44.4,1831,917,1525,1458,0,I3121641575,fuzzy_name_0.82,"rank_* columns a-e of the site assumed = Research, Education, International Activity, Innovation, Societal Impact (table order; unverified)"
ISC World University Rankings,2022,Azarbaijan Shahid Madani University,1801-2000,41.1-42.8,1885,1560,1962,2227,0,I51301133,fuzzy_name_0.82,"rank_* columns a-e of the site assumed = Research, Education, International Activity, Innovation, Societal Impact (table order; unverified)"
ISC World University Rankings,2022,Imam Khomeini International University,1801-2000,41.1-42.8,1873,1701,1962,1603,0,I69425150,fuzzy_name_0.82,"rank_* columns a-e of the site assumed = Research, Education, International Activity, Innovation, Societal Impact (table order; unverified)"
ISC World University Rankings,2022,Kharazmi University,1801-2000,41.1-42.8,1781,1605,1831,1741,0,I181744264,fuzzy_name_0.82,"rank_* columns a-e of the site assumed = Research, Education, International Activity, Innovation, Societal Impact (table order; unverified)"
ISC World University Rankings,2022,Sahand University of Technology,1801-2000,41.1-42.8,1819,1675,2132,1710,0,I107853901,fuzzy_name_0.82,"rank_* columns a-e of the site assumed = Research, Education, International Activity, Innovation, Societal Impact (table order; unverified)"
ISC World University Rankings,2022,Shahrekord University,1801-2000,41.1-42.8,1963,1412,1871,880,0,I127908078,fuzzy_name_0.82,"rank_* columns a-e of the site assumed = Research, Education, International Activity, Innovation, Societal Impact (table order; unverified)"
ISC World University Rankings,2022,University of Mazandaran,1801-2000,41.1-42.8,1773,1720,1897,2353,0,I4871159,fuzzy_name_0.82,"rank_* columns a-e of the site assumed = Research, Education, International Activity, Innovation, Societal Impact (table order; unverified)"
ISC World University Rankings,2022,University of Mohaghegh Ardabili,1801-2000,41.1-42.8,1699,1701,2020,1496,0,I72341708,fuzzy_name_0.82,"rank_* columns a-e of the site assumed = Research, Education, International Activity, Innovation, Societal Impact (table order; unverified)"
ISC World University Rankings,2022,Zahedan University of Medical Sciences,1801-2000,41.1-42.8,2110,110,1584,1741,0,I4210133472,fuzzy_name_0.82,"rank_* columns a-e of the site assumed = Research, Education, International Activity, Innovation, Societal Impact (table order; unverified)"
ISC World University Rankings,2022,Alzahra University,2001+,≤ 41,2205,1661,2164,2189,0,I67080706,fuzzy_name_0.82,"rank_* columns a-e of the site assumed = Research, Education, International Activity, Innovation, Societal Impact (table order; unverified)"
ISC World University Rankings,2022,Arak University,2001+,≤ 41,2149,1686,2258,1824,0,I35510649,fuzzy_name_0.82,"rank_* columns a-e of the site assumed = Research, Education, International Activity, Innovation, Societal Impact (table order; unverified)"
ISC World University Rankings,2022,Graduate University of Advanced Technology,2001+,≤ 41,2248,89,2282,2019,0,I183263030,fuzzy_name_0.82,"rank_* columns a-e of the site assumed = Research, Education, International Activity, Innovation, Societal Impact (table order; unverified)"
ISC World University Rankings,2022,Lorestan University,2001+,≤ 41,1923,1686,2103,2353,0,I3123046734,fuzzy_name_0.82,"rank_* columns a-e of the site assumed = Research, Education, International Activity, Innovation, Societal Impact (table order; unverified)"
ISC World University Rankings,2022,Malek Ashtar University of Technology,2001+,≤ 41,2356,54,2406,2353,0,I78323350,fuzzy_name_0.82,"rank_* columns a-e of the site assumed = Research, Education, International Activity, Innovation, Societal Impact (table order; unverified)"
ISC World University Rankings,2022,Semnan University of Medical Sciences,2001+,≤ 41,2126,692,1807,1678,0,I4210154083,fuzzy_name_0.82,"rank_* columns a-e of the site assumed = Research, Education, International Activity, Innovation, Societal Impact (table order; unverified)"
ISC World University Rankings,2022,Shahed University,2001+,≤ 41,2280,1166,1822,2152,0,I119025939,fuzzy_name_0.82,"rank_* columns a-e of the site assumed = Research, Education, International Activity, Innovation, Societal Impact (table order; unverified)"
ISC World University Rankings,2022,Shahid Rajaee Teacher Training University (SRTTU),2001+,≤ 41,2126,1605,2219,2019,0,I83123760,fuzzy_name_0.82,"rank_* columns a-e of the site assumed = Research, Education, International Activity, Innovation, Societal Impact (table order; unverified)"
ISC World University Rankings,2022,Shahrekord University Medical Sciences,2001+,≤ 41,2248,425,1981,1861,0,I170350485,fuzzy_name_0.82,"rank_* columns a-e of the site assumed = Research, Education, International Activity, Innovation, Societal Impact (table order; unverified)"
ISC World University Rankings,2022,Shiraz University of Technology,2001+,≤ 41,2126,1022,2049,2227,0,I204490172,fuzzy_name_0.82,"rank_* columns a-e of the site assumed = Research, Education, International Activity, Innovation, Societal Impact (table order; unverified)"
ISC World University Rankings,2022,University of Birjand,2001+,≤ 41,2238,1760,2120,2189,0,I97626857,fuzzy_name_0.82,"rank_* columns a-e of the site assumed = Research, Education, International Activity, Innovation, Societal Impact (table order; unverified)"
ISC World University Rankings,2022,University of Sistan & Baluchestan,2001+,≤ 41,2008,1760,2093,1678,0,I180634299,fuzzy_name_0.82,"rank_* columns a-e of the site assumed = Research, Education, International Activity, Innovation, Societal Impact (table order; unverified)"
ISC World University Rankings,2023,University of Tehran,501-600,62.92-64.82,372,1501,514,1228,0,I23946033,fuzzy_name_0.82,"rank_* columns a-e of the site assumed = Research, Education, International Activity, Innovation, Societal Impact (table order; unverified)"
ISC World University Rankings,2023,Sharif University of Technology,601-700,61.14-62.86,596,1607,702,676,0,I133529467,fuzzy_name_0.82,"rank_* columns a-e of the site assumed = Research, Education, International Activity, Innovation, Societal Impact (table order; unverified)"
ISC World University Rankings,2023,Tarbiat Modares University,601-700,61.14-62.86,592,450,664,939,0,I1516879,fuzzy_name_0.82,"rank_* columns a-e of the site assumed = Research, Education, International Activity, Innovation, Societal Impact (table order; unverified)"
ISC World University Rankings,2023,Tehran University of Medical Sciences,601-700,61.14-62.86,441,181,373,2193,0,I70640408,fuzzy_name_0.82,"rank_* columns a-e of the site assumed = Research, Education, International Activity, Innovation, Societal Impact (table order; unverified)"
ISC World University Rankings,2023,Amirkabir University of Technology,701-800,59.43-61.07,807,1690,682,626,0,I158248296,fuzzy_name_0.82,"rank_* columns a-e of the site assumed = Research, Education, International Activity, Innovation, Societal Impact (table order; unverified)"
ISC World University Rankings,2023,Iran University of Medical Sciences,701-800,59.43-61.07,780,138,454,1491,0,I161106909,fuzzy_name_0.82,"rank_* columns a-e of the site assumed = Research, Education, International Activity, Innovation, Societal Impact (table order; unverified)"
ISC World University Rankings,2023,Shahid Beheshti University Medical Sciences,801-900,57.83-59.4,643,236,517,2204,0,I58048189,fuzzy_name_0.82,"rank_* columns a-e of the site assumed = Research, Education, International Activity, Innovation, Societal Impact (table order; unverified)"
ISC World University Rankings,2023,Ferdowsi University Mashhad,901-1000,56.2-57.8,905,1892,831,1151,0,I86958956,fuzzy_name_0.82,"rank_* columns a-e of the site assumed = Research, Education, International Activity, Innovation, Societal Impact (table order; unverified)"
ISC World University Rankings,2023,Isfahan University of Technology,901-1000,56.2-57.8,717,1560,1222,1316,0,I170013655,fuzzy_name_0.82,"rank_* columns a-e of the site assumed = Research, Education, International Activity, Innovation, Societal Impact (table order; unverified)"
ISC World University Rankings,2023,Iran University Science & Technology,1001-1200,53.87-56.19,869,1897,834,1532,0,I67009956,fuzzy_name_0.82,"rank_* columns a-e of the site assumed = Research, Education, International Activity, Innovation, Societal Impact (table order; unverified)"
ISC World University Rankings,2023,Mashhad University of Medical Sciences,1001-1200,53.87-56.19,854,249,699,2038,0,I165560825,fuzzy_name_0.82,"rank_* columns a-e of the site assumed = Research, Education, International Activity, Innovation, Societal Impact (table order; unverified)"
ISC World University Rankings,2023,Shiraz University of Medical Science,1001-1200,53.87-56.19,921,475,741,2193,0,I194604659,fuzzy_name_0.82,"rank_* columns a-e of the site assumed = Research, Education, International Activity, Innovation, Societal Impact (table order; unverified)"
ISC World University Rankings,2023,Tabriz University of Medical Science,1001-1200,53.87-56.19,799,534,872,2272,0,I163205636,fuzzy_name_0.82,"rank_* columns a-e of the site assumed = Research, Education, International Activity, Innovation, Societal Impact (table order; unverified)"
ISC World University Rankings,2023,Isfahan University of Medical Sciences,1201-1400,51.26-53.86,1194,392,1055,2210,0,I114982161,fuzzy_name_0.82,"rank_* columns a-e of the site assumed = Research, Education, International Activity, Innovation, Societal Impact (table order; unverified)"
ISC World University Rankings,2023,K. N. Toosi University of Technology,1201-1400,51.26-53.86,1230,1754,1490,1247,0,I80543232,fuzzy_name_0.82,"rank_* columns a-e of the site assumed = Research, Education, International Activity, Innovation, Societal Impact (table order; unverified)"
ISC World University Rankings,2023,Kermanshah University of Medical Sciences,1201-1400,51.26-53.86,1038,267,1129,2047,0,I39642139,fuzzy_name_0.82,"rank_* columns a-e of the site assumed = Research, Education, International Activity, Innovation, Societal Impact (table order; unverified)"
ISC World University Rankings,2023,Shahid Beheshti University,1201-1400,51.26-53.86,861,1383,1114,2077,0,I48379061,fuzzy_name_0.82,"rank_* columns a-e of the site assumed = Research, Education, International Activity, Innovation, Societal Impact (table order; unverified)"
ISC World University Rankings,2023,Shiraz University,1201-1400,51.26-53.86,881,1581,840,2277,0,I166459259,fuzzy_name_0.82,"rank_* columns a-e of the site assumed = Research, Education, International Activity, Innovation, Societal Impact (table order; unverified)"
ISC World University Rankings,2023,University of Tabriz,1201-1400,51.26-53.86,817,1860,1036,2289,0,I41832843,fuzzy_name_0.82,"rank_* columns a-e of the site assumed = Research, Education, International Activity, Innovation, Societal Impact (table order; unverified)"
ISC World University Rankings,2023,Ahvaz Jundishapur University of Medical Sciences (AJUMS),1401-1600,49.02-51.25,1346,317,1238,2001,0,I119939603,fuzzy_name_0.82,"rank_* columns a-e of the site assumed = Research, Education, International Activity, Innovation, Societal Impact (table order; unverified)"
ISC World University Rankings,2023,Mazandaran University of Medical Sciences,1401-1600,49.02-51.25,1366,1289,806,2047,0,I88085062,fuzzy_name_0.82,"rank_* columns a-e of the site assumed = Research, Education, International Activity, Innovation, Societal Impact (table order; unverified)"
ISC World University Rankings,2023,Babol University of Medical Sciences,1601-1800,46.86-49.02,1545,523,1678,1740,0,I70876197,fuzzy_name_0.82,"rank_* columns a-e of the site assumed = Research, Education, International Activity, Innovation, Societal Impact (table order; unverified)"
ISC World University Rankings,2023,Baqiyatallah University of Medical Sciences (BMSU),1601-1800,46.86-49.02,1660,229,1725,2164,0,I120514687,fuzzy_name_0.82,"rank_* columns a-e of the site assumed = Research, Education, International Activity, Innovation, Societal Impact (table order; unverified)"
ISC World University Rankings,2023,Golestan University of Medical Sciences,1601-1800,46.86-49.02,1631,186,1754,1990,0,I4210127922,fuzzy_name_0.82,"rank_* columns a-e of the site assumed = Research, Education, International Activity, Innovation, Societal Impact (table order; unverified)"
ISC World University Rankings,2023,Hamadan University of Medical Sciences,1601-1800,46.86-49.02,1617,256,1682,2007,0,I112312016,fuzzy_name_0.82,"rank_* columns a-e of the site assumed = Research, Education, International Activity, Innovation, Societal Impact (table order; unverified)"
ISC World University Rankings,2023,Kerman University of Medical Sciences,1601-1800,46.86-49.02,1469,543,1312,2139,0,I235686326,fuzzy_name_0.82,"rank_* columns a-e of the site assumed = Research, Education, International Activity, Innovation, Societal Impact (table order; unverified)"
ISC World University Rankings,2023,Kurdistan University of Medical Sciences,1601-1800,46.86-49.02,1671,340,1557,1848,0,I3122832768,fuzzy_name_0.82,"rank_* columns a-e of the site assumed = Research, Education, International Activity, Innovation, Societal Impact (table order; unverified)"
ISC World University Rankings,2023,Qazvin University of Medical Sciences (QUMS),1601-1800,46.86-49.02,1737,280,1760,1845,0,I64532579,fuzzy_name_0.82,"rank_* columns a-e of the site assumed = Research, Education, International Activity, Innovation, Societal Impact (table order; unverified)"
ISC World University Rankings,2023,Semnan University,1601-1800,46.86-49.02,1584,1939,2020,1397,0,I928334797,fuzzy_name_0.82,"rank_* columns a-e of the site assumed = Research, Education, International Activity, Innovation, Societal Impact (table order; unverified)"
ISC World University Rankings,2023,Shahrood University of Technology,1601-1800,46.86-49.02,1441,1641,1519,2310,0,I133529467,fuzzy_name_0.82,"rank_* columns a-e of the site assumed = Research, Education, International Activity, Innovation, Societal Impact (table order; unverified)"
ISC World University Rankings,2023,University of Isfahan,1601-1800,46.86-49.02,1381,1659,1497,2369,0,I39268498,fuzzy_name_0.82,"rank_* columns a-e of the site assumed = Research, Education, International Activity, Innovation, Societal Impact (table order; unverified)"
ISC World University Rankings,2023,Azarbaijan Shahid Madani University,1801-2000,44.76-46.84,1922,1737,1990,1615,0,I51301133,fuzzy_name_0.82,"rank_* columns a-e of the site assumed = Research, Education, International Activity, Innovation, Societal Impact (table order; unverified)"
ISC World University Rankings,2023,Bu Ali Sina University,1801-2000,44.76-46.84,1564,1736,1830,2111,0,I167694869,fuzzy_name_0.82,"rank_* columns a-e of the site assumed = Research, Education, International Activity, Innovation, Societal Impact (table order; unverified)"
ISC World University Rankings,2023,Kharazmi University,1801-2000,44.76-46.84,1716,1732,1686,2007,0,I181744264,fuzzy_name_0.82,"rank_* columns a-e of the site assumed = Research, Education, International Activity, Innovation, Societal Impact (table order; unverified)"
ISC World University Rankings,2023,Razi University,1801-2000,44.76-46.84,1608,1829,1950,2285,0,I1187138,fuzzy_name_0.82,"rank_* columns a-e of the site assumed = Research, Education, International Activity, Innovation, Societal Impact (table order; unverified)"
ISC World University Rankings,2023,Sahand University of Technology,1801-2000,44.76-46.84,1987,1746,2189,1574,0,I107853901,fuzzy_name_0.82,"rank_* columns a-e of the site assumed = Research, Education, International Activity, Innovation, Societal Impact (table order; unverified)"
ISC World University Rankings,2023,Semnan University of Medical Sciences,1801-2000,44.76-46.84,2008,459,1846,1897,0,I4210154083,fuzzy_name_0.82,"rank_* columns a-e of the site assumed = Research, Education, International Activity, Innovation, Societal Impact (table order; unverified)"
ISC World University Rankings,2023,Shahid Bahonar University of Kerman (SBUK),1801-2000,44.76-46.84,1454,1655,1581,2310,0,I115566878,fuzzy_name_0.82,"rank_* columns a-e of the site assumed = Research, Education, International Activity, Innovation, Societal Impact (table order; unverified)"
ISC World University Rankings,2023,Shahrekord University Medical Sciences,1801-2000,44.76-46.84,2057,298,1677,1829,0,I170350485,fuzzy_name_0.82,"rank_* columns a-e of the site assumed = Research, Education, International Activity, Innovation, Societal Impact (table order; unverified)"
ISC World University Rankings,2023,University Kashan,1801-2000,44.76-46.84,1448,1733,2157,2054,0,I105818395,fuzzy_name_0.82,"rank_* columns a-e of the site assumed = Research, Education, International Activity, Innovation, Societal Impact (table order; unverified)"
ISC World University Rankings,2023,University of Guilan,1801-2000,44.76-46.84,1324,1872,2041,2369,0,I877176835,fuzzy_name_0.82,"rank_* columns a-e of the site assumed = Research, Education, International Activity, Innovation, Societal Impact (table order; unverified)"
ISC World University Rankings,2023,University of Kurdistan,1801-2000,44.76-46.84,1629,1898,1701,2332,0,I3124704065,fuzzy_name_0.82,"rank_* columns a-e of the site assumed = Research, Education, International Activity, Innovation, Societal Impact (table order; unverified)"
ISC World University Rankings,2023,University of Mohaghegh Ardabili,1801-2000,44.76-46.84,1644,1797,1962,1906,0,I72341708,fuzzy_name_0.82,"rank_* columns a-e of the site assumed = Research, Education, International Activity, Innovation, Societal Impact (table order; unverified)"
ISC World University Rankings,2023,University of Yazd,1801-2000,44.76-46.84,1567,1853,1650,2240,0,I41832843,fuzzy_name_0.82,"rank_* columns a-e of the site assumed = Research, Education, International Activity, Innovation, Societal Impact (table order; unverified)"
ISC World University Rankings,2023,Urmia University of Medical Sciences,1801-2000,44.76-46.84,1818,813,1506,1991,0,I4391767979,fuzzy_name_0.82,"rank_* columns a-e of the site assumed = Research, Education, International Activity, Innovation, Societal Impact (table order; unverified)"
ISC World University Rankings,2023,Yasouj University,1801-2000,44.76-46.84,1850,1034,1634,1995,0,I3121641575,fuzzy_name_0.82,"rank_* columns a-e of the site assumed = Research, Education, International Activity, Innovation, Societal Impact (table order; unverified)"
ISC World University Rankings,2023,Alzahra University,2001+,≤ 44.75,2278,1767,2198,2248,0,I67080706,fuzzy_name_0.82,"rank_* columns a-e of the site assumed = Research, Education, International Activity, Innovation, Societal Impact (table order; unverified)"
ISC World University Rankings,2023,Arak University,2001+,≤ 44.75,2286,1775,2249,2032,0,I35510649,fuzzy_name_0.82,"rank_* columns a-e of the site assumed = Research, Education, International Activity, Innovation, Societal Impact (table order; unverified)"
ISC World University Rankings,2023,Ardabil University of Medical Sciences,2001+,≤ 44.75,1989,861,1755,1933,0,I33103891,fuzzy_name_0.82,"rank_* columns a-e of the site assumed = Research, Education, International Activity, Innovation, Societal Impact (table order; unverified)"
ISC World University Rankings,2023,Babol Noshirvani University of Technology,2001+,≤ 44.75,1632,1890,2139,2077,0,I84248293,fuzzy_name_0.82,"rank_* columns a-e of the site assumed = Research, Education, International Activity, Innovation, Societal Impact (table order; unverified)"
ISC World University Rankings,2023,Graduate University of Advanced Technology,2001+,≤ 44.75,2380,240,2353,2164,0,I183263030,fuzzy_name_0.82,"rank_* columns a-e of the site assumed = Research, Education, International Activity, Innovation, Societal Impact (table order; unverified)"
ISC World University Rankings,2023,Imam Khomeini International University,2001+,≤ 44.75,1804,1875,2221,2125,0,I69425150,fuzzy_name_0.82,"rank_* columns a-e of the site assumed = Research, Education, International Activity, Innovation, Societal Impact (table order; unverified)"
ISC World University Rankings,2023,Lorestan University,2001+,≤ 44.75,2033,1656,1991,2446,0,I3123046734,fuzzy_name_0.82,"rank_* columns a-e of the site assumed = Research, Education, International Activity, Innovation, Societal Impact (table order; unverified)"
ISC World University Rankings,2023,Lorestan University of Medical Sciences,2001+,≤ 44.75,2090,274,1924,2007,0,I3121602497,fuzzy_name_0.82,"rank_* columns a-e of the site assumed = Research, Education, International Activity, Innovation, Societal Impact (table order; unverified)"
ISC World University Rankings,2023,Malek Ashtar University of Technology,2001+,≤ 44.75,2500,239,2549,2538,0,I78323350,fuzzy_name_0.82,"rank_* columns a-e of the site assumed = Research, Education, International Activity, Innovation, Societal Impact (table order; unverified)"
ISC World University Rankings,2023,Persian Gulf University,2001+,≤ 44.75,2494,1764,2255,2485,0,I90767664,fuzzy_name_0.82,"rank_* columns a-e of the site assumed = Research, Education, International Activity, Innovation, Societal Impact (table order; unverified)"
ISC World University Rankings,2023,Shahed University,2001+,≤ 44.75,2321,1238,1956,2210,0,I119025939,fuzzy_name_0.82,"rank_* columns a-e of the site assumed = Research, Education, International Activity, Innovation, Societal Impact (table order; unverified)"
ISC World University Rankings,2023,Shahid Chamran University of Ahvaz,2001+,≤ 44.75,1703,1757,1854,2077,0,I196051555,fuzzy_name_0.82,"rank_* columns a-e of the site assumed = Research, Education, International Activity, Innovation, Societal Impact (table order; unverified)"
ISC World University Rankings,2023,Shahid Rajaee Teacher Training University (SRTTU),2001+,≤ 44.75,2240,1540,2171,2426,0,I83123760,fuzzy_name_0.82,"rank_* columns a-e of the site assumed = Research, Education, International Activity, Innovation, Societal Impact (table order; unverified)"
ISC World University Rankings,2023,Shahrekord University,2001+,≤ 44.75,2035,1341,1930,1759,0,I127908078,fuzzy_name_0.82,"rank_* columns a-e of the site assumed = Research, Education, International Activity, Innovation, Societal Impact (table order; unverified)"
ISC World University Rankings,2023,Shiraz University of Technology,2001+,≤ 44.75,2158,781,1900,2403,0,I204490172,fuzzy_name_0.82,"rank_* columns a-e of the site assumed = Research, Education, International Activity, Innovation, Societal Impact (table order; unverified)"
ISC World University Rankings,2023,University of Birjand,2001+,≤ 44.75,2251,1900,2344,2094,0,I97626857,fuzzy_name_0.82,"rank_* columns a-e of the site assumed = Research, Education, International Activity, Innovation, Societal Impact (table order; unverified)"
ISC World University Rankings,2023,University of Maragheh,2001+,≤ 44.75,2177,1694,2140,1862,0,I143318147,fuzzy_name_0.82,"rank_* columns a-e of the site assumed = Research, Education, International Activity, Innovation, Societal Impact (table order; unverified)"
ISC World University Rankings,2023,University of Mazandaran,2001+,≤ 44.75,1808,1893,1852,2426,0,I4871159,fuzzy_name_0.82,"rank_* columns a-e of the site assumed = Research, Education, International Activity, Innovation, Societal Impact (table order; unverified)"
ISC World University Rankings,2023,University of Qom,2001+,≤ 44.75,2421,1967,2372,2485,0,I184468904,fuzzy_name_0.82,"rank_* columns a-e of the site assumed = Research, Education, International Activity, Innovation, Societal Impact (table order; unverified)"
ISC World University Rankings,2023,University of Sistan & Baluchestan,2001+,≤ 44.75,2161,1520,2000,1935,0,I180634299,fuzzy_name_0.82,"rank_* columns a-e of the site assumed = Research, Education, International Activity, Innovation, Societal Impact (table order; unverified)"
ISC World University Rankings,2023,University Zanjan,2001+,≤ 44.75,1724,1716,1975,2085,0,I99861883,fuzzy_name_0.82,"rank_* columns a-e of the site assumed = Research, Education, International Activity, Innovation, Societal Impact (table order; unverified)"
ISC World University Rankings,2023,Urmia University,2001+,≤ 44.75,1809,1787,1551,2139,0,I38476204,fuzzy_name_0.82,"rank_* columns a-e of the site assumed = Research, Education, International Activity, Innovation, Societal Impact (table order; unverified)"
ISC World University Rankings,2023,Zahedan University of Medical Sciences,2001+,≤ 44.75,2059,587,1620,2022,0,I4210133472,fuzzy_name_0.82,"rank_* columns a-e of the site assumed = Research, Education, International Activity, Innovation, Societal Impact (table order; unverified)"
ISC World University Rankings,2024,University of Tehran,401-450,73.14-74.27,374,2106,504,1029,0,I23946033,fuzzy_name_0.82,"rank_* columns a-e of the site assumed = Research, Education, International Activity, Innovation, Societal Impact (table order; unverified)"
ISC World University Rankings,2024,Tehran University of Medical Sciences,501-600,70.16-72.01,449,266,392,2283,0,I70640408,fuzzy_name_0.82,"rank_* columns a-e of the site assumed = Research, Education, International Activity, Innovation, Societal Impact (table order; unverified)"
ISC World University Rankings,2024,Shahid Beheshti University Medical Sciences,601-700,68.52-70.14,636,341,464,2270,0,I58048189,fuzzy_name_0.82,"rank_* columns a-e of the site assumed = Research, Education, International Activity, Innovation, Societal Impact (table order; unverified)"
ISC World University Rankings,2024,Sharif University of Technology,601-700,68.52-70.14,617,2193,701,707,0,I133529467,fuzzy_name_0.82,"rank_* columns a-e of the site assumed = Research, Education, International Activity, Innovation, Societal Impact (table order; unverified)"
ISC World University Rankings,2024,Tarbiat Modares University,601-700,68.52-70.14,620,935,683,962,0,I1516879,fuzzy_name_0.82,"rank_* columns a-e of the site assumed = Research, Education, International Activity, Innovation, Societal Impact (table order; unverified)"
ISC World University Rankings,2024,Amirkabir University of Technology,701-800,67.13-68.49,836,2155,765,602,0,I158248296,fuzzy_name_0.82,"rank_* columns a-e of the site assumed = Research, Education, International Activity, Innovation, Societal Impact (table order; unverified)"
ISC World University Rankings,2024,Iran University of Medical Sciences,801-900,65.64-67.1,795,212,519,2119,0,I161106909,fuzzy_name_0.82,"rank_* columns a-e of the site assumed = Research, Education, International Activity, Innovation, Societal Impact (table order; unverified)"
ISC World University Rankings,2024,Isfahan University of Technology,801-900,65.64-67.1,802,2024,1145,1465,0,I170013655,fuzzy_name_0.82,"rank_* columns a-e of the site assumed = Research, Education, International Activity, Innovation, Societal Impact (table order; unverified)"
ISC World University Rankings,2024,Tabriz University of Medical Science,801-900,65.64-67.1,782,758,676,2243,0,I163205636,fuzzy_name_0.82,"rank_* columns a-e of the site assumed = Research, Education, International Activity, Innovation, Societal Impact (table order; unverified)"
ISC World University Rankings,2024,Ferdowsi University Mashhad,901-1000,64.38-65.61,923,2389,1102,1485,0,I86958956,fuzzy_name_0.82,"rank_* columns a-e of the site assumed = Research, Education, International Activity, Innovation, Societal Impact (table order; unverified)"
ISC World University Rankings,2024,Iran University Science & Technology,901-1000,64.38-65.61,891,2460,1041,1583,0,I67009956,fuzzy_name_0.82,"rank_* columns a-e of the site assumed = Research, Education, International Activity, Innovation, Societal Impact (table order; unverified)"
ISC World University Rankings,2024,Mashhad University of Medical Sciences,901-1000,64.38-65.61,883,356,580,2055,0,I165560825,fuzzy_name_0.82,"rank_* columns a-e of the site assumed = Research, Education, International Activity, Innovation, Societal Impact (table order; unverified)"
ISC World University Rankings,2024,Shiraz University of Medical Science,901-1000,64.38-65.61,914,670,679,2248,0,I194604659,fuzzy_name_0.82,"rank_* columns a-e of the site assumed = Research, Education, International Activity, Innovation, Societal Impact (table order; unverified)"
ISC World University Rankings,2024,University of Tabriz,901-1000,64.38-65.61,843,2402,907,2355,0,I41832843,fuzzy_name_0.82,"rank_* columns a-e of the site assumed = Research, Education, International Activity, Innovation, Societal Impact (table order; unverified)"
ISC World University Rankings,2024,Isfahan University of Medical Sciences,1001-1200,61.96-64.35,1100,551,917,2201,0,I114982161,fuzzy_name_0.82,"rank_* columns a-e of the site assumed = Research, Education, International Activity, Innovation, Societal Impact (table order; unverified)"
ISC World University Rankings,2024,Kermanshah University of Medical Sciences,1001-1200,61.96-64.35,1107,377,1153,2040,0,I39642139,fuzzy_name_0.82,"rank_* columns a-e of the site assumed = Research, Education, International Activity, Innovation, Societal Impact (table order; unverified)"
ISC World University Rankings,2024,Shahid Beheshti University,1001-1200,61.96-64.35,903,2021,1018,2166,0,I48379061,fuzzy_name_0.82,"rank_* columns a-e of the site assumed = Research, Education, International Activity, Innovation, Societal Impact (table order; unverified)"
ISC World University Rankings,2024,Shiraz University,1001-1200,61.96-64.35,933,2146,958,2321,0,I166459259,fuzzy_name_0.82,"rank_* columns a-e of the site assumed = Research, Education, International Activity, Innovation, Societal Impact (table order; unverified)"
ISC World University Rankings,2024,K. N. Toosi University of Technology,1201-1400,59.88-61.94,1264,2303,1460,1472,0,I80543232,fuzzy_name_0.82,"rank_* columns a-e of the site assumed = Research, Education, International Activity, Innovation, Societal Impact (table order; unverified)"
ISC World University Rankings,2024,Ahvaz Jundishapur University of Medical Sciences (AJUMS),1401-1600,57.88-59.86,1448,445,707,1990,0,I119939603,fuzzy_name_0.82,"rank_* columns a-e of the site assumed = Research, Education, International Activity, Innovation, Societal Impact (table order; unverified)"
ISC World University Rankings,2024,Hamadan University of Medical Sciences,1401-1600,57.88-59.86,1538,370,1686,2040,0,I112312016,fuzzy_name_0.82,"rank_* columns a-e of the site assumed = Research, Education, International Activity, Innovation, Societal Impact (table order; unverified)"
ISC World University Rankings,2024,Kerman University of Medical Sciences,1401-1600,57.88-59.86,1417,754,1167,2130,0,I235686326,fuzzy_name_0.82,"rank_* columns a-e of the site assumed = Research, Education, International Activity, Innovation, Societal Impact (table order; unverified)"
ISC World University Rankings,2024,Mazandaran University of Medical Sciences,1401-1600,57.88-59.86,1426,1708,1124,2018,0,I88085062,fuzzy_name_0.82,"rank_* columns a-e of the site assumed = Research, Education, International Activity, Innovation, Societal Impact (table order; unverified)"
ISC World University Rankings,2024,Shahid Bahonar University of Kerman (SBUK),1401-1600,57.88-59.86,1489,2162,1514,2343,0,I115566878,fuzzy_name_0.82,"rank_* columns a-e of the site assumed = Research, Education, International Activity, Innovation, Societal Impact (table order; unverified)"
ISC World University Rankings,2024,University of Guilan,1401-1600,57.88-59.86,1338,2448,1677,2490,0,I877176835,fuzzy_name_0.82,"rank_* columns a-e of the site assumed = Research, Education, International Activity, Innovation, Societal Impact (table order; unverified)"
ISC World University Rankings,2024,University of Isfahan,1401-1600,57.88-59.86,1382,2181,1633,2475,0,I39268498,fuzzy_name_0.82,"rank_* columns a-e of the site assumed = Research, Education, International Activity, Innovation, Societal Impact (table order; unverified)"
ISC World University Rankings,2024,Babol Noshirvani University of Technology,1601-1800,56.08-57.85,1681,2422,1893,2270,0,I84248293,fuzzy_name_0.82,"rank_* columns a-e of the site assumed = Research, Education, International Activity, Innovation, Societal Impact (table order; unverified)"
ISC World University Rankings,2024,Babol University of Medical Sciences,1601-1800,56.08-57.85,1558,744,1773,1784,0,I70876197,fuzzy_name_0.82,"rank_* columns a-e of the site assumed = Research, Education, International Activity, Innovation, Societal Impact (table order; unverified)"
ISC World University Rankings,2024,Baqiyatallah University of Medical Sciences (BMSU),1601-1800,56.08-57.85,1784,345,1775,1617,0,I120514687,fuzzy_name_0.82,"rank_* columns a-e of the site assumed = Research, Education, International Activity, Innovation, Societal Impact (table order; unverified)"
ISC World University Rankings,2024,Bu Ali Sina University,1601-1800,56.08-57.85,1557,2223,1897,1453,0,I167694869,fuzzy_name_0.82,"rank_* columns a-e of the site assumed = Research, Education, International Activity, Innovation, Societal Impact (table order; unverified)"
ISC World University Rankings,2024,Institute for Advanced Studies in Basic Sciences (IASBS),1601-1800,56.08-57.85,1665,476,1786,1886,0,I161028277,fuzzy_name_0.82,"rank_* columns a-e of the site assumed = Research, Education, International Activity, Innovation, Societal Impact (table order; unverified)"
ISC World University Rankings,2024,Qazvin University of Medical Sciences (QUMS),1601-1800,56.08-57.85,1752,398,1737,1803,0,I64532579,fuzzy_name_0.82,"rank_* columns a-e of the site assumed = Research, Education, International Activity, Innovation, Societal Impact (table order; unverified)"
ISC World University Rankings,2024,Razi University,1601-1800,56.08-57.85,1684,2316,1952,2475,0,I1187138,fuzzy_name_0.82,"rank_* columns a-e of the site assumed = Research, Education, International Activity, Innovation, Societal Impact (table order; unverified)"
ISC World University Rankings,2024,Shahid Chamran University of Ahvaz,1601-1800,56.08-57.85,1673,2238,1813,2094,0,I196051555,fuzzy_name_0.82,"rank_* columns a-e of the site assumed = Research, Education, International Activity, Innovation, Societal Impact (table order; unverified)"
ISC World University Rankings,2024,Shahrekord University Medical Sciences,1601-1800,56.08-57.85,1783,429,1643,1767,0,I170350485,fuzzy_name_0.82,"rank_* columns a-e of the site assumed = Research, Education, International Activity, Innovation, Societal Impact (table order; unverified)"
ISC World University Rankings,2024,Shahrood University of Technology,1601-1800,56.08-57.85,1554,2172,1599,2364,0,I133529467,fuzzy_name_0.82,"rank_* columns a-e of the site assumed = Research, Education, International Activity, Innovation, Societal Impact (table order; unverified)"
ISC World University Rankings,2024,University Kashan,1601-1800,56.08-57.85,1587,2216,2035,1974,0,I105818395,fuzzy_name_0.82,"rank_* columns a-e of the site assumed = Research, Education, International Activity, Innovation, Societal Impact (table order; unverified)"
ISC World University Rankings,2024,University of Kurdistan,1601-1800,56.08-57.85,1701,2377,1552,2377,0,I3124704065,fuzzy_name_0.82,"rank_* columns a-e of the site assumed = Research, Education, International Activity, Innovation, Societal Impact (table order; unverified)"
ISC World University Rankings,2024,University of Mohaghegh Ardabili,1601-1800,56.08-57.85,1624,2396,1778,2082,0,I72341708,fuzzy_name_0.82,"rank_* columns a-e of the site assumed = Research, Education, International Activity, Innovation, Societal Impact (table order; unverified)"
ISC World University Rankings,2024,University of Yazd,1601-1800,56.08-57.85,1679,2356,1676,2301,0,I41832843,fuzzy_name_0.82,"rank_* columns a-e of the site assumed = Research, Education, International Activity, Innovation, Societal Impact (table order; unverified)"
ISC World University Rankings,2024,Urmia University,1601-1800,56.08-57.85,1664,2162,1470,2136,0,I38476204,fuzzy_name_0.82,"rank_* columns a-e of the site assumed = Research, Education, International Activity, Innovation, Societal Impact (table order; unverified)"
ISC World University Rankings,2024,Urmia University of Medical Sciences,1601-1800,56.08-57.85,1707,1091,1327,2048,0,I4391767979,fuzzy_name_0.82,"rank_* columns a-e of the site assumed = Research, Education, International Activity, Innovation, Societal Impact (table order; unverified)"
ISC World University Rankings,2024,Golestan University of Medical Sciences,1801-2000,54.38-56.05,1869,274,1748,1814,0,I4210127922,fuzzy_name_0.82,"rank_* columns a-e of the site assumed = Research, Education, International Activity, Innovation, Societal Impact (table order; unverified)"
ISC World University Rankings,2024,Guilan University of Medical Sciences,1801-2000,54.38-56.05,1803,562,1498,1938,0,I204331812,fuzzy_name_0.82,"rank_* columns a-e of the site assumed = Research, Education, International Activity, Innovation, Societal Impact (table order; unverified)"
ISC World University Rankings,2024,Kharazmi University,1801-2000,54.38-56.05,1747,2207,1622,2211,0,I181744264,fuzzy_name_0.82,"rank_* columns a-e of the site assumed = Research, Education, International Activity, Innovation, Societal Impact (table order; unverified)"
ISC World University Rankings,2024,Kurdistan University of Medical Sciences,1801-2000,54.38-56.05,1915,482,1621,1823,0,I3122832768,fuzzy_name_0.82,"rank_* columns a-e of the site assumed = Research, Education, International Activity, Innovation, Societal Impact (table order; unverified)"
ISC World University Rankings,2024,Semnan University,1801-2000,54.38-56.05,1841,2447,1772,1590,0,I928334797,fuzzy_name_0.82,"rank_* columns a-e of the site assumed = Research, Education, International Activity, Innovation, Societal Impact (table order; unverified)"
ISC World University Rankings,2024,Semnan University of Medical Sciences,1801-2000,54.38-56.05,1927,655,1738,1868,0,I4210154083,fuzzy_name_0.82,"rank_* columns a-e of the site assumed = Research, Education, International Activity, Innovation, Societal Impact (table order; unverified)"
ISC World University Rankings,2024,University of Mazandaran,1801-2000,54.38-56.05,1903,2413,1828,2400,0,I4871159,fuzzy_name_0.82,"rank_* columns a-e of the site assumed = Research, Education, International Activity, Innovation, Societal Impact (table order; unverified)"
ISC World University Rankings,2024,University Zanjan,1801-2000,54.38-56.05,1771,2262,1973,2211,0,I99861883,fuzzy_name_0.82,"rank_* columns a-e of the site assumed = Research, Education, International Activity, Innovation, Societal Impact (table order; unverified)"
ISC World University Rankings,2024,Yasouj University,1801-2000,54.38-56.05,1786,2136,1588,1999,0,I3121641575,fuzzy_name_0.82,"rank_* columns a-e of the site assumed = Research, Education, International Activity, Innovation, Societal Impact (table order; unverified)"
ISC World University Rankings,2024,Alzahra University,2001+,≤ 54.36,2216,2327,2195,2400,0,I67080706,fuzzy_name_0.82,"rank_* columns a-e of the site assumed = Research, Education, International Activity, Innovation, Societal Impact (table order; unverified)"
ISC World University Rankings,2024,Arak University,2001+,≤ 54.36,2374,2258,2308,2136,0,I35510649,fuzzy_name_0.82,"rank_* columns a-e of the site assumed = Research, Education, International Activity, Innovation, Societal Impact (table order; unverified)"
ISC World University Rankings,2024,Ardabil University of Medical Sciences,2001+,≤ 54.36,1994,1166,1765,2004,0,I33103891,fuzzy_name_0.82,"rank_* columns a-e of the site assumed = Research, Education, International Activity, Innovation, Societal Impact (table order; unverified)"
ISC World University Rankings,2024,Azarbaijan Shahid Madani University,2001+,≤ 54.36,2025,2268,2383,1700,0,I51301133,fuzzy_name_0.82,"rank_* columns a-e of the site assumed = Research, Education, International Activity, Innovation, Societal Impact (table order; unverified)"
ISC World University Rankings,2024,Gorgan University of Agricultural Sciences & Natural Resources,2001+,≤ 54.36,2248,1939,2167,2623,0,I67388046,fuzzy_name_0.82,"rank_* columns a-e of the site assumed = Research, Education, International Activity, Innovation, Societal Impact (table order; unverified)"
ISC World University Rankings,2024,Graduate University of Advanced Technology,2001+,≤ 54.36,2385,130,2431,2455,0,I183263030,fuzzy_name_0.82,"rank_* columns a-e of the site assumed = Research, Education, International Activity, Innovation, Societal Impact (table order; unverified)"
ISC World University Rankings,2024,Imam Khomeini International University,2001+,≤ 54.36,1998,2037,2234,2164,0,I69425150,fuzzy_name_0.82,"rank_* columns a-e of the site assumed = Research, Education, International Activity, Innovation, Societal Impact (table order; unverified)"
ISC World University Rankings,2024,Lorestan University,2001+,≤ 54.36,2165,2250,2147,2562,0,I3123046734,fuzzy_name_0.82,"rank_* columns a-e of the site assumed = Research, Education, International Activity, Innovation, Societal Impact (table order; unverified)"
ISC World University Rankings,2024,Lorestan University of Medical Sciences,2001+,≤ 54.36,2185,389,1951,1977,0,I3121602497,fuzzy_name_0.82,"rank_* columns a-e of the site assumed = Research, Education, International Activity, Innovation, Societal Impact (table order; unverified)"
ISC World University Rankings,2024,Malek Ashtar University of Technology,2001+,≤ 54.36,2613,284,2657,2420,0,I78323350,fuzzy_name_0.82,"rank_* columns a-e of the site assumed = Research, Education, International Activity, Innovation, Societal Impact (table order; unverified)"
ISC World University Rankings,2024,Persian Gulf University,2001+,≤ 54.36,2503,2077,2115,2641,0,I90767664,fuzzy_name_0.82,"rank_* columns a-e of the site assumed = Research, Education, International Activity, Innovation, Societal Impact (table order; unverified)"
ISC World University Rankings,2024,Sahand University of Technology,2001+,≤ 54.36,2193,2346,2314,1630,0,I107853901,fuzzy_name_0.82,"rank_* columns a-e of the site assumed = Research, Education, International Activity, Innovation, Societal Impact (table order; unverified)"
ISC World University Rankings,2024,Shahed University,2001+,≤ 54.36,2335,1736,1931,2104,0,I119025939,fuzzy_name_0.82,"rank_* columns a-e of the site assumed = Research, Education, International Activity, Innovation, Societal Impact (table order; unverified)"
ISC World University Rankings,2024,Shahid Rajaee Teacher Training University (SRTTU),2001+,≤ 54.36,2234,2281,2219,1676,0,I83123760,fuzzy_name_0.82,"rank_* columns a-e of the site assumed = Research, Education, International Activity, Innovation, Societal Impact (table order; unverified)"
ISC World University Rankings,2024,Shahrekord University,2001+,≤ 54.36,2159,1775,1903,1913,0,I127908078,fuzzy_name_0.82,"rank_* columns a-e of the site assumed = Research, Education, International Activity, Innovation, Societal Impact (table order; unverified)"
ISC World University Rankings,2024,Shiraz University of Technology,2001+,≤ 54.36,2298,1143,1964,2463,0,I204490172,fuzzy_name_0.82,"rank_* columns a-e of the site assumed = Research, Education, International Activity, Innovation, Societal Impact (table order; unverified)"
ISC World University Rankings,2024,University of Birjand,2001+,≤ 54.36,2299,2464,2394,2278,0,I97626857,fuzzy_name_0.82,"rank_* columns a-e of the site assumed = Research, Education, International Activity, Innovation, Societal Impact (table order; unverified)"
ISC World University Rankings,2024,University of Maragheh,2001+,≤ 54.36,2161,2228,2020,2211,0,I143318147,fuzzy_name_0.82,"rank_* columns a-e of the site assumed = Research, Education, International Activity, Innovation, Societal Impact (table order; unverified)"
ISC World University Rankings,2024,University of Qom,2001+,≤ 54.36,2424,2539,2450,2426,0,I184468904,fuzzy_name_0.82,"rank_* columns a-e of the site assumed = Research, Education, International Activity, Innovation, Societal Impact (table order; unverified)"
ISC World University Rankings,2024,University of Sistan & Baluchestan,2001+,≤ 54.36,2323,1940,2243,2136,0,I180634299,fuzzy_name_0.82,"rank_* columns a-e of the site assumed = Research, Education, International Activity, Innovation, Societal Impact (table order; unverified)"
ISC World University Rankings,2024,Zahedan University of Medical Sciences,2001+,≤ 54.36,2006,827,1604,1942,0,I4210133472,fuzzy_name_0.82,"rank_* columns a-e of the site assumed = Research, Education, International Activity, Innovation, Societal Impact (table order; unverified)"
ISC World University Rankings,2025,University of Tehran,451-500,68.99-70.18,400,2153,465,1138,556,I23946033,fuzzy_name_0.82,"rank_* columns a-e of the site assumed = Research, Education, International Activity, Innovation, Societal Impact (table order; unverified)"
ISC World University Rankings,2025,Tehran University of Medical Sciences,501-600,67.03-68.97,373,255,924,2363,307,I70640408,fuzzy_name_0.82,"rank_* columns a-e of the site assumed = Research, Education, International Activity, Innovation, Societal Impact (table order; unverified)"
ISC World University Rankings,2025,Shahid Beheshti University Medical Sciences,601-700,65.38-66.99,560,340,440,2342,427,I58048189,fuzzy_name_0.82,"rank_* columns a-e of the site assumed = Research, Education, International Activity, Innovation, Societal Impact (table order; unverified)"
ISC World University Rankings,2025,Iran University of Medical Sciences,701-800,63.85-65.37,696,214,851,2221,410,I161106909,fuzzy_name_0.82,"rank_* columns a-e of the site assumed = Research, Education, International Activity, Innovation, Societal Impact (table order; unverified)"
ISC World University Rankings,2025,Sharif University of Technology,701-800,63.85-65.37,721,2249,656,804,1397,I133529467,fuzzy_name_0.82,"rank_* columns a-e of the site assumed = Research, Education, International Activity, Innovation, Societal Impact (table order; unverified)"
ISC World University Rankings,2025,Amirkabir University of Technology,801-900,62.08-63.84,877,2264,611,774,1475,I158248296,fuzzy_name_0.82,"rank_* columns a-e of the site assumed = Research, Education, International Activity, Innovation, Societal Impact (table order; unverified)"
ISC World University Rankings,2025,Tarbiat Modares University,801-900,62.08-63.84,693,864,1250,1143,851,I1516879,fuzzy_name_0.82,"rank_* columns a-e of the site assumed = Research, Education, International Activity, Innovation, Societal Impact (table order; unverified)"
ISC World University Rankings,2025,Shiraz University of Medical Science,901-1000,60.78-62.06,812,665,988,2370,796,I194604659,fuzzy_name_0.82,"rank_* columns a-e of the site assumed = Research, Education, International Activity, Innovation, Societal Impact (table order; unverified)"
ISC World University Rankings,2025,Tabriz University of Medical Science,901-1000,60.78-62.06,743,743,1346,2320,572,I163205636,fuzzy_name_0.82,"rank_* columns a-e of the site assumed = Research, Education, International Activity, Innovation, Societal Impact (table order; unverified)"
ISC World University Rankings,2025,Ferdowsi University Mashhad,1001-1200,58.39-60.77,984,2446,1013,1791,1321,I86958956,fuzzy_name_0.82,"rank_* columns a-e of the site assumed = Research, Education, International Activity, Innovation, Societal Impact (table order; unverified)"
ISC World University Rankings,2025,Iran University Science & Technology,1001-1200,58.39-60.77,915,2512,756,1651,1405,I67009956,fuzzy_name_0.82,"rank_* columns a-e of the site assumed = Research, Education, International Activity, Innovation, Societal Impact (table order; unverified)"
ISC World University Rankings,2025,Isfahan University of Medical Sciences,1001-1200,58.39-60.77,962,542,1170,2314,687,I114982161,fuzzy_name_0.82,"rank_* columns a-e of the site assumed = Research, Education, International Activity, Innovation, Societal Impact (table order; unverified)"
ISC World University Rankings,2025,Mashhad University of Medical Sciences,1001-1200,58.39-60.77,811,362,1421,2121,947,I165560825,fuzzy_name_0.82,"rank_* columns a-e of the site assumed = Research, Education, International Activity, Innovation, Societal Impact (table order; unverified)"
ISC World University Rankings,2025,University of Tabriz,1001-1200,58.39-60.77,894,2469,823,2370,1450,I41832843,fuzzy_name_0.82,"rank_* columns a-e of the site assumed = Research, Education, International Activity, Innovation, Societal Impact (table order; unverified)"
ISC World University Rankings,2025,Isfahan University of Technology,1201-1400,56.18-58.38,848,2074,1748,1791,1449,I170013655,fuzzy_name_0.82,"rank_* columns a-e of the site assumed = Research, Education, International Activity, Innovation, Societal Impact (table order; unverified)"
ISC World University Rankings,2025,Kermanshah University of Medical Sciences,1201-1400,56.18-58.38,1116,377,1782,1663,974,I39642139,fuzzy_name_0.82,"rank_* columns a-e of the site assumed = Research, Education, International Activity, Innovation, Societal Impact (table order; unverified)"
ISC World University Rankings,2025,Shahid Beheshti University,1201-1400,56.18-58.38,978,2069,1787,2249,1106,I48379061,fuzzy_name_0.82,"rank_* columns a-e of the site assumed = Research, Education, International Activity, Innovation, Societal Impact (table order; unverified)"
ISC World University Rankings,2025,Shiraz University,1201-1400,56.18-58.38,1053,2198,859,2322,1465,I166459259,fuzzy_name_0.82,"rank_* columns a-e of the site assumed = Research, Education, International Activity, Innovation, Societal Impact (table order; unverified)"
ISC World University Rankings,2025,Ahvaz Jundishapur University of Medical Sciences (AJUMS),1401-1600,54.01-56.16,1435,456,1481,2085,1139,I119939603,fuzzy_name_0.82,"rank_* columns a-e of the site assumed = Research, Education, International Activity, Innovation, Societal Impact (table order; unverified)"
ISC World University Rankings,2025,K. N. Toosi University of Technology,1401-1600,54.01-56.16,1393,2351,1520,1781,1910,I80543232,fuzzy_name_0.82,"rank_* columns a-e of the site assumed = Research, Education, International Activity, Innovation, Societal Impact (table order; unverified)"
ISC World University Rankings,2025,Kerman University of Medical Sciences,1401-1600,54.01-56.16,1384,755,1425,2214,1090,I235686326,fuzzy_name_0.82,"rank_* columns a-e of the site assumed = Research, Education, International Activity, Innovation, Societal Impact (table order; unverified)"
ISC World University Rankings,2025,University of Isfahan,1401-1600,54.01-56.16,1423,2241,1384,2516,1303,I39268498,fuzzy_name_0.82,"rank_* columns a-e of the site assumed = Research, Education, International Activity, Innovation, Societal Impact (table order; unverified)"
ISC World University Rankings,2025,Babol University of Medical Sciences,1601-1800,52.3-53.99,1610,724,1909,1885,2212,I70876197,fuzzy_name_0.82,"rank_* columns a-e of the site assumed = Research, Education, International Activity, Innovation, Societal Impact (table order; unverified)"
ISC World University Rankings,2025,Bu Ali Sina University,1601-1800,52.3-53.99,1698,2276,1592,1718,1790,I167694869,fuzzy_name_0.82,"rank_* columns a-e of the site assumed = Research, Education, International Activity, Innovation, Societal Impact (table order; unverified)"
ISC World University Rankings,2025,Guilan University of Medical Sciences,1601-1800,52.3-53.99,1814,550,1688,2058,1801,I204331812,fuzzy_name_0.82,"rank_* columns a-e of the site assumed = Research, Education, International Activity, Innovation, Societal Impact (table order; unverified)"
ISC World University Rankings,2025,Hamadan University of Medical Sciences,1601-1800,52.3-53.99,1479,368,2179,2151,1413,I112312016,fuzzy_name_0.82,"rank_* columns a-e of the site assumed = Research, Education, International Activity, Innovation, Societal Impact (table order; unverified)"
ISC World University Rankings,2025,Mazandaran University of Medical Sciences,1601-1800,52.3-53.99,1514,1744,1518,2040,1808,I88085062,fuzzy_name_0.82,"rank_* columns a-e of the site assumed = Research, Education, International Activity, Innovation, Societal Impact (table order; unverified)"
ISC World University Rankings,2025,Qazvin University of Medical Sciences (QUMS),1601-1800,52.3-53.99,1711,398,1946,1820,1724,I64532579,fuzzy_name_0.82,"rank_* columns a-e of the site assumed = Research, Education, International Activity, Innovation, Societal Impact (table order; unverified)"
ISC World University Rankings,2025,Shahrekord University Medical Sciences,1601-1800,52.3-53.99,1703,433,1737,1802,2278,I170350485,fuzzy_name_0.82,"rank_* columns a-e of the site assumed = Research, Education, International Activity, Innovation, Societal Impact (table order; unverified)"
ISC World University Rankings,2025,University of Guilan,1601-1800,52.3-53.99,1478,2495,1537,2668,2261,I877176835,fuzzy_name_0.82,"rank_* columns a-e of the site assumed = Research, Education, International Activity, Innovation, Societal Impact (table order; unverified)"
ISC World University Rankings,2025,Baqiyatallah University of Medical Sciences (BMSU),1801-2000,50.67-52.29,2076,343,2237,1432,1211,I120514687,fuzzy_name_0.82,"rank_* columns a-e of the site assumed = Research, Education, International Activity, Innovation, Societal Impact (table order; unverified)"
ISC World University Rankings,2025,Birjand University of Medical Sciences,1801-2000,50.67-52.29,1849,1105,2201,1897,1810,I95990688,fuzzy_name_0.82,"rank_* columns a-e of the site assumed = Research, Education, International Activity, Innovation, Societal Impact (table order; unverified)"
ISC World University Rankings,2025,Kharazmi University,1801-2000,50.67-52.29,1826,2261,1603,2214,1867,I181744264,fuzzy_name_0.82,"rank_* columns a-e of the site assumed = Research, Education, International Activity, Innovation, Societal Impact (table order; unverified)"
ISC World University Rankings,2025,Kurdistan University of Medical Sciences,1801-2000,50.67-52.29,1962,495,1749,1872,2031,I3122832768,fuzzy_name_0.82,"rank_* columns a-e of the site assumed = Research, Education, International Activity, Innovation, Societal Impact (table order; unverified)"
ISC World University Rankings,2025,Razi University,1801-2000,50.67-52.29,1864,2346,1711,1803,2112,I1187138,fuzzy_name_0.82,"rank_* columns a-e of the site assumed = Research, Education, International Activity, Innovation, Societal Impact (table order; unverified)"
ISC World University Rankings,2025,Shahid Bahonar University of Kerman (SBUK),1801-2000,50.67-52.29,1676,2221,1505,2196,2045,I115566878,fuzzy_name_0.82,"rank_* columns a-e of the site assumed = Research, Education, International Activity, Innovation, Societal Impact (table order; unverified)"
ISC World University Rankings,2025,Shahid Chamran University of Ahvaz,1801-2000,50.67-52.29,1779,2285,1732,2095,2332,I196051555,fuzzy_name_0.82,"rank_* columns a-e of the site assumed = Research, Education, International Activity, Innovation, Societal Impact (table order; unverified)"
ISC World University Rankings,2025,Shahid Sadoughi University of Medical Sciences,1801-2000,50.67-52.29,1979,889,1687,2336,1763,I71736372,fuzzy_name_0.82,"rank_* columns a-e of the site assumed = Research, Education, International Activity, Innovation, Societal Impact (table order; unverified)"
ISC World University Rankings,2025,Shahrood University of Technology,1801-2000,50.67-52.29,1823,2252,1617,2484,2375,I133529467,fuzzy_name_0.82,"rank_* columns a-e of the site assumed = Research, Education, International Activity, Innovation, Societal Impact (table order; unverified)"
ISC World University Rankings,2025,Urmia University,1801-2000,50.67-52.29,1698,2221,1558,2302,1791,I38476204,fuzzy_name_0.82,"rank_* columns a-e of the site assumed = Research, Education, International Activity, Innovation, Societal Impact (table order; unverified)"
ISC World University Rankings,2025,Urmia University of Medical Sciences,1801-2000,50.67-52.29,1819,1101,1676,2126,1699,I4391767979,fuzzy_name_0.82,"rank_* columns a-e of the site assumed = Research, Education, International Activity, Innovation, Societal Impact (table order; unverified)"
ISC World University Rankings,2025,Alborz University of Medical Sciences,2001+,≤ 50.66,1939,2517,2087,1980,2738,I4387153077,fuzzy_name_0.82,"rank_* columns a-e of the site assumed = Research, Education, International Activity, Innovation, Societal Impact (table order; unverified)"
ISC World University Rankings,2025,Alzahra University,2001+,≤ 50.66,2340,2374,1925,2489,2509,I67080706,fuzzy_name_0.82,"rank_* columns a-e of the site assumed = Research, Education, International Activity, Innovation, Societal Impact (table order; unverified)"
ISC World University Rankings,2025,Arak University,2001+,≤ 50.66,2436,2300,2119,2126,2359,I35510649,fuzzy_name_0.82,"rank_* columns a-e of the site assumed = Research, Education, International Activity, Innovation, Societal Impact (table order; unverified)"
ISC World University Rankings,2025,Ardabil University of Medical Sciences,2001+,≤ 50.66,2267,1168,2329,2178,2413,I33103891,fuzzy_name_0.82,"rank_* columns a-e of the site assumed = Research, Education, International Activity, Innovation, Societal Impact (table order; unverified)"
ISC World University Rankings,2025,Azarbaijan Shahid Madani University,2001+,≤ 50.66,2182,2316,1957,1946,2453,I51301133,fuzzy_name_0.82,"rank_* columns a-e of the site assumed = Research, Education, International Activity, Innovation, Societal Impact (table order; unverified)"
ISC World University Rankings,2025,Babol Noshirvani University of Technology,2001+,≤ 50.66,1923,2465,1986,2489,2607,I84248293,fuzzy_name_0.82,"rank_* columns a-e of the site assumed = Research, Education, International Activity, Innovation, Societal Impact (table order; unverified)"
ISC World University Rankings,2025,Damghan University,2001+,≤ 50.66,2386,2295,2048,1894,2690,I192805215,fuzzy_name_0.82,"rank_* columns a-e of the site assumed = Research, Education, International Activity, Innovation, Societal Impact (table order; unverified)"
ISC World University Rankings,2025,Golestan University of Medical Sciences,2001+,≤ 50.66,2032,273,2497,1881,2305,I4210127922,fuzzy_name_0.82,"rank_* columns a-e of the site assumed = Research, Education, International Activity, Innovation, Societal Impact (table order; unverified)"
ISC World University Rankings,2025,Gorgan University of Agricultural Sciences & Natural Resources,2001+,≤ 50.66,2328,2002,1762,2567,1789,I67388046,fuzzy_name_0.82,"rank_* columns a-e of the site assumed = Research, Education, International Activity, Innovation, Societal Impact (table order; unverified)"
ISC World University Rankings,2025,Graduate University of Advanced Technology,2001+,≤ 50.66,2564,129,2508,2532,2659,I183263030,fuzzy_name_0.82,"rank_* columns a-e of the site assumed = Research, Education, International Activity, Innovation, Societal Impact (table order; unverified)"
ISC World University Rankings,2025,Imam Khomeini International University,2001+,≤ 50.66,2269,2090,2008,2040,2567,I69425150,fuzzy_name_0.82,"rank_* columns a-e of the site assumed = Research, Education, International Activity, Innovation, Societal Impact (table order; unverified)"
ISC World University Rankings,2025,Institute for Advanced Studies in Basic Sciences (IASBS),2001+,≤ 50.66,2206,491,2233,2093,2551,I161028277,fuzzy_name_0.82,"rank_* columns a-e of the site assumed = Research, Education, International Activity, Innovation, Societal Impact (table order; unverified)"
ISC World University Rankings,2025,Lorestan University,2001+,≤ 50.66,2262,2296,1943,2532,1983,I3123046734,fuzzy_name_0.82,"rank_* columns a-e of the site assumed = Research, Education, International Activity, Innovation, Societal Impact (table order; unverified)"
ISC World University Rankings,2025,Lorestan University of Medical Sciences,2001+,≤ 50.66,2211,390,2275,2051,1969,I3121602497,fuzzy_name_0.82,"rank_* columns a-e of the site assumed = Research, Education, International Activity, Innovation, Societal Impact (table order; unverified)"
ISC World University Rankings,2025,Payame Noor University,2001+,≤ 50.66,1832,2746,1701,2684,1846,I55547365,fuzzy_name_0.82,"rank_* columns a-e of the site assumed = Research, Education, International Activity, Innovation, Societal Impact (table order; unverified)"
ISC World University Rankings,2025,Persian Gulf University,2001+,≤ 50.66,2561,2130,1961,2733,2542,I90767664,fuzzy_name_0.82,"rank_* columns a-e of the site assumed = Research, Education, International Activity, Innovation, Societal Impact (table order; unverified)"
ISC World University Rankings,2025,Sahand University of Technology,2001+,≤ 50.66,2326,2385,2035,1767,2703,I107853901,fuzzy_name_0.82,"rank_* columns a-e of the site assumed = Research, Education, International Activity, Innovation, Societal Impact (table order; unverified)"
ISC World University Rankings,2025,Semnan University,2001+,≤ 50.66,1915,2507,1774,2151,2151,I928334797,fuzzy_name_0.82,"rank_* columns a-e of the site assumed = Research, Education, International Activity, Innovation, Societal Impact (table order; unverified)"
ISC World University Rankings,2025,Semnan University of Medical Sciences,2001+,≤ 50.66,2115,649,1899,1970,1981,I4210154083,fuzzy_name_0.82,"rank_* columns a-e of the site assumed = Research, Education, International Activity, Innovation, Societal Impact (table order; unverified)"
ISC World University Rankings,2025,Shahed University,2001+,≤ 50.66,2481,1767,1990,2117,2684,I119025939,fuzzy_name_0.82,"rank_* columns a-e of the site assumed = Research, Education, International Activity, Innovation, Societal Impact (table order; unverified)"
ISC World University Rankings,2025,Shahid Rajaee Teacher Training University (SRTTU),2001+,≤ 50.66,2428,2330,2470,1669,2719,I83123760,fuzzy_name_0.82,"rank_* columns a-e of the site assumed = Research, Education, International Activity, Innovation, Societal Impact (table order; unverified)"
ISC World University Rankings,2025,Shahrekord University,2001+,≤ 50.66,2190,1813,1913,2386,2282,I127908078,fuzzy_name_0.82,"rank_* columns a-e of the site assumed = Research, Education, International Activity, Innovation, Societal Impact (table order; unverified)"
ISC World University Rankings,2025,Shiraz University of Technology,2001+,≤ 50.66,2466,1148,1932,2523,2672,I204490172,fuzzy_name_0.82,"rank_* columns a-e of the site assumed = Research, Education, International Activity, Innovation, Societal Impact (table order; unverified)"
ISC World University Rankings,2025,University Kashan,2001+,≤ 50.66,1855,2288,1833,1912,2519,I105818395,fuzzy_name_0.82,"rank_* columns a-e of the site assumed = Research, Education, International Activity, Innovation, Societal Impact (table order; unverified)"
ISC World University Rankings,2025,University of Birjand,2001+,≤ 50.66,2514,2516,2375,2262,2678,I97626857,fuzzy_name_0.82,"rank_* columns a-e of the site assumed = Research, Education, International Activity, Innovation, Societal Impact (table order; unverified)"
ISC World University Rankings,2025,University of Kurdistan,2001+,≤ 50.66,1851,2425,1574,2171,2713,I3124704065,fuzzy_name_0.82,"rank_* columns a-e of the site assumed = Research, Education, International Activity, Innovation, Societal Impact (table order; unverified)"
ISC World University Rankings,2025,University of Maragheh,2001+,≤ 50.66,2299,2282,1804,2285,2517,I143318147,fuzzy_name_0.82,"rank_* columns a-e of the site assumed = Research, Education, International Activity, Innovation, Societal Impact (table order; unverified)"
ISC World University Rankings,2025,University of Mazandaran,2001+,≤ 50.66,1986,2462,1829,2443,2531,I4871159,fuzzy_name_0.82,"rank_* columns a-e of the site assumed = Research, Education, International Activity, Innovation, Societal Impact (table order; unverified)"
ISC World University Rankings,2025,University of Mohaghegh Ardabili,2001+,≤ 50.66,1921,2453,1651,2187,2099,I72341708,fuzzy_name_0.82,"rank_* columns a-e of the site assumed = Research, Education, International Activity, Innovation, Societal Impact (table order; unverified)"
ISC World University Rankings,2025,University of Qom,2001+,≤ 50.66,2558,2585,2187,2253,2674,I184468904,fuzzy_name_0.82,"rank_* columns a-e of the site assumed = Research, Education, International Activity, Innovation, Societal Impact (table order; unverified)"
ISC World University Rankings,2025,University of Sistan & Baluchestan,2001+,≤ 50.66,2551,1982,2059,2314,2426,I180634299,fuzzy_name_0.82,"rank_* columns a-e of the site assumed = Research, Education, International Activity, Innovation, Societal Impact (table order; unverified)"
ISC World University Rankings,2025,University of Yazd,2001+,≤ 50.66,1892,2396,1715,2095,1878,I41832843,fuzzy_name_0.82,"rank_* columns a-e of the site assumed = Research, Education, International Activity, Innovation, Societal Impact (table order; unverified)"
ISC World University Rankings,2025,University Zanjan,2001+,≤ 50.66,1899,2307,1710,2187,2459,I99861883,fuzzy_name_0.82,"rank_* columns a-e of the site assumed = Research, Education, International Activity, Innovation, Societal Impact (table order; unverified)"
ISC World University Rankings,2025,Yasouj University,2001+,≤ 50.66,1964,2186,1884,1971,2723,I3121641575,fuzzy_name_0.82,"rank_* columns a-e of the site assumed = Research, Education, International Activity, Innovation, Societal Impact (table order; unverified)"
ISC World University Rankings,2025,Zahedan University of Medical Sciences,2001+,≤ 50.66,1981,814,2154,1941,1783,I4210133472,fuzzy_name_0.82,"rank_* columns a-e of the site assumed = Research, Education, International Activity, Innovation, Societal Impact (table order; unverified)"
SCImago Institutions Rankings,,(not collected),,,,,,,,,blocked,scimagoir.com answers 403 (Cloudflare challenge) to non-browser clients; URL only: https://www.scimagoir.com/rankings.php?country=IRN&year=2025 (download is a browser export)
